product_ids,assembly1,market_year,plant_country,vehicle_type,pcUSCA_pct,pcOth1_pct1,pcOth1_code1,pcOth1_pct2,pcOth1_code2,raw_row_count,raw_rows_with_any_foreign_content,raw_primary_pair_count,raw_primary_country_count,raw_primary_countries,uses_collapsed_duplicate_row,year,make_model,costs,markups,engine_type,ev,hybrid,size,weight,hp,mpg,rer_pcOth1_code1_n2015,rer_pcOth1_code2_n2015,tw_rer_index,make,is_us_assembled,is_foreign_assembled,source_country_switch_count,source_country_stable,has_direct_primary_country,primary_source_country_consistent,canonical_exposure_ok
2016_acura_rlx,J,2016,Japan,PC,0.1,0.8,Japan,,,1,1,1,1,Japan,False,2016,acura_rlx,5.15548768929328,0.0912537810416801,ICE,0,0,14589.84,3986.0,310.0,24.0,0.8987878531868756,,1.0814600807837655,acura,False,True,1,True,True,True,True
2018_acura_rlx,J,2018,Japan,PC,0.125,0.85,Japan,,,2,2,2,1,Japan,True,2018,acura_rlx,4.665173507950756,0.0996863741729154,ICE,0,0,14738.64,3977.0,310.0,23.0,0.9122563353409684,,1.090866211405912,acura,False,True,1,True,True,True,True
2019_alfaromeo_giulia,I,2019,Italy,PC,0.0,0.69,Italy,,,1,1,1,1,Italy,False,2019,alfaromeo_giulia,3.555816566899972,0.1128729337702584,ICE,0,0,14553.22,3632.0,280.0,26.0,0.9911015224344233,,1.1122065556989225,alfaromeo,False,True,1,True,True,True,True
2020_alfaromeo_giulia,Cassino Italy,2020,Italy,PC,0.0,0.69,Italy,,,1,1,1,1,Italy,False,2020,alfaromeo_giulia,3.466717150378586,0.1327384611772391,ICE,0,0,14553.22,3576.5,280.0,26.5,0.9713856336917915,,1.1787105855307944,alfaromeo,False,True,1,True,True,True,True
2021_alfaromeo_giulia,Cassino Italy,2021,Italy,PC,0.0,0.69,Italy,,,1,1,1,1,Italy,False,2021,alfaromeo_giulia,3.374441656073825,0.1270274270133308,ICE,0,0,14553.22,3576.5,268.0,26.5,0.9380866465504657,,1.1329362836920225,alfaromeo,False,True,1,True,True,True,True
2022_alfaromeo_giulia,Cassino Italy,2022,Italy,PC,0.0,0.69,Italy,,,1,1,1,1,Italy,False,2022,alfaromeo_giulia,3.260494608485869,0.1263224933532646,ICE,0,0,14569.160000000002,3572.0,268.0,26.5,1.0536197956263276,,1.2063253999739498,alfaromeo,False,True,1,True,True,True,True
2023_alfaromeo_giulia,Cassino Italy,2023,Italy,PC,0.0,0.69,Italy,,,1,1,1,1,Italy,False,2023,alfaromeo_giulia,3.405420709393861,0.1194302526230046,ICE,0,0,14569.160000000002,3572.0,268.0,26.5,1.0261214117788637,,1.1685816287687563,alfaromeo,False,True,1,True,True,True,True
2024_alfaromeo_giulia,Cassino Italy,2024,Italy,PC,0.0,0.69,Italy,,,1,1,1,1,Italy,False,2024,alfaromeo_giulia,3.28872692277539,0.1257173498416601,ICE,0,0,14569.160000000002,3622.0,280.0,26.0,1.025067361218186,,1.22610340756905,alfaromeo,False,True,1,True,True,True,True
2019_alfaromeo_stelvio,I,2019,Italy,MPV,0.0,0.55,Italy,0.13,France,1,1,1,1,Italy,False,2019,alfaromeo_stelvio,3.6871352143487153,0.1109484692014186,ICE,0,0,13826.54,4044.0,280.0,24.0,0.9911015224344233,0.9911015224344233,1.1122065556989225,alfaromeo,False,True,1,True,True,True,True
2020_alfaromeo_stelvio,Cassni o Italy,2020,Italy,MPV,0.0,0.55,Italy,,,1,1,1,1,Italy,False,2020,alfaromeo_stelvio,3.6128398886087947,0.1295840748264391,ICE,0,0,13826.54,4044.0,280.0,24.0,0.9713856336917915,,1.1787105855307944,alfaromeo,False,True,1,True,True,True,True
2021_alfaromeo_stelvio,Cassni o Italy,2021,Italy,MPV,0.0,0.55,Italy,0.13,France,1,1,1,1,Italy,False,2021,alfaromeo_stelvio,3.527382976661504,0.1226925411216544,ICE,0,0,13826.54,4007.0,280.0,24.0,0.9380866465504657,0.9380866465504657,1.1329362836920225,alfaromeo,False,True,1,True,True,True,True
2022_alfaromeo_stelvio,Cassino Italy,2022,Italy,MPV,0.0,0.55,Italy,0.13,France,1,1,1,1,Italy,False,2022,alfaromeo_stelvio,3.466282790594826,0.1205069595166627,ICE,0,0,13826.54,4007.0,268.0,24.0,1.0536197956263276,1.0536197956263276,1.2063253999739498,alfaromeo,False,True,1,True,True,True,True
2023_alfaromeo_stelvio,Cassino Italy,2023,Italy,MPV,0.0,0.55,Italy,0.13,France,1,1,1,1,Italy,False,2023,alfaromeo_stelvio,3.6059394263287894,0.1156908963157216,ICE,0,0,13826.54,4007.0,268.0,24.0,1.0261214117788637,1.0261214117788637,1.1685816287687563,alfaromeo,False,True,1,True,True,True,True
2024_alfaromeo_stelvio,Cassino Italy,2024,Italy,MPV,0.0,0.55,Italy,0.13,France,1,1,1,1,Italy,False,2024,alfaromeo_stelvio,3.6657989843487346,0.1177896882202829,ICE,0,0,13826.54,4007.0,280.0,24.0,1.025067361218186,1.025067361218186,1.22610340756905,alfaromeo,False,True,1,True,True,True,True
2016_audi_a3,H,2016,Hungary,PC,0.0075,0.49,Hungary,0.365,Germany,4,4,4,1,Hungary,True,2016,audi_a3,3.1679642859839605,0.1306056638992399,ICE,0,0,13540.88,3301.5,170.0,27.0,1.007843102037894,1.002357729317206,1.0814600807837655,audi,False,True,2,False,True,True,False
2017_audi_a3,G,2017,Hungary,PC,0.006666666666666667,0.62,Germany,0.345,Hungary,3,3,3,1,Germany,True,2017,audi_a3,3.14573055137308,0.1313103175542254,ICE,0,0,13540.88,3362.0,186.0,28.0,0.9821469223782773,0.982461164740945,1.0889583645033811,audi,False,True,2,False,True,True,False
2018_audi_a3,H,2018,Hungary,PC,0.008,0.47800000000000004,Germany,0.4425,Hungary,5,5,5,2,Germany | Hungary,True,2018,audi_a3,3.145252901448501,0.1310624399533052,ICE,0,0,13548.6,3362.0,186.0,28.0,0.9395051898480684,0.9673477547367386,1.090866211405912,audi,False,True,2,False,True,False,False
2019_audi_a3,H,2019,Hungary,PC,0.01,0.445,Hungary,0.4,Germany,4,4,4,2,Germany | Hungary,True,2019,audi_a3,3.1230456426752418,0.1338140952804251,ICE,0,0,13548.6,3417.0,184.0,29.0,1.0405520302864868,0.9911015224344233,1.1122065556989225,audi,False,True,2,False,True,False,False
2020_audi_a3,G,2020,Hungary,PC,0.0,0.485,Germany,0.28,Hungary,2,2,2,1,Germany,True,2020,audi_a3,2.8409672020309467,0.1453751419357139,ICE,0,0,13548.6,3197.0,184.0,30.0,0.9713856336917915,1.1026166547036238,1.1787105855307944,audi,False,True,2,False,True,True,False
2022_audi_a3,G,2022,Germany,PC,0.01,0.5549999999999999,Germany,0.17,Hungary,2,2,2,1,Germany,True,2022,audi_a3,2.623612030451824,0.1495495517188954,ICE,0,0,13815.89,3329.0,201.0,32.0,1.0536197956263276,1.3338792775634771,1.2063253999739498,audi,False,True,2,False,True,True,False
2023_audi_a3,G,2023,Germany,PC,0.005,0.53,Germany,0.23,Hungary,2,2,2,1,Germany,True,2023,audi_a3,2.406676403030327,0.1726863199157848,ICE,0,0,13815.89,3318.0,201.0,32.0,1.0261214117788637,1.2640431503673937,1.1685816287687563,audi,False,True,2,False,True,True,False
2024_audi_a3,G,2024,Germany,PC,0.0,0.53,Germany,0.15,Hungary,2,2,2,1,Germany,True,2024,audi_a3,2.3868358345000837,0.164210477873525,ICE,0,0,13815.89,3318.0,201.0,32.0,1.025067361218186,1.3091596334117943,1.22610340756905,audi,False,True,2,False,True,True,False
2016_audi_a4,G,2016,Germany,PC,0.01,0.65,Germany,0.155,Hungary,2,2,2,1,Germany,True,2016,audi_a4,3.275120493958585,0.1272163905530037,ICE,0,0,14863.53,3693.0,220.0,25.0,1.002357729317206,1.007843102037894,1.0814600807837655,audi,False,True,1,True,True,True,True
2017_audi_a4,G,2017,Germany,PC,0.01,0.59,Germany,0.155,Hungary,2,2,2,1,Germany,True,2017,audi_a4,3.498572371935837,0.1196730334809342,ICE,0,0,14813.559999999998,3583.0,252.0,27.0,0.9821469223782773,0.982461164740945,1.0889583645033811,audi,False,True,1,True,True,True,True
2018_audi_a4,G,2018,Germany,PC,0.01,0.58,Germany,0.15666666666666665,Hungary,3,3,3,1,Germany,True,2018,audi_a4,3.5882814985283114,0.1199626070701059,ICE,0,0,14813.559999999998,3571.0,252.0,27.0,0.9395051898480684,0.9673477547367386,1.090866211405912,audi,False,True,1,True,True,True,True
2019_audi_a4,G,2019,Germany,PC,0.01,0.565,Germany,0.155,Hungary,2,2,2,1,Germany,True,2019,audi_a4,3.485451729122721,0.1234349262063142,ICE,0,0,14813.559999999998,3450.0,188.0,30.0,0.9911015224344233,1.0405520302864868,1.1122065556989225,audi,False,True,1,True,True,True,True
2020_audi_a4,G,2020,Germany,PC,0.01,0.52,Germany,0.17,Hungary,2,2,2,1,Germany,True,2020,audi_a4,3.2624861588282887,0.1310780923904629,ICE,0,0,14924.999999999998,3417.0,188.0,30.0,0.9713856336917915,1.1026166547036238,1.1787105855307944,audi,False,True,1,True,True,True,True
2021_audi_a4,G,2021,Germany,PC,0.02,0.43333333333333335,Germany,0.16,Hungary,3,3,3,1,Germany,True,2021,audi_a4,3.34408508548244,0.1269800796934696,ICE,0,0,14924.999999999998,3682.0,201.0,28.0,0.9380866465504657,1.0852329510529566,1.1329362836920225,audi,False,True,1,True,True,True,True
2022_audi_a4,G,2022,Germany,PC,0.02,0.49,Germany,0.16,Hungary,2,2,2,1,Germany,True,2022,audi_a4,3.133021240799356,0.1324333341398384,ICE,0,0,14924.999999999998,3682.0,201.0,29.0,1.0536197956263276,1.3338792775634771,1.2063253999739498,audi,False,True,1,True,True,True,True
2023_audi_a4,G,2023,Germany,PC,0.01,0.5,Germany,,,2,2,2,1,Germany,True,2023,audi_a4,3.019128009080963,0.1450321529647575,ICE,0,0,14924.999999999998,3638.0,201.0,28.0,1.0261214117788637,,1.1685816287687563,audi,False,True,1,True,True,True,True
2024_audi_a4,G,2024,Germany,PC,0.01,0.5,Germany,,,2,2,2,1,Germany,True,2024,audi_a4,2.939914526288674,0.1428732997746085,ICE,0,0,14924.999999999998,3638.0,201.0,30.0,1.025067361218186,,1.22610340756905,audi,False,True,1,True,True,True,True
2017_audi_a4allroad,G,2017,Germany,PC,0.015,0.53,Germany,0.19,Hungary,2,2,2,1,Germany,True,2017,audi_a4allroad,4.05355550916337,0.1080649473798978,ICE,0,0,14885.2,3825.0,252.0,25.0,0.9821469223782773,0.982461164740945,1.0889583645033811,audi,False,True,1,True,True,True,True
2018_audi_a4allroad,G,2018,Germany,MPV,0.01,0.58,Germany,,,1,1,1,1,Germany,False,2018,audi_a4allroad,3.958230170256092,0.111500039460258,ICE,0,0,14885.2,3825.0,252.0,25.0,0.9395051898480684,,1.090866211405912,audi,False,True,1,True,True,True,True
2019_audi_a4allroad,G,2019,Germany,MPV,0.01,0.54,Germany,,,1,1,1,1,Germany,False,2019,audi_a4allroad,4.182284329095316,0.1082452732946947,ICE,0,0,14885.2,3825.0,248.0,25.0,0.9911015224344233,,1.1122065556989225,audi,False,True,1,True,True,True,True
2023_audi_a4allroad,G,2023,Germany,MPV,0.01,0.46,Germany,,,1,1,1,1,Germany,False,2023,audi_a4allroad,3.431415058672313,0.1264133617240365,ICE,0,0,14924.999999999998,3847.0,261.0,26.0,1.0261214117788637,,1.1685816287687563,audi,False,True,1,True,True,True,True
2024_audi_a4allroad,G,2024,Germany,MPV,0.01,0.47,Germany,,,1,1,1,1,Germany,False,2024,audi_a4allroad,3.364188713498314,0.1302857995138795,ICE,0,0,14924.999999999998,3847.0,261.0,26.0,1.025067361218186,,1.22610340756905,audi,False,True,1,True,True,True,True
2016_audi_a5,G,2016,Germany,PC,0.01,0.67,Germany,0.15,Hungary,3,3,3,1,Germany,True,2016,audi_a5,3.83348484157022,0.1136963546279998,ICE,0,0,14476.95,3682.0,220.0,24.0,1.002357729317206,1.007843102037894,1.0814600807837655,audi,False,True,1,True,True,True,True
2017_audi_a5,G,2017,Germany,PC,0.01,0.6533333333333333,Germany,,,3,3,3,1,Germany,True,2017,audi_a5,3.597185545672312,0.118453239464065,ICE,0,0,14476.95,3682.0,220.0,24.0,0.9821469223782773,,1.0889583645033811,audi,False,True,1,True,True,True,True
2018_audi_a5,G,2018,Germany,PC,0.01,0.6024999999999999,Germany,0.16333333333333333,Hungary,4,4,4,1,Germany,True,2018,audi_a5,3.828311555172263,0.1143947896678645,ICE,0,0,14701.6,3704.0,252.0,27.0,0.9395051898480684,0.9673477547367386,1.090866211405912,audi,False,True,1,True,True,True,True
2019_audi_a5,G,2019,Germany,PC,0.0125,0.625,Germany,0.15333333333333332,Hungary,4,4,4,1,Germany,True,2019,audi_a5,4.001615826452176,0.1116553218246081,ICE,0,0,14885.370000000004,3726.0,248.0,27.0,0.9911015224344233,1.0405520302864868,1.1122065556989225,audi,False,True,1,True,True,True,True
2020_audi_a5,G,2020,Germany,PC,0.01,0.5066666666666667,Germany,0.155,Hungary,3,3,3,1,Germany,True,2020,audi_a5,3.7925944505137386,0.1131800581259385,ICE,0,0,14946.54,3726.0,248.0,27.0,0.9713856336917915,1.1026166547036238,1.1787105855307944,audi,False,True,1,True,True,True,True
2021_audi_a5,G,2021,Germany,PC,0.0175,0.46249999999999997,Germany,,,4,4,4,1,Germany,True,2021,audi_a5,3.7894524850280895,0.1138881349251102,ICE,0,0,14957.28,3759.0,261.0,28.0,0.9380866465504657,,1.1329362836920225,audi,False,True,1,True,True,True,True
2022_audi_a5,G,2022,Germany,PC,0.02,0.5075000000000001,Germany,0.15,Hungary,4,4,4,1,Germany,True,2022,audi_a5,3.648887321396996,0.1146458109035148,ICE,0,0,14938.559999999998,3759.0,261.0,27.0,1.0536197956263276,1.3338792775634771,1.2063253999739498,audi,False,True,1,True,True,True,True
2023_audi_a5,G,2023,Germany,PC,0.01,0.4775,Germany,,,4,4,4,1,Germany,True,2023,audi_a5,3.531648878329587,0.1234597422252628,ICE,0,0,14957.28,3726.0,261.0,27.0,1.0261214117788637,,1.1685816287687563,audi,False,True,1,True,True,True,True
2024_audi_a5,G,2024,Germany,PC,0.01,0.5175000000000001,Germany,0.15,Hungary,4,4,4,1,Germany,True,2024,audi_a5,3.464073251619677,0.1266387148507542,ICE,0,0,14957.28,3726.0,261.0,27.0,1.025067361218186,1.3091596334117943,1.22610340756905,audi,False,True,1,True,True,True,True
2016_audi_a6,G,2016,Germany,PC,0.0075,0.5925,Germany,0.20500000000000002,Hungary,4,4,4,1,Germany,True,2016,audi_a6,4.647901975451535,0.096595743113541,ICE,0,0,15943.819999999998,3957.0,252.0,26.0,1.002357729317206,1.007843102037894,1.0814600807837655,audi,False,True,1,True,True,True,True
2017_audi_a6,G,2017,Germany,PC,0.01,0.585,Germany,0.19,Hungary,4,4,4,1,Germany,True,2017,audi_a6,4.691962619471036,0.0980816292400256,ICE,0,0,15943.819999999998,3957.0,252.0,25.0,0.9821469223782773,0.982461164740945,1.0889583645033811,audi,False,True,1,True,True,True,True
2018_audi_a6,G,2018,Germany,PC,0.01,0.6066666666666666,Germany,0.21,Hungary,3,3,3,1,Germany,True,2018,audi_a6,4.530366787571149,0.1011432698988324,ICE,0,0,15943.819999999998,3957.0,252.0,26.0,0.9395051898480684,0.9673477547367386,1.090866211405912,audi,False,True,1,True,True,True,True
2019_audi_a6,G,2019,Germany,PC,0.01,0.52,Germany,0.21,Hungary,2,2,2,1,Germany,True,2019,audi_a6,4.941587495004156,0.0948228614924543,ICE,0,0,16154.64,4266.0,335.0,25.0,0.9911015224344233,1.0405520302864868,1.1122065556989225,audi,False,True,1,True,True,True,True
2020_audi_a6,G,2020,Germany,PC,0.01,0.49,Germany,0.16999999999999998,Hungary,2,2,2,1,Germany,True,2020,audi_a6,4.955030439445937,0.0951823396536444,ICE,0,0,16154.64,4101.0,248.0,27.0,0.9713856336917915,1.1026166547036238,1.1787105855307944,audi,False,True,1,True,True,True,True
2021_audi_a6,G,2021,Germany,PC,0.015000000000000001,0.4825,Germany,0.185,Hungary,4,4,4,1,Germany,True,2021,audi_a6,4.622325466446248,0.1011149847640666,ICE,0,0,16154.64,4101.0,261.0,26.0,0.9380866465504657,1.0852329510529566,1.1329362836920225,audi,False,True,1,True,True,True,True
2022_audi_a6,G,2022,Germany,PC,0.02,0.49333333333333335,Germany,0.19,Hungary,3,3,3,1,Germany,True,2022,audi_a6,4.365005412505777,0.0985160914776216,ICE,0,0,16154.64,4183.5,298.0,25.0,1.0536197956263276,1.3338792775634771,1.2063253999739498,audi,False,True,1,True,True,True,True
2023_audi_a6,G,2023,Germany,PC,0.01,0.485,Germany,0.18,Hungary,2,2,2,1,Germany,True,2023,audi_a6,4.228440408673158,0.105869842269769,ICE,0,0,16154.64,4183.5,298.0,25.5,1.0261214117788637,1.2640431503673937,1.1685816287687563,audi,False,True,1,True,True,True,True
2024_audi_a6,G,2024,Germany,PC,0.01,0.48,Germany,0.19,Hungary,2,2,2,1,Germany,True,2024,audi_a6,4.133626588266226,0.1117878645709012,ICE,0,0,16154.64,4101.0,261.0,26.0,1.025067361218186,1.3091596334117943,1.22610340756905,audi,False,True,1,True,True,True,True
2016_audi_a7,G,2016,Germany,PC,0.01,0.62,Germany,0.185,Hungary,2,2,2,1,Germany,True,2016,audi_a7,6.430260870975454,0.0750487813722086,ICE,0,0,16520.04,4288.0,333.0,24.0,1.002357729317206,1.007843102037894,1.0814600807837655,audi,False,True,1,True,True,True,True
2017_audi_a7,G,2017,Germany,PC,0.01,0.615,Germany,0.175,Hungary,2,2,2,1,Germany,True,2017,audi_a7,6.341322759846134,0.0808617363428467,ICE,0,0,16520.04,4244.0,333.0,24.0,0.9821469223782773,0.982461164740945,1.0889583645033811,audi,False,True,1,True,True,True,True
2018_audi_a7,G,2018,Germany,PC,0.01,0.62,Germany,0.19,Hungary,1,1,1,1,Germany,False,2018,audi_a7,6.0495177853682485,0.0804267136012057,ICE,0,0,16520.04,4255.0,340.0,23.0,0.9395051898480684,0.9673477547367386,1.090866211405912,audi,False,True,1,True,True,True,True
2019_audi_a7,G,2019,Germany,PC,0.01,0.54,Germany,0.22,Hungary,1,1,1,1,Germany,False,2019,audi_a7,6.152548144594415,0.0831488442223572,ICE,0,0,16313.04,4332.0,335.0,25.0,0.9911015224344233,1.0405520302864868,1.1122065556989225,audi,False,True,1,True,True,True,True
2020_audi_a7,G,2020,Germany,PC,0.01,0.44,Germany,0.22,Hungary,1,1,1,1,Germany,False,2020,audi_a7,6.223738274718293,0.0766009304704109,ICE,0,0,16313.04,4332.0,335.0,24.0,0.9713856336917915,1.1026166547036238,1.1787105855307944,audi,False,True,1,True,True,True,True
2021_audi_a7,G,2021,Germany,PC,0.01,0.43000000000000005,Germany,0.2,Hungary,2,2,2,1,Germany,True,2021,audi_a7,5.9560828818783875,0.0839889668054203,ICE,0,0,16313.04,4343.0,335.0,24.0,0.9380866465504657,1.0852329510529566,1.1329362836920225,audi,False,True,1,True,True,True,True
2016_audi_a8,G,2016,Germany,PC,0.01,0.5875,Germany,0.35,United Kingdom,4,4,4,1,Germany,True,2016,audi_a8,7.674809861141124,0.0675513672201442,ICE,0,0,17234.94,4514.0,333.0,22.0,1.002357729317206,1.1315248332805306,1.0814600807837655,audi,False,True,1,True,True,True,True
2017_audi_a8,G,2017,Germany,PC,0.01,0.62,Germany,0.19,Hungary,2,2,2,1,Germany,True,2017,audi_a8,7.817302504585594,0.0707498698063493,ICE,0,0,17234.94,4568.5,391.5,22.0,0.9821469223782773,0.982461164740945,1.0889583645033811,audi,False,True,1,True,True,True,True
2019_audi_a8,G,2019,Germany,PC,0.0,0.625,Germany,0.16,Hungary,2,2,2,1,Germany,True,2019,audi_a8,7.164950329974678,0.0775314944781678,ICE,0,0,17509.93,4751.0,335.0,22.0,0.9911015224344233,1.0405520302864868,1.1122065556989225,audi,False,True,1,True,True,True,True
2021_audi_a8,G,2021,Germany,PC,0.01,0.5700000000000001,Germany,0.21,Hungary,2,2,2,1,Germany,True,2021,audi_a8,6.980159207292969,0.0772795074175901,ICE,0,0,17509.93,4773.0,335.0,21.0,0.9380866465504657,1.0852329510529566,1.1329362836920225,audi,False,True,1,True,True,True,True
2023_audi_a8,G,2023,Germany,PC,0.01,0.44,Germany,0.19,Hungary,1,1,1,1,Germany,False,2023,audi_a8,6.302218485273118,0.0771671463686705,ICE,0,0,17556.1,4762.0,335.0,22.0,1.0261214117788637,1.2640431503673937,1.1685816287687563,audi,False,True,1,True,True,True,True
2024_audi_a8,G,2024,Germany,PC,0.01,0.44,Germany,0.2,Hungary,1,1,1,1,Germany,False,2024,audi_a8,6.3014508489971455,0.0824223162859865,ICE,0,0,17556.1,4762.0,335.0,22.0,1.025067361218186,1.3091596334117943,1.22610340756905,audi,False,True,1,True,True,True,True
2020_audi_a8hybrid,G,2020,Germany,PC,0.01,0.48,Germany,,,1,1,1,1,Germany,False,2020,audi_a8hybrid,8.047867353550341,0.0650919874285341,Hybrid,0,1,17509.93,5335.0,443.0,38.5,0.9713856336917915,,1.1787105855307944,audi,False,True,1,True,True,True,True
2019_audi_etronev,BE,2019,Belgium,MPV,0.0,0.32,Poland,0.27,Germany,1,1,1,1,Poland,False,2019,audi_etronev,6.394806708170457,0.0776235497721762,Electric,1,0,16655.899999999998,5754.0,402.0,74.0,1.0185369412388912,0.9911015224344233,1.1122065556989225,audi,False,True,2,False,True,True,False
2021_audi_etronev,BE,2021,Belgium,MPV,0.01,0.31,Poland,0.245,Germany,2,2,2,1,Poland,True,2021,audi_etronev,5.995849165716477,0.0834206974092467,Electric,1,0,16636.600000000002,5699.0,402.0,78.0,1.02451695636026,0.9380866465504657,1.1329362836920225,audi,False,True,2,False,True,True,False
2022_audi_etronev,BE,2022,Belgium,MPV,0.01,0.325,Poland,0.23,Germany,2,2,2,1,Poland,True,2022,audi_etronev,5.495070328777134,0.0927101890991327,Electric,1,0,16636.600000000002,5743.0,402.0,77.0,1.1825861077065924,1.0536197956263276,1.2063253999739498,audi,False,True,2,False,True,True,False
2023_audi_etronev,BE,2023,Belgium,MPV,0.01,0.4633333333333334,Hungary,0.21666666666666667,Germany,3,3,3,1,Hungary,True,2023,audi_etronev,5.5383618551363645,0.0847792908984082,Electric,1,0,16636.600000000002,5765.0,402.0,79.0,1.2640431503673937,1.0261214117788637,1.1685816287687563,audi,False,True,2,False,True,True,False
2022_audi_etrongtev,G,2022,Germany,PC,0.01,0.56,Germany,0.19,Poland,1,1,1,1,Germany,False,2022,audi_etrongtev,7.709855806577208,0.0701333421923043,Electric,1,0,16674.36,5060.0,469.0,82.0,1.0536197956263276,1.1825861077065924,1.2063253999739498,audi,False,True,1,True,True,True,True
2023_audi_etrongtev,G,2023,Germany,PC,0.01,0.47,Germany,0.23,Poland,1,1,1,1,Germany,False,2023,audi_etrongtev,7.615127096628687,0.0666903076062845,Electric,1,0,16674.36,5060.0,469.0,82.0,1.0261214117788637,1.1151788478578062,1.1685816287687563,audi,False,True,1,True,True,True,True
2024_audi_etrongtev,G,2024,Germany,PC,0.01,0.45,Germany,0.29,Poland,1,1,1,1,Germany,False,2024,audi_etrongtev,7.48197357642794,0.070107521263298,Electric,1,0,16674.36,5082.0,469.0,85.0,1.025067361218186,1.0560507581907417,1.22610340756905,audi,False,True,1,True,True,True,True
2016_audi_q3,SP,2016,Spain,MPV,0.01,0.365,Spain,0.2,Germany,2,2,2,1,Spain,True,2016,audi_q3,3.073144840285985,0.1307135730862152,ICE,0,0,13737.6,3494.0,200.0,23.0,1.002357729317206,1.002357729317206,1.0814600807837655,audi,False,True,2,False,True,True,False
2017_audi_q3,SP,2017,Spain,MPV,0.01,0.435,Spain,0.22,Germany,2,2,2,1,Spain,True,2017,audi_q3,2.855068702441304,0.144160290050895,ICE,0,0,13737.6,3494.0,200.0,23.0,0.9821469223782773,0.9821469223782773,1.0889583645033811,audi,False,True,2,False,True,True,False
2018_audi_q3,SP,2018,Spain,MPV,0.01,0.44,Spain,0.195,Germany,2,2,2,1,Spain,True,2018,audi_q3,2.906470773333289,0.1398359247784651,ICE,0,0,13737.6,3494.0,200.0,23.0,0.9395051898480684,0.9395051898480684,1.090866211405912,audi,False,True,2,False,True,True,False
2020_audi_q3,H,2020,Hungary,MPV,0.01,0.44,Hungary,0.31,Germany,1,1,1,1,Hungary,False,2020,audi_q3,2.983017154392278,0.1382528081394615,ICE,0,0,14075.02,3913.0,228.0,22.0,1.1026166547036238,0.9713856336917915,1.1787105855307944,audi,False,True,2,False,True,True,False
2021_audi_q3,H,2021,Hungary,MPV,0.01,0.41500000000000004,Hungary,0.23,Germany,2,2,2,1,Hungary,True,2021,audi_q3,2.6678203782051666,0.1526262040095641,ICE,0,0,14075.02,3902.0,184.0,25.0,1.0852329510529566,0.9380866465504657,1.1329362836920225,audi,False,True,2,False,True,True,False
2022_audi_q3,H,2022,Hungary,MPV,0.01,0.3,Hungary,0.24,Germany,2,2,2,1,Hungary,True,2022,audi_q3,2.660195965990449,0.1510599121052973,ICE,0,0,14075.02,3902.0,184.0,26.0,1.3338792775634771,1.0536197956263276,1.2063253999739498,audi,False,True,2,False,True,True,False
2023_audi_q3,H,2023,Hungary,MPV,0.01,0.315,Hungary,0.23,Germany,2,2,2,1,Hungary,True,2023,audi_q3,2.559447281102956,0.160570496118694,ICE,0,0,14075.02,3902.0,184.0,25.0,1.2640431503673937,1.0261214117788637,1.1685816287687563,audi,False,True,2,False,True,True,False
2024_audi_q3,H,2024,Hungary,MPV,0.01,0.37,Hungary,0.26,Germany,2,2,2,1,Hungary,True,2024,audi_q3,2.5149852026303634,0.1635913130258838,ICE,0,0,14075.02,3902.0,184.0,25.0,1.3091596334117943,1.025067361218186,1.22610340756905,audi,False,True,2,False,True,True,False
2022_audi_q4etronev,G,2022,Germany,MPV,0.0,0.8133333333333334,Germany,,,3,3,3,1,Germany,True,2022,audi_q4etronev,4.029573539776915,0.123836560996926,Electric,1,0,14989.8,4861.0,295.0,95.0,1.0536197956263276,,1.2063253999739498,audi,False,True,1,True,True,True,True
2023_audi_q4etronev,G,2023,Germany,MPV,0.0,0.8033333333333333,Germany,,,3,3,3,1,Germany,True,2023,audi_q4etronev,4.031836874881175,0.1093561447442697,Electric,1,0,14998.1,4861.0,295.0,95.0,1.0261214117788637,,1.1685816287687563,audi,False,True,1,True,True,True,True
2024_audi_q4etronev,G,2024,Germany,MPV,0.005,0.9049999999999999,Germany,,,6,6,6,1,Germany,True,2024,audi_q4etronev,4.0251817088663095,0.1105432386696093,Electric,1,0,14998.1,4839.0,295.0,100.0,1.025067361218186,,1.22610340756905,audi,False,True,1,True,True,True,True
2016_audi_q5,G,2016,Germany,MPV,0.01,0.5833333333333334,Germany,0.20333333333333334,Hungary,3,3,3,1,Germany,True,2016,audi_q5,4.075272049544695,0.102857006019596,ICE,0,0,15009.72,4387.0,240.0,23.0,1.002357729317206,1.007843102037894,1.0814600807837655,audi,False,True,2,False,True,True,False
2017_audi_q5,G,2017,Germany,MPV,0.01,0.5700000000000001,Germany,0.19,Hungary,2,2,2,1,Germany,True,2017,audi_q5,3.619771090889337,0.1324484854389037,ICE,0,0,15009.72,4090.0,220.0,16.0,0.9821469223782773,0.982461164740945,1.0889583645033811,audi,False,True,2,False,True,True,False
2018_audi_q5,M,2018,Mexico,MPV,0.02,0.75,Mexico,,,1,1,1,1,Mexico,False,2018,audi_q5,3.8166741470483876,0.1112654718533868,ICE,0,0,15477.48,4045.0,252.0,25.0,1.2142868409974832,,1.090866211405912,audi,False,True,2,False,True,True,False
2019_audi_q5,M,2019,Mexico,MPV,0.03,0.79,Mexico,0.15,Germany,1,1,1,1,Mexico,False,2019,audi_q5,4.129577864641266,0.108025273886992,ICE,0,0,15477.48,4057.0,248.0,24.0,1.2155041135485891,0.9911015224344233,1.1122065556989225,audi,False,True,2,False,True,True,False
2020_audi_q5,M,2020,Mexico,MPV,0.03,0.77,Mexico,,,1,1,1,1,Mexico,False,2020,audi_q5,3.882253830191767,0.1112461933146197,ICE,0,0,15477.48,4034.0,248.0,24.0,1.3557071430827963,,1.1787105855307944,audi,False,True,2,False,True,True,False
2021_audi_q5,M,2021,Mexico,MPV,0.025,0.775,Mexico,0.15,Germany,2,2,2,1,Mexico,True,2021,audi_q5,3.728370323210137,0.1136710984210485,ICE,0,0,15518.06,4079.0,261.0,24.5,1.2791561848447872,0.9380866465504657,1.1329362836920225,audi,False,True,2,False,True,True,False
2022_audi_q5,M,2022,Mexico,MPV,0.03,0.7233333333333333,Mexico,0.18,Germany,3,3,3,1,Mexico,True,2022,audi_q5,3.636806156722085,0.1158400926670743,ICE,0,0,15518.06,4101.0,261.0,25.0,1.27000323878321,1.0536197956263276,1.2063253999739498,audi,False,True,2,False,True,True,False
2023_audi_q5,M,2023,Mexico,MPV,0.02,0.7266666666666666,Mexico,0.16,Germany,3,3,3,1,Mexico,True,2023,audi_q5,3.528973353647657,0.1258114188357779,ICE,0,0,15518.06,4101.0,261.0,25.0,1.120546305774649,1.0261214117788637,1.1685816287687563,audi,False,True,2,False,True,True,False
2024_audi_q5,M,2024,Mexico,MPV,0.016666666666666666,0.6633333333333333,Mexico,0.2733333333333334,Germany,3,3,3,1,Mexico,True,2024,audi_q5,3.500542900775035,0.1257699960296707,ICE,0,0,15518.06,4101.0,261.0,24.0,1.155006961401666,1.025067361218186,1.22610340756905,audi,False,True,2,False,True,True,False
2020_audi_q5hybrid,M,2020,Mexico,MPV,0.02,0.46,Mexico,0.2,Germany,1,1,1,1,Mexico,False,2020,audi_q5hybrid,4.677839917400297,0.0975049050849826,Hybrid,0,1,15544.92,4685.0,362.0,27.0,1.3557071430827963,0.9713856336917915,1.1787105855307944,audi,False,True,1,True,True,True,True
2021_audi_q5hybrid,M,2021,Mexico,MPV,0.02,0.48,Mexico,0.19,Germany,1,1,1,1,Mexico,False,2021,audi_q5hybrid,4.38573100711778,0.1012710378140694,Hybrid,0,1,15518.06,4619.0,362.0,27.0,1.2791561848447872,0.9380866465504657,1.1329362836920225,audi,False,True,1,True,True,True,True
2022_audi_q5hybrid,M,2022,Mexico,MPV,0.02,0.46,Mexico,0.21,Germany,1,1,1,1,Mexico,False,2022,audi_q5hybrid,4.3113229551171575,0.1051134780588112,Hybrid,0,1,15518.06,4652.0,362.0,26.0,1.27000323878321,1.0536197956263276,1.2063253999739498,audi,False,True,1,True,True,True,True
2023_audi_q5hybrid,M,2023,Mexico,MPV,0.02,0.48,Mexico,0.35,Germany,1,1,1,1,Mexico,False,2023,audi_q5hybrid,4.302183385997835,0.1035463025349874,Hybrid,0,1,15518.06,4652.0,362.0,26.0,1.120546305774649,1.0261214117788637,1.1685816287687563,audi,False,True,1,True,True,True,True
2024_audi_q5hybrid,M,2024,Mexico,MPV,0.02,0.78,Mexico,0.19,Germany,1,1,1,1,Mexico,False,2024,audi_q5hybrid,4.21525727278688,0.1058597002766792,Hybrid,0,1,15518.06,4652.0,362.0,26.0,1.155006961401666,1.025067361218186,1.22610340756905,audi,False,True,1,True,True,True,True
2017_audi_q7,SL,2017,Slovakia,MPV,0.006666666666666667,0.43,Slovakia,0.2866666666666667,Germany,3,3,3,1,Slovakia,True,2017,audi_q7,4.625767803433911,0.0973842143034058,ICE,0,0,17385.16,4696.0,252.0,22.0,0.9821469223782773,0.9821469223782773,1.0889583645033811,audi,False,True,2,False,True,True,False
2018_audi_q7,SL,2018,Slovakia,MPV,0.01,0.37,Germany,0.32,Slovakia,2,2,2,1,Germany,True,2018,audi_q7,4.831524021809429,0.0923813612780927,ICE,0,0,17385.16,4916.0,333.0,21.0,0.9395051898480684,0.9395051898480684,1.090866211405912,audi,False,True,2,False,True,True,False
2019_audi_q7,SL,2019,Slovakia,MPV,0.01,0.345,Slovakia,0.29000000000000004,Germany,2,2,2,1,Slovakia,True,2019,audi_q7,5.041701756860142,0.0926593963864227,ICE,0,0,17385.16,4927.0,329.0,21.0,0.9911015224344233,0.9911015224344233,1.1122065556989225,audi,False,True,2,False,True,True,False
2020_audi_q7,SL,2020,Slovakia,MPV,0.01,0.33999999999999997,Slovakia,0.25,Germany,2,2,2,1,Slovakia,True,2020,audi_q7,5.0504641707630915,0.0929240736074586,ICE,0,0,17385.16,5082.0,335.0,18.0,0.9713856336917915,0.9713856336917915,1.1787105855307944,audi,False,True,2,False,True,True,False
2021_audi_q7,SL,2021,Slovakia,MPV,0.01,0.29500000000000004,Slovakia,0.225,Germany,2,2,2,1,Slovakia,True,2021,audi_q7,4.813831258783589,0.0946672554593985,ICE,0,0,17385.16,4971.0,335.0,20.0,0.9380866465504657,0.9380866465504657,1.1329362836920225,audi,False,True,2,False,True,True,False
2022_audi_q7,SL,2022,Slovakia,MPV,0.01,0.305,Slovakia,0.20500000000000002,Germany,2,2,2,1,Slovakia,True,2022,audi_q7,4.483955448559972,0.098815365829184,ICE,0,0,17385.16,4806.0,291.5,22.0,1.0536197956263276,1.0536197956263276,1.2063253999739498,audi,False,True,2,False,True,True,False
2023_audi_q7,SL,2023,Slovakia,MPV,0.01,0.33,Slovakia,0.21000000000000002,Germany,2,2,2,1,Slovakia,True,2023,audi_q7,4.461821092224577,0.1043937283064065,ICE,0,0,17385.16,4899.5,298.0,20.5,1.0261214117788637,1.0261214117788637,1.1685816287687563,audi,False,True,2,False,True,True,False
2024_audi_q7,SL,2024,Slovakia,MPV,0.01,0.32,Slovakia,0.23,Germany,2,2,2,1,Slovakia,True,2024,audi_q7,4.428190062187687,0.1024074395190065,ICE,0,0,17385.16,4982.0,335.0,21.0,1.025067361218186,1.025067361218186,1.22610340756905,audi,False,True,2,False,True,True,False
2019_audi_q8,SL,2019,Slovakia,MPV,0.01,0.39,Slovakia,0.27,Germany,1,1,1,1,Slovakia,False,2019,audi_q8,6.0710931448016305,0.0826162005692396,ICE,0,0,16946.92,5004.0,335.0,19.0,0.9911015224344233,0.9911015224344233,1.1122065556989225,audi,False,True,3,False,True,True,False
2020_audi_q8,SL,2020,Slovakia,MPV,0.01,0.34,Germany,0.28,Slovakia,1,1,1,1,Germany,False,2020,audi_q8,6.064090616364871,0.0828414676801916,ICE,0,0,16946.92,5004.0,335.0,18.0,0.9713856336917915,0.9713856336917915,1.1787105855307944,audi,False,True,3,False,True,True,False
2021_audi_q8,SL,2021,Slovakia,MPV,0.01,0.28,Germany,0.27,Slovakia,1,1,1,1,Germany,False,2021,audi_q8,5.772363302595228,0.0839047804154029,ICE,0,0,16946.92,4960.0,335.0,20.0,0.9380866465504657,0.9380866465504657,1.1329362836920225,audi,False,True,3,False,True,True,False
2022_audi_q8,SL,2022,Slovakia,MPV,0.01,0.26,Slovakia,0.25,Germany,1,1,1,1,Slovakia,False,2022,audi_q8,5.541034169171438,0.0838963724063462,ICE,0,0,16946.92,4960.0,335.0,20.0,1.0536197956263276,1.0536197956263276,1.2063253999739498,audi,False,True,3,False,True,True,False
2023_audi_q8,SL,2023,Slovakia,MPV,0.01,0.31,Slovakia,0.24,Germany,1,1,1,1,Slovakia,False,2023,audi_q8,5.478110029796236,0.0888804507021306,ICE,0,0,16946.92,4971.0,335.0,20.0,1.0261214117788637,1.0261214117788637,1.1685816287687563,audi,False,True,3,False,True,True,False
2024_audi_q8,SL,2024,Slovakia,MPV,0.01,0.53,Hungary,0.335,Germany,2,2,2,2,Germany | Hungary,True,2024,audi_q8,5.345381820769378,0.0905783101217214,ICE,0,0,16856.0,5049.0,335.0,19.0,1.3091596334117943,1.025067361218186,1.22610340756905,audi,False,True,3,False,True,False,False
2018_audi_rs3,H,2018,Germany,PC,0.01,0.52,Hungary,0.43,Germany,1,1,1,1,Hungary,False,2018,audi_rs3,4.695565100660012,0.0938212193228123,ICE,0,0,13610.36,3594.0,400.0,22.0,0.9673477547367386,0.9395051898480684,1.090866211405912,audi,False,True,2,False,True,True,False
2024_audi_rs3,G,2024,Germany,PC,0.01,0.48,Germany,0.27,Hungary,1,1,1,1,Germany,False,2024,audi_rs3,4.220570118410402,0.1032957134308434,ICE,0,0,13964.28,3638.0,401.0,23.0,1.025067361218186,1.3091596334117943,1.22610340756905,audi,False,True,2,False,True,True,False
2019_audi_rs5,G,2019,Germany,PC,0.01,0.51,Germany,0.25,Hungary,2,2,2,1,Germany,True,2019,audi_rs5,6.337193393802418,0.0785422274066423,ICE,0,0,15045.170000000002,4057.0,444.0,20.0,0.9911015224344233,1.0405520302864868,1.1122065556989225,audi,False,True,1,True,True,True,True
2021_audi_rs5,G,2021,Germany,PC,0.01,0.41000000000000003,Germany,0.31,Hungary,2,2,2,1,Germany,True,2021,audi_rs5,6.070774110641071,0.0793518760489988,ICE,0,0,15045.170000000002,4057.0,444.0,21.0,0.9380866465504657,1.0852329510529566,1.1329362836920225,audi,False,True,1,True,True,True,True
2022_audi_rs5,G,2022,Germany,PC,0.01,0.46,Germany,0.3,Hungary,2,2,2,1,Germany,True,2022,audi_rs5,5.689016509086235,0.0779454842647253,ICE,0,0,15045.170000000002,4079.0,444.0,21.0,1.0536197956263276,1.3338792775634771,1.2063253999739498,audi,False,True,1,True,True,True,True
2023_audi_rs5,G,2023,Germany,PC,0.01,0.385,Germany,0.30000000000000004,Hungary,2,2,2,1,Germany,True,2023,audi_rs5,5.582602755098641,0.0821872625109449,ICE,0,0,15045.170000000002,4079.0,444.0,21.0,1.0261214117788637,1.2640431503673937,1.1685816287687563,audi,False,True,1,True,True,True,True
2021_audi_rs6,G,2021,Germany,PC,0.01,0.61,Germany,,,1,1,1,1,Germany,False,2021,audi_rs6,8.915460954682446,0.0647273179502322,ICE,0,0,16424.45,4960.0,591.0,17.0,0.9380866465504657,,1.1329362836920225,audi,False,True,1,True,True,True,True
2024_audi_rsq8,SL,2024,Slovakia,MPV,0.01,0.49,Germany,0.26,Slovakia,1,1,1,1,Germany,False,2024,audi_rsq8,8.95282869902819,0.0580110540067771,ICE,0,0,17007.260000000002,5512.0,591.0,15.0,1.025067361218186,1.025067361218186,1.22610340756905,audi,False,True,1,True,True,True,True
2016_audi_s3,H,2016,Hungary,PC,0.0,0.52,Hungary,0.38,Germany,1,1,1,1,Hungary,False,2016,audi_s3,3.735123780460397,0.1100226284984267,ICE,0,0,13579.48,3462.0,292.0,26.0,1.007843102037894,1.002357729317206,1.0814600807837655,audi,False,True,2,False,True,True,False
2017_audi_s3,G,2017,Hungary,PC,0.0,0.6,Germany,0.31,Hungary,1,1,1,1,Germany,False,2017,audi_s3,3.674797231743373,0.1141278399034798,ICE,0,0,13579.48,3462.0,292.0,24.0,0.9821469223782773,0.982461164740945,1.0889583645033811,audi,False,True,2,False,True,True,False
2018_audi_s3,H,2018,Hungary,PC,0.01,0.45,Hungary,0.44,Germany,1,1,1,1,Hungary,False,2018,audi_s3,3.806746392931501,0.1145502282298563,ICE,0,0,13571.760000000002,3461.0,292.0,25.0,0.9673477547367386,0.9395051898480684,1.090866211405912,audi,False,True,2,False,True,True,False
2023_audi_s3,G,2023,Germany,PC,0.0,0.52,Germany,,,1,1,1,1,Germany,False,2023,audi_s3,3.360091299774325,0.1272899299392342,ICE,0,0,13847.13,3527.0,306.0,26.0,1.0261214117788637,,1.1685816287687563,audi,False,True,2,False,True,True,False
2024_audi_s3,G,2024,Germany,PC,0.0,0.56,Germany,,,1,1,1,1,Germany,False,2024,audi_s3,3.310426817018568,0.1288715869240535,ICE,0,0,13847.13,3527.0,306.0,26.0,1.025067361218186,,1.22610340756905,audi,False,True,2,False,True,True,False
2016_audi_s4,G,2016,Germany,PC,0.01,0.605,Germany,0.215,Hungary,2,2,2,1,Germany,True,2016,audi_s4,4.480862042427124,0.0960992398811332,ICE,0,0,14911.71,3869.0,333.0,20.0,1.002357729317206,1.007843102037894,1.0814600807837655,audi,False,True,1,True,True,True,True
2018_audi_s4,G ,2018,Germany,PC,0.01,0.58,Germany,0.2,Hungary,1,1,1,1,Germany,False,2018,audi_s4,4.358346260326837,0.1016264048943964,ICE,0,0,14869.28,3858.0,354.0,24.0,0.9395051898480684,0.9673477547367386,1.090866211405912,audi,False,True,1,True,True,True,True
2019_audi_s4,G ,2019,Germany,PC,0.01,0.55,Germany,0.21,Hungary,1,1,1,1,Germany,False,2019,audi_s4,4.5461164098893985,0.1000333167233862,ICE,0,0,14869.28,3858.0,349.0,24.0,0.9911015224344233,1.0405520302864868,1.1122065556989225,audi,False,True,1,True,True,True,True
2020_audi_s4,G ,2020,Germany,PC,0.01,0.5,Germany,0.22,Hungary,1,1,1,1,Germany,False,2020,audi_s4,4.328116000123795,0.0980477820241728,ICE,0,0,14924.999999999998,3847.0,349.0,23.0,0.9713856336917915,1.1026166547036238,1.1787105855307944,audi,False,True,1,True,True,True,True
2021_audi_s4,G ,2021,Germany,PC,0.01,0.42,Germany,0.31,Hungary,1,1,1,1,Germany,False,2021,audi_s4,4.178951321453582,0.1068292846733827,ICE,0,0,14924.999999999998,3847.0,349.0,23.0,0.9380866465504657,1.0852329510529566,1.1329362836920225,audi,False,True,1,True,True,True,True
2023_audi_s4,G ,2023,Germany,PC,0.01,0.38,Germany,0.29,Hungary,1,1,1,1,Germany,False,2023,audi_s4,3.926577006651595,0.1112289671967841,ICE,0,0,14924.999999999998,3847.0,349.0,24.0,1.0261214117788637,1.2640431503673937,1.1685816287687563,audi,False,True,1,True,True,True,True
2016_audi_s5,G,2016,Germany,PC,0.01,0.62,Germany,0.19999999999999998,Hungary,3,3,3,1,Germany,True,2016,audi_s5,5.415414245834942,0.0837153226277078,ICE,0,0,14524.65,4045.0,333.0,21.0,1.002357729317206,1.007843102037894,1.0814600807837655,audi,False,True,1,True,True,True,True
2018_audi_s5,G,2018,Germany,PC,0.01,0.6033333333333334,Germany,0.19666666666666666,Hungary,3,3,3,1,Germany,True,2018,audi_s5,5.044346740538492,0.0910793459302701,ICE,0,0,14949.29,3924.0,354.0,24.0,0.9395051898480684,0.9673477547367386,1.090866211405912,audi,False,True,1,True,True,True,True
2019_audi_s5,G,2019,Germany,PC,0.01,0.56,Germany,0.21,Hungary,2,2,2,1,Germany,True,2019,audi_s5,4.753596540592028,0.0970652553223731,ICE,0,0,14949.29,3935.0,349.0,24.0,0.9911015224344233,1.0405520302864868,1.1122065556989225,audi,False,True,1,True,True,True,True
2020_audi_s5,G,2020,Germany,PC,0.01,0.4033333333333333,Germany,0.2933333333333334,Hungary,3,3,3,1,Germany,True,2020,audi_s5,4.507734913783478,0.0951524918563079,ICE,0,0,14949.29,3924.0,349.0,23.0,0.9713856336917915,1.1026166547036238,1.1787105855307944,audi,False,True,1,True,True,True,True
2021_audi_s5,G,2021,Germany,PC,0.01,0.43333333333333335,Germany,0.2833333333333334,Hungary,3,3,3,1,Germany,True,2021,audi_s5,4.401174774579941,0.1029292445557044,ICE,0,0,14957.28,3924.0,349.0,23.0,0.9380866465504657,1.0852329510529566,1.1329362836920225,audi,False,True,1,True,True,True,True
2022_audi_s5,G,2022,Germany,PC,0.01,0.43333333333333335,Germany,0.2833333333333334,Hungary,3,3,3,1,Germany,True,2022,audi_s5,4.300961859055407,0.0981700113199035,ICE,0,0,14957.28,3924.0,349.0,24.0,1.0536197956263276,1.3338792775634771,1.2063253999739498,audi,False,True,1,True,True,True,True
2023_audi_s5,G,2023,Germany,PC,0.01,0.38999999999999996,Germany,0.2733333333333334,Hungary,3,3,3,1,Germany,True,2023,audi_s5,4.1573500974914115,0.1062017030938085,ICE,0,0,14965.270000000002,3924.0,349.0,24.0,1.0261214117788637,1.2640431503673937,1.1685816287687563,audi,False,True,1,True,True,True,True
2024_audi_s5,G,2024,Germany,PC,0.01,0.4266666666666667,Germany,0.28,Hungary,3,3,3,1,Germany,True,2024,audi_s5,4.068277424282046,0.1099357478023845,ICE,0,0,14965.270000000002,3924.0,349.0,23.0,1.025067361218186,1.3091596334117943,1.22610340756905,audi,False,True,1,True,True,True,True
2016_audi_s6,G,2016,Germany,PC,0.01,0.56,Germany,0.24,Hungary,1,1,1,1,Germany,False,2016,audi_s6,6.514313038690879,0.0695666151765865,ICE,0,0,15960.24,4486.0,450.0,21.0,1.002357729317206,1.007843102037894,1.0814600807837655,audi,False,True,1,True,True,True,True
2017_audi_s6,G,2017,Germany,PC,0.01,0.54,Germany,0.25,Hungary,1,1,1,1,Germany,False,2017,audi_s6,6.334195433637518,0.0760676173730653,ICE,0,0,15960.24,4398.0,450.0,21.0,0.9821469223782773,0.982461164740945,1.0889583645033811,audi,False,True,1,True,True,True,True
2016_audi_sq5,G,2016,Germany,MPV,0.01,0.62,Germany,0.2,Hungary,1,1,1,1,Germany,False,2016,audi_sq5,4.8168698293805825,0.084832482940487,ICE,0,0,15042.6,4442.0,354.0,19.0,1.002357729317206,1.007843102037894,1.0814600807837655,audi,False,True,2,False,True,True,False
2017_audi_sq5,G,2017,Germany,MPV,0.01,0.6,Germany,0.2,Hungary,1,1,1,1,Germany,False,2017,audi_sq5,4.684960387362787,0.0909794960997807,ICE,0,0,15042.6,4420.0,354.0,19.0,0.9821469223782773,0.982461164740945,1.0889583645033811,audi,False,True,2,False,True,True,False
2018_audi_sq5,M,2018,Mexico,MPV,0.01,0.66,Mexico,,,1,1,1,1,Mexico,False,2018,audi_sq5,4.640668764001718,0.0945194871699422,ICE,0,0,15502.77,4398.0,354.0,21.0,1.2142868409974832,,1.090866211405912,audi,False,True,2,False,True,True,False
2019_audi_sq5,M,2019,Mexico,MPV,0.02,0.61,Mexico,0.15,Germany,1,1,1,1,Mexico,False,2019,audi_sq5,4.887415952827147,0.0939780912488088,ICE,0,0,15502.77,4321.0,349.0,21.0,1.2155041135485891,0.9911015224344233,1.1122065556989225,audi,False,True,2,False,True,True,False
2020_audi_sq5,M,2020,Mexico,MPV,0.03,0.63,Mexico,0.23,Hungary,1,1,1,1,Mexico,False,2020,audi_sq5,4.848377530316946,0.0934338301044265,ICE,0,0,15502.77,4321.0,349.0,20.0,1.3557071430827963,1.1026166547036238,1.1787105855307944,audi,False,True,2,False,True,True,False
2021_audi_sq5,M,2021,Mexico,MPV,0.02,0.6499999999999999,Mexico,0.19,Hungary,2,2,2,1,Mexico,True,2021,audi_sq5,4.518630210296955,0.0982770469980417,ICE,0,0,15518.06,4288.0,349.0,20.0,1.2791561848447872,1.0852329510529566,1.1329362836920225,audi,False,True,2,False,True,True,False
2022_audi_sq5,M,2022,Mexico,MPV,0.02,0.625,Mexico,0.21,Hungary,2,2,2,1,Mexico,True,2022,audi_sq5,4.377594003118775,0.0989298420079381,ICE,0,0,15518.06,4288.0,349.0,21.0,1.27000323878321,1.3338792775634771,1.2063253999739498,audi,False,True,2,False,True,True,False
2023_audi_sq5,M,2023,Mexico,MPV,0.01,0.665,Mexico,0.225,Hungary,2,2,2,1,Mexico,True,2023,audi_sq5,4.228939330244176,0.1072327094388735,ICE,0,0,15518.06,4288.0,349.0,21.0,1.120546305774649,1.2640431503673937,1.1685816287687563,audi,False,True,2,False,True,True,False
2024_audi_sq5,M,2024,Mexico,MPV,0.02,0.68,Mexico,0.20500000000000002,Hungary,2,2,2,1,Mexico,True,2024,audi_sq5,4.167609572037915,0.1059371788325403,ICE,0,0,15518.06,4288.0,349.0,21.0,1.155006961401666,1.3091596334117943,1.22610340756905,audi,False,True,2,False,True,True,False
2021_audi_sq7,SL,2021,Slovakia,MPV,0.01,0.51,Germany,0.28,Slovakia,1,1,1,1,Germany,False,2021,audi_sq7,6.925031389488686,0.0684122575385768,ICE,0,0,17385.16,5291.0,500.0,17.0,0.9380866465504657,0.9380866465504657,1.1329362836920225,audi,False,True,1,True,True,True,True
2023_audi_sq7,SL,2023,Slovakia,MPV,0.01,0.54,Germany,0.26,Slovakia,1,1,1,1,Germany,False,2023,audi_sq7,6.655668757426675,0.0754308791025408,ICE,0,0,17385.16,5291.0,500.0,17.0,1.0261214117788637,1.0261214117788637,1.1685816287687563,audi,False,True,1,True,True,True,True
2021_audi_sq8,SL,2021,Slovakia,MPV,0.01,0.51,Germany,0.29,Slovakia,1,1,1,1,Germany,False,2021,audi_sq8,7.2756186896880335,0.0662875044041852,ICE,0,0,16946.92,5280.0,500.0,17.0,0.9380866465504657,0.9380866465504657,1.1329362836920225,audi,False,True,2,False,True,True,False
2022_audi_sq8,SL,2022,Slovakia,MPV,0.01,0.55,Germany,0.23,Slovakia,1,1,1,1,Germany,False,2022,audi_sq8,7.312905327913617,0.0650525506897496,ICE,0,0,16946.92,5280.0,500.0,17.0,1.0536197956263276,1.0536197956263276,1.2063253999739498,audi,False,True,2,False,True,True,False
2023_audi_sq8,SL,2023,Slovakia,MPV,0.01,0.52,Germany,0.28,Slovakia,1,1,1,1,Germany,False,2023,audi_sq8,7.108050289060318,0.0722341783557403,ICE,0,0,16946.92,5280.0,500.0,17.0,1.0261214117788637,1.0261214117788637,1.1685816287687563,audi,False,True,2,False,True,True,False
2024_audi_sq8,SL,2024,Slovakia,MPV,0.01,0.28,Slovakia,0.25,Hungary,1,1,1,1,Slovakia,False,2024,audi_sq8,7.0310593766181135,0.0702785288663966,ICE,0,0,16942.0,5214.0,500.0,17.0,1.025067361218186,1.3091596334117943,1.22610340756905,audi,False,True,2,False,True,True,False
2016_audi_tt,H,2016,Hungary,PC,0.01,0.49,Hungary,0.395,Germany,2,2,2,1,Hungary,True,2016,audi_tt,3.919929588559628,0.1109632808430991,ICE,0,0,11874.87,3285.0,220.0,26.0,1.007843102037894,1.002357729317206,1.0814600807837655,audi,False,True,2,False,True,True,False
2017_audi_tt,H,2017,Hungary,PC,0.01,0.51,Germany,0.395,Hungary,2,2,2,1,Germany,True,2017,audi_tt,4.050773861079252,0.1086770148413326,ICE,0,0,11874.87,3373.0,220.0,26.0,0.9821469223782773,0.982461164740945,1.0889583645033811,audi,False,True,2,False,True,True,False
2017_bmw_2series,G,2017,Germany,PC,0.05,0.65,Germany,,,1,1,1,1,Germany,False,2017,bmw_2series,2.916277692147331,0.1419778259369687,ICE,0,0,13644.069999999998,3483.0,248.0,27.0,0.9821469223782773,,1.0889583645033811,bmw,False,True,1,True,True,True,True
2018_bmw_2series,G,2018,Germany,PC,0.05,0.65,Germany,,,1,1,1,1,Germany,False,2018,bmw_2series,3.0047263059133025,0.1384334224080233,ICE,0,0,13644.069999999998,3549.0,248.0,27.0,0.9395051898480684,,1.090866211405912,bmw,False,True,1,True,True,True,True
2019_bmw_2series,G,2019,Germany,PC,0.05,0.65,Germany,,,1,1,1,1,Germany,False,2019,bmw_2series,2.953607443624543,0.1456686874308559,ICE,0,0,13644.069999999998,3549.0,248.0,27.0,0.9911015224344233,,1.1122065556989225,bmw,False,True,1,True,True,True,True
2020_bmw_2series,G,2020,Germany,PC,0.05,0.65,Germany,,,1,1,1,1,Germany,False,2020,bmw_2series,2.9079285913394184,0.1486839298327399,ICE,0,0,13644.069999999998,3512.0,248.0,27.0,0.9713856336917915,,1.1787105855307944,bmw,False,True,1,True,True,True,True
2021_bmw_2series,G,2021,Germany,PC,0.05,0.55,Germany,,,2,2,2,1,Germany,True,2021,bmw_2series,2.694669368187398,0.1627047800729762,ICE,0,0,13644.069999999998,3484.5,248.0,27.0,0.9380866465504657,,1.1329362836920225,bmw,False,True,1,True,True,True,True
2022_bmw_2series,M,2022,Germany,PC,0.07,0.375,Germany,0.17,Mexico,2,2,2,1,Germany,True,2022,bmw_2series,2.450125342781305,0.1675497968007515,ICE,0,0,14619.15,3519.0,228.0,28.0,1.0536197956263276,1.27000323878321,1.2063253999739498,bmw,False,True,1,True,True,True,True
2023_bmw_2series,M,2023,Germany,PC,0.03,0.295,Germany,0.17,Mexico,2,2,2,1,Germany,True,2023,bmw_2series,2.4834163948060253,0.164184753530032,ICE,0,0,14619.15,3519.0,228.0,28.0,1.0261214117788637,1.120546305774649,1.1685816287687563,bmw,False,True,1,True,True,True,True
2024_bmw_2series,M,2024,Germany,PC,0.04,0.305,Germany,0.23,Mexico,2,2,2,1,Germany,True,2024,bmw_2series,2.4238391725664448,0.1731280738137922,ICE,0,0,14619.15,3446.0,228.0,28.0,1.025067361218186,1.155006961401666,1.22610340756905,bmw,False,True,1,True,True,True,True
2017_bmw_3series,G,2017,Germany,PC,0.05000000000000001,0.6,Germany,,,3,3,3,1,Germany,True,2017,bmw_3series,3.581822082189165,0.1232570921694931,ICE,0,0,14624.0,3704.0,248.0,26.0,0.9821469223782773,,1.0889583645033811,bmw,False,True,1,True,True,True,True
2018_bmw_3series,G,2018,Germany,PC,0.05000000000000001,0.6,Germany,,,3,3,3,1,Germany,True,2018,bmw_3series,3.493113089948384,0.124039950085783,ICE,0,0,14624.0,3704.0,248.0,27.0,0.9395051898480684,,1.090866211405912,bmw,False,True,1,True,True,True,True
2019_bmw_3series,G,2019,Germany,PC,0.05,0.5750000000000001,Germany,0.3,Mexico,4,4,4,1,Germany,True,2019,bmw_3series,3.400623610000359,0.1316111578055546,ICE,0,0,15115.98,3772.0,255.0,28.0,0.9911015224344233,1.2155041135485891,1.1122065556989225,bmw,False,True,1,True,True,True,True
2020_bmw_3series,G,2020,Mexico,PC,0.05,0.525,Germany,0.3,Mexico,2,2,2,1,Germany,True,2020,bmw_3series,3.2195922653188007,0.1372416163313185,ICE,0,0,15115.98,3589.0,255.0,30.0,0.9713856336917915,1.3557071430827963,1.1787105855307944,bmw,False,True,1,True,True,True,True
2021_bmw_3series,G,2021,Germany,PC,0.07500000000000001,0.45,Germany,0.25,Mexico,2,2,2,1,Germany,True,2021,bmw_3series,3.066859643382207,0.1498591343781165,ICE,0,0,15115.98,3589.0,255.0,30.0,0.9380866465504657,1.2791561848447872,1.1329362836920225,bmw,False,True,1,True,True,True,True
2022_bmw_3series,G,2022,Germany,PC,0.05,0.48000000000000004,Germany,0.18,Mexico,2,2,2,1,Germany,True,2022,bmw_3series,2.857228039300024,0.1486762587513933,ICE,0,0,15115.98,3560.0,255.0,30.0,1.0536197956263276,1.27000323878321,1.2063253999739498,bmw,False,True,1,True,True,True,True
2023_bmw_3series,G,2023,Mexico,PC,0.035,0.26,Germany,0.15,Mexico,2,2,2,1,Germany,True,2023,bmw_3series,3.063756986952921,0.1399712991672431,ICE,0,0,15132.260000000002,3671.0,255.0,27.0,1.0261214117788637,1.120546305774649,1.1685816287687563,bmw,False,True,1,True,True,True,True
2024_bmw_3series,M,2024,Mexico,PC,0.09,0.23,Germany,0.21,Mexico,1,1,1,1,Germany,False,2024,bmw_3series,2.9862307574778466,0.149965438380522,ICE,0,0,15132.260000000002,3671.0,255.0,27.0,1.025067361218186,1.155006961401666,1.22610340756905,bmw,False,True,1,True,True,True,True
2021_bmw_3serieshybrid,G,2021,Mexico,PC,0.07500000000000001,0.45,Germany,0.25,Mexico,2,2,2,1,Germany,True,2021,bmw_3serieshybrid,3.356960571204059,0.1383726480888202,Hybrid,0,1,15115.98,4039.0,288.0,28.0,0.9380866465504657,1.2791561848447872,1.1329362836920225,bmw,False,True,1,True,True,True,True
2022_bmw_3serieshybrid,G,2022,Germany,PC,0.07500000000000001,0.45,Germany,0.25,Mexico,2,2,2,1,Germany,True,2022,bmw_3serieshybrid,2.968587854267919,0.14638681529247,Hybrid,0,1,15115.98,4039.0,288.0,28.0,1.0536197956263276,1.27000323878321,1.2063253999739498,bmw,False,True,1,True,True,True,True
2017_bmw_4series,G,2017,Germany,PC,0.05,0.625,Germany,,,2,2,2,1,Germany,True,2017,bmw_4series,4.167362877441192,0.111383147528553,ICE,0,0,14498.44,3788.0,284.0,25.0,0.9821469223782773,,1.0889583645033811,bmw,False,True,1,True,True,True,True
2018_bmw_4series,G,2018,Germany,PC,0.05000000000000001,0.6333333333333333,Germany,,,3,3,3,1,Germany,True,2018,bmw_4series,4.19671221407362,0.1089398737836878,ICE,0,0,14506.38,3814.0,248.0,25.0,0.9395051898480684,,1.090866211405912,bmw,False,True,1,True,True,True,True
2019_bmw_4series,G,2019,Germany,PC,0.05000000000000001,0.6333333333333333,Germany,,,3,3,3,1,Germany,True,2019,bmw_4series,4.296268721238695,0.1098882353293844,ICE,0,0,14506.38,3820.5,284.0,25.0,0.9911015224344233,,1.1122065556989225,bmw,False,True,1,True,True,True,True
2020_bmw_4series,G,2020,Germany,PC,0.05,0.625,Germany,,,2,2,2,1,Germany,True,2020,bmw_4series,4.318284453214531,0.1119597478521155,ICE,0,0,14506.38,3827.0,320.0,25.0,0.9713856336917915,,1.1787105855307944,bmw,False,True,1,True,True,True,True
2021_bmw_4series,G,2021,Germany,PC,0.05,0.55,Germany,,,1,1,1,1,Germany,False,2021,bmw_4series,3.6207196428508808,0.1302210549004582,ICE,0,0,15389.010000000002,3708.0,255.0,27.0,0.9380866465504657,,1.1329362836920225,bmw,False,True,1,True,True,True,True
2022_bmw_4series,G,2022,Germany,PC,0.0,0.47,Germany,,,2,2,2,1,Germany,True,2022,bmw_4series,3.281571171635713,0.1340150366929244,ICE,0,0,15389.010000000002,3750.0,255.0,28.0,1.0536197956263276,,1.2063253999739498,bmw,False,True,1,True,True,True,True
2023_bmw_4series,G,2023,Germany,PC,0.005,0.44499999999999995,Germany,,,2,2,2,1,Germany,True,2023,bmw_4series,3.225241551971643,0.1343330421585629,ICE,0,0,15389.010000000002,3792.0,255.0,28.0,1.0261214117788637,,1.1685816287687563,bmw,False,True,1,True,True,True,True
2024_bmw_4series,G,2024,Germany,PC,0.0,0.43,Germany,,,2,2,2,1,Germany,True,2024,bmw_4series,3.2701157737816997,0.1394793112645646,ICE,0,0,15389.010000000002,3792.0,255.0,28.0,1.025067361218186,,1.22610340756905,bmw,False,True,1,True,True,True,True
2017_bmw_5series,G,2017,Germany,PC,0.05,0.625,Germany,,,2,2,2,1,Germany,True,2017,bmw_5series,4.911873144365412,0.1001333412093685,ICE,0,0,16288.02,3878.0,300.0,24.0,0.9821469223782773,,1.0889583645033811,bmw,False,True,1,True,True,True,True
2018_bmw_5series,G,2018,Germany,PC,0.05,0.55,Germany,,,1,1,1,1,Germany,False,2018,bmw_5series,4.9612375767114045,0.0968385201995166,ICE,0,0,16288.02,3878.0,261.0,27.0,0.9395051898480684,,1.090866211405912,bmw,False,True,1,True,True,True,True
2019_bmw_5series,G,2019,Germany,PC,0.05,0.575,Germany,,,2,2,2,1,Germany,True,2019,bmw_5series,4.61612492827985,0.1058616120010469,ICE,0,0,16288.02,3862.5,248.0,27.0,0.9911015224344233,,1.1122065556989225,bmw,False,True,1,True,True,True,True
2020_bmw_5series,G,2020,Germany,PC,0.05,0.6,Germany,,,1,1,1,1,Germany,False,2020,bmw_5series,4.884784547700024,0.1027582370572194,ICE,0,0,16288.02,3862.5,335.0,25.0,0.9713856336917915,,1.1787105855307944,bmw,False,True,1,True,True,True,True
2021_bmw_5series,G,2021,Germany,PC,0.05,0.55,Germany,,,1,1,1,1,Germany,False,2021,bmw_5series,4.382966464877396,0.1129652272991992,ICE,0,0,16388.460000000003,3878.0,248.0,27.0,0.9380866465504657,,1.1329362836920225,bmw,False,True,1,True,True,True,True
2022_bmw_5series,A,2022,Austria,PC,0.005,0.455,Germany,0.17,Other,2,2,2,1,Germany,True,2022,bmw_5series,4.054159771841423,0.1138101152508204,ICE,0,0,16388.460000000003,3942.0,248.0,27.0,1.0536197956263276,,1.2063253999739498,bmw,False,True,1,True,True,True,True
2023_bmw_5series,A,2023,Austria,PC,0.01,0.34,Germany,0.16,Austria,2,1,1,1,Germany,True,2023,bmw_5series,4.025024059826823,0.1123862238743075,ICE,0,0,16388.460000000003,3942.0,248.0,27.0,1.0261214117788637,1.0261214117788637,1.1685816287687563,bmw,False,True,1,True,True,True,True
2024_bmw_5series,G,2024,Germany,PC,0.0,0.48,Germany,,,1,1,1,1,Germany,False,2024,bmw_5series,4.008110455506624,0.1187292359445585,ICE,0,0,16912.08,4158.0,255.0,30.0,1.025067361218186,,1.22610340756905,bmw,False,True,1,True,True,True,True
2016_bmw_6series,G,2016,Germany,PC,0.05,0.775,Germany,,,2,2,2,1,Germany,True,2016,bmw_6series,8.01899959652712,0.0751132207571902,ICE,0,0,15790.320000000002,4365.0,315.0,23.0,1.002357729317206,,1.0814600807837655,bmw,False,True,1,True,True,True,True
2017_bmw_6series,G,2017,Germany,PC,0.05,0.75,Germany,,,2,2,2,1,Germany,True,2017,bmw_6series,7.997284034464207,0.0779700189157015,ICE,0,0,15790.320000000002,4410.0,445.0,19.0,0.9821469223782773,,1.0889583645033811,bmw,False,True,1,True,True,True,True
2018_bmw_6series,G,2018,Germany,PC,0.05000000000000001,0.7000000000000001,Germany,,,3,3,3,1,Germany,True,2018,bmw_6series,8.215283022452553,0.0640816809034885,ICE,0,0,16221.329999999998,4420.0,445.0,20.0,0.9395051898480684,,1.090866211405912,bmw,False,True,1,True,True,True,True
2017_bmw_7series,G,2017,Germany,PC,0.05,0.6,Germany,,,1,1,1,1,Germany,False,2017,bmw_7series,8.630302993192625,0.0741428719806939,ICE,0,0,17643.64,4502.0,445.0,20.0,0.9821469223782773,,1.0889583645033811,bmw,False,True,1,True,True,True,True
2018_bmw_7series,G,2018,Germany,PC,0.05,0.6,Germany,,,1,1,1,1,Germany,False,2018,bmw_7series,7.523904274185655,0.0741545923682285,ICE,0,0,17643.64,4361.0,320.0,23.0,0.9395051898480684,,1.090866211405912,bmw,False,True,1,True,True,True,True
2019_bmw_7series,G,2019,Germany,PC,0.05,0.6,Germany,,,1,1,1,1,Germany,False,2019,bmw_7series,8.645887213738963,0.066726037533387,ICE,0,0,17643.64,4623.0,445.0,20.0,0.9911015224344233,,1.1122065556989225,bmw,False,True,1,True,True,True,True
2020_bmw_7series,G,2020,Germany,PC,0.05,0.6,Germany,,,1,1,1,1,Germany,False,2020,bmw_7series,7.56867444219348,0.0760352435116776,ICE,0,0,17711.960000000003,4381.0,335.0,23.0,0.9713856336917915,,1.1787105855307944,bmw,False,True,1,True,True,True,True
2021_bmw_7series,G,2021,Germany,PC,0.05,0.6,Germany,,,1,1,1,1,Germany,False,2021,bmw_7series,7.22303093058669,0.0802621001043623,ICE,0,0,17711.960000000003,4381.0,335.0,23.0,0.9380866465504657,,1.1329362836920225,bmw,False,True,1,True,True,True,True
2022_bmw_7series,G,2022,Germany,PC,0.01,0.56,Germany,,,1,1,1,1,Germany,False,2022,bmw_7series,7.24388946425364,0.0719547393475858,ICE,0,0,17711.960000000003,4551.5,429.0,21.0,1.0536197956263276,,1.2063253999739498,bmw,False,True,1,True,True,True,True
2024_bmw_7series,G,2024,Germany,PC,0.0,0.34,Germany,,,1,1,1,1,Germany,False,2024,bmw_7series,6.886815975877849,0.0829389112478972,ICE,0,0,18312.86,4855.0,375.0,27.0,1.025067361218186,,1.22610340756905,bmw,False,True,1,True,True,True,True
2020_bmw_8series,G,2020,Germany,PC,0.05,0.6,Germany,,,2,2,2,1,Germany,True,2020,bmw_8series,7.427696587169202,0.0772560513622558,ICE,0,0,16071.509999999998,4211.0,335.0,24.0,0.9713856336917915,,1.1787105855307944,bmw,False,True,1,True,True,True,True
2022_bmw_8series,G,2022,Germany,PC,0.01,0.6,Germany,,,2,2,2,1,Germany,True,2022,bmw_8series,6.564548515343464,0.0776614438305794,ICE,0,0,16071.509999999998,4236.5,335.0,24.0,1.0536197956263276,,1.2063253999739498,bmw,False,True,1,True,True,True,True
2023_bmw_8series,G,2023,Germany,PC,0.01,0.5549999999999999,Germany,,,2,2,2,1,Germany,True,2023,bmw_8series,6.4730908387410775,0.0794076127239436,ICE,0,0,16079.919999999998,4168.0,335.0,24.0,1.0261214117788637,,1.1685816287687563,bmw,False,True,1,True,True,True,True
2024_bmw_8series,G,2024,Germany,PC,0.0,0.35,Germany,0.16,Other,2,2,2,1,Germany,True,2024,bmw_8series,6.468820047340285,0.0871731537266099,ICE,0,0,16079.919999999998,4168.0,335.0,24.0,1.025067361218186,,1.22610340756905,bmw,False,True,1,True,True,True,True
2017_bmw_i3ev,G,2017,Germany,PC,0.05,0.35,Germany,0.2,Korea,1,1,1,1,Germany,False,2017,bmw_i3ev,3.787453716586115,0.1188080232709949,Electric,1,0,12639.22,2961.0,168.0,118.0,0.9821469223782773,1.00004273654287,1.0889583645033811,bmw,False,True,2,False,True,True,False
2018_bmw_i3ev,G,2018,Germany,PC,0.05,0.2,Korea,,,1,1,0,0,,False,2018,bmw_i3ev,3.66248962359709,0.1270225925074714,Electric,1,0,12711.49,2961.0,168.0,118.0,0.9727758973078001,,1.090866211405912,bmw,False,True,2,False,False,True,False
2019_bmw_i3ev,G,2019,Germany,PC,0.05,0.35,Germany,0.2,China,1,1,1,1,Germany,False,2019,bmw_i3ev,3.656028899016043,0.1125983400069922,Electric,1,0,12711.49,2965.0,168.0,113.0,0.9911015224344233,1.1093372260879582,1.1122065556989225,bmw,False,True,2,False,True,True,False
2021_bmw_i3ev,G,2021,Germany,PC,0.05,0.35,Germany,0.2,China,1,1,1,1,Germany,False,2021,bmw_i3ev,3.531009726650844,0.1232208283227443,Electric,1,0,12703.46,3006.0,174.5,113.0,0.9380866465504657,1.0355659429715673,1.1329362836920225,bmw,False,True,2,False,True,True,False
2022_bmw_i4ev,G,2022,Germany,PC,0.0,0.48,Germany,,,1,1,1,1,Germany,False,2022,bmw_i4ev,4.3697002703853425,0.1101942256401479,Electric,1,0,15381.6,4841.5,435.5,102.5,1.0536197956263276,,1.2063253999739498,bmw,False,True,1,True,True,True,True
2023_bmw_i4ev,G,2023,Germany,PC,0.01,0.24,Germany,,,1,1,1,1,Germany,False,2023,bmw_i4ev,3.8425656975033053,0.1348143625221645,Electric,1,0,15381.6,4665.0,335.0,109.0,1.0261214117788637,,1.1685816287687563,bmw,False,True,1,True,True,True,True
2024_bmw_i4ev,G,2024,Germany,PC,0.0,0.34,Germany,0.18,United Kingdom,1,1,1,1,Germany,False,2024,bmw_i4ev,3.7567945135583702,0.1321813249399579,Electric,1,0,15381.6,4665.0,335.0,109.0,1.025067361218186,1.195355565201299,1.22610340756905,bmw,False,True,1,True,True,True,True
2022_bmw_ixev,G,2022,Germany,MPV,0.01,0.31,China,0.3,Germany,1,1,1,1,China,False,2022,bmw_ixev,6.224968068237916,0.0759655177373604,Electric,1,0,17121.0,5659.0,516.0,86.0,1.0818418893654085,1.0536197956263276,1.2063253999739498,bmw,False,True,2,False,True,True,False
2023_bmw_ixev,G,2023,Germany,MPV,0.01,0.36,Hungary,0.21,Germany,1,1,1,1,Hungary,False,2023,bmw_ixev,6.954910852914358,0.0734083924008245,Electric,1,0,17121.0,5714.0,563.0,81.5,1.2640431503673937,1.0261214117788637,1.1685816287687563,bmw,False,True,2,False,True,True,False
2024_bmw_ixev,G,2024,Germany,MPV,0.01,0.21,Hungary,0.16,Germany,1,1,1,1,Hungary,False,2024,bmw_ixev,6.948381890932122,0.0738088989112817,Electric,1,0,17121.0,5744.0,563.0,81.5,1.3091596334117943,1.025067361218186,1.22610340756905,bmw,False,True,2,False,True,True,False
2023_bmw_m2,M,2023,Mexico,PC,0.05,0.4,Germany,0.15,Mexico,1,1,1,1,Germany,False,2023,bmw_m2,4.298560624717416,0.1115013350805577,ICE,0,0,14676.420000000002,3814.0,453.0,19.0,1.0261214117788637,1.120546305774649,1.1685816287687563,bmw,False,True,1,True,True,True,True
2024_bmw_m2,M,2024,Mexico,PC,0.05,0.29,Germany,0.16,Mexico,1,1,1,1,Germany,False,2024,bmw_m2,4.1822325910662475,0.1240944534568371,ICE,0,0,14676.420000000002,3814.0,453.0,19.0,1.025067361218186,1.155006961401666,1.22610340756905,bmw,False,True,1,True,True,True,True
2023_bmw_m3,G,2023,Germany,PC,0.0,0.32,Germany,,,1,1,1,1,Germany,False,2023,bmw_m3,5.553127211001408,0.0916793567738139,ICE,0,0,15392.74,3890.0,503.0,19.0,1.0261214117788637,,1.1685816287687563,bmw,False,True,1,True,True,True,True
2024_bmw_m3,G,2024,Germany,PC,0.0,0.43,Germany,,,2,2,2,1,Germany,True,2024,bmw_m3,5.444862085710164,0.1013746034128509,ICE,0,0,15392.74,3890.0,503.0,19.0,1.025067361218186,,1.22610340756905,bmw,False,True,1,True,True,True,True
2017_bmw_x1,G,2017,Germany,MPV,0.05,0.35,Germany,0.2,Brazil,1,1,1,1,Germany,False,2017,bmw_x1,2.88960989041935,0.1400377816085355,ICE,0,0,14224.94,3620.0,228.0,25.5,0.9821469223782773,0.9592669576882156,1.0889583645033811,bmw,False,True,1,True,True,True,True
2018_bmw_x1,G,2018,Germany,MPV,0.05,0.45,Germany,,,1,1,1,1,Germany,False,2018,bmw_x1,2.925098227640763,0.1367345238889397,ICE,0,0,14224.94,3697.0,228.0,25.0,0.9395051898480684,,1.090866211405912,bmw,False,True,1,True,True,True,True
2019_bmw_x1,G/N,2019,Germany,MPV,0.05,0.45,Germany,,,1,1,1,1,Germany,False,2019,bmw_x1,2.7429847506220115,0.1532433904941225,ICE,0,0,14224.94,3543.0,228.0,26.0,0.9911015224344233,,1.1122065556989225,bmw,False,True,1,True,True,True,True
2020_bmw_x1,G,2020,Germany,MPV,0.05,0.5,Germany,,,1,1,1,1,Germany,False,2020,bmw_x1,2.846768614445032,0.1412642875101379,ICE,0,0,14233.05,3633.5,228.0,26.5,0.9713856336917915,,1.1787105855307944,bmw,False,True,1,True,True,True,True
2021_bmw_x1,G,2021,Germany,MPV,0.05,0.5,Germany,,,1,1,1,1,Germany,False,2021,bmw_x1,2.6105712638540677,0.1567560457405122,ICE,0,0,14233.05,3567.0,228.0,27.0,0.9380866465504657,,1.1329362836920225,bmw,False,True,1,True,True,True,True
2022_bmw_x1,G,2022,Germany,MPV,0.0,0.51,Germany,,,1,1,1,1,Germany,False,2022,bmw_x1,2.467585439342141,0.1627692098248465,ICE,0,0,14233.05,3621.0,228.0,26.5,1.0536197956263276,,1.2063253999739498,bmw,False,True,1,True,True,True,True
2023_bmw_x1,G,2023,Germany,MPV,0.02,0.21,Germany,,,1,1,1,1,Germany,False,2023,bmw_x1,2.551574541073563,0.161012267150387,ICE,0,0,14672.159999999998,3750.0,241.0,28.0,1.0261214117788637,,1.1685816287687563,bmw,False,True,1,True,True,True,True
2024_bmw_x1,G,2024,Germany,MPV,0.0,0.34,Germany,0.16,United Kingdom,1,1,1,1,Germany,False,2024,bmw_x1,2.9080499577529437,0.1484118668666066,ICE,0,0,14680.44,3770.0,276.5,27.0,1.025067361218186,1.195355565201299,1.22610340756905,bmw,False,True,1,True,True,True,True
2019_bmw_x2,G,2019,Germany,MPV,0.05,0.45,Germany,,,1,1,1,1,Germany,False,2019,bmw_x2,3.059225293265879,0.140466873474981,ICE,0,0,14223.719999999998,3662.0,228.0,25.0,0.9911015224344233,,1.1122065556989225,bmw,False,True,1,True,True,True,True
2020_bmw_x2,G,2020,Germany,MPV,0.05,0.45,Germany,,,1,1,1,1,Germany,False,2020,bmw_x2,3.044710870645603,0.1341737286159053,ICE,0,0,14223.719999999998,3662.0,228.0,27.0,0.9713856336917915,,1.1787105855307944,bmw,False,True,1,True,True,True,True
2021_bmw_x2,G,2021,Germany,MPV,0.05,0.45,Germany,,,1,1,1,1,Germany,False,2021,bmw_x2,2.885673679897514,0.1451678280779734,ICE,0,0,14223.719999999998,3664.0,228.0,27.0,0.9380866465504657,,1.1329362836920225,bmw,False,True,1,True,True,True,True
2022_bmw_x2,G,2022,Germany,MPV,0.0,0.39,Germany,,,1,1,1,1,Germany,False,2022,bmw_x2,2.642282130445333,0.1545921825580071,ICE,0,0,14223.719999999998,3664.0,228.0,27.0,1.0536197956263276,,1.2063253999739498,bmw,False,True,1,True,True,True,True
2024_bmw_x2,G,2024,Germany,MPV,0.0,0.35,Germany,0.16,Other,1,1,1,1,Germany,False,2024,bmw_x2,3.018518431864427,0.1444544745724618,ICE,0,0,14846.04,3821.5,276.5,27.0,1.025067361218186,,1.22610340756905,bmw,False,True,1,True,True,True,True
2016_bmw_z4,G,2016,Germany,PC,0.05,0.75,Germany,,,1,1,1,1,Germany,False,2016,bmw_z4,4.369253755415173,0.1097463248207094,ICE,0,0,12825.6,3307.0,240.0,26.0,1.002357729317206,,1.0814600807837655,bmw,False,True,1,True,True,True,True
2019_bmw_z4,A,2019,Austria,PC,0.05,0.5,Germany,0.15,Poland,1,1,1,1,Germany,False,2019,bmw_z4,4.074317830305996,0.1155344984603603,ICE,0,0,13604.79,3287.0,255.0,28.0,0.9911015224344233,1.0185369412388912,1.1122065556989225,bmw,False,True,1,True,True,True,True
2020_bmw_z4,A,2020,Austria,PC,0.05,0.5,Germany,0.15,Poland,1,1,1,1,Germany,False,2020,bmw_z4,5.245598635663522,0.1007684183782114,ICE,0,0,13604.79,3443.0,382.0,26.0,0.9713856336917915,1.0345514436927974,1.1787105855307944,bmw,False,True,1,True,True,True,True
2021_bmw_z4,A,2021,Austria,PC,0.05,0.5,Germany,0.15,Poland,1,1,1,1,Germany,False,2021,bmw_z4,4.404174749228771,0.1118170566485975,ICE,0,0,13604.79,3372.0,318.5,26.5,0.9380866465504657,1.02451695636026,1.1329362836920225,bmw,False,True,1,True,True,True,True
2022_bmw_z4,A,2022,Austria,PC,0.0,0.29,Germany,0.22,Austria,1,1,1,1,Germany,False,2022,bmw_z4,4.084190562069141,0.1119610020556905,ICE,0,0,13604.79,3372.0,318.5,26.5,1.0536197956263276,1.0536197956263276,1.2063253999739498,bmw,False,True,1,True,True,True,True
2023_bmw_z4,A,2023,Austria,PC,0.01,0.27,Germany,0.22,Austria,1,1,1,1,Germany,False,2023,bmw_z4,4.072799558320259,0.113258073508032,ICE,0,0,13604.79,3428.5,318.5,27.0,1.0261214117788637,1.0261214117788637,1.1685816287687563,bmw,False,True,1,True,True,True,True
2016_buick_cascada,H,2016,Poland,,0.06,0.31,Philippines,,,1,1,1,1,Philippines,False,2016,buick_cascada,2.894266402323834,0.1520605565348794,ICE,0,0,14699.55,3979.0,200.0,23.0,1.0437252690738317,,1.0814600807837655,buick,False,True,2,False,True,True,False
2017_buick_cascada,PL,2017,Poland,PC,0.06,0.32,Poland,,,1,1,1,1,Poland,False,2017,buick_cascada,2.9668408775534,0.1492474043819959,ICE,0,0,14699.55,3979.0,200.0,23.0,1.0026086571163284,,1.0889583645033811,buick,False,True,2,False,True,True,False
2018_buick_cascada,P,2018,Poland,PC,0.07,0.33,Philippines,,,1,1,1,1,Philippines,False,2018,buick_cascada,2.902713120525468,0.147378380946661,ICE,0,0,14699.55,3979.0,200.0,24.0,1.15732182913065,,1.090866211405912,buick,False,True,2,False,True,True,False
2019_buick_cascada,PL,2019,Poland,PC,0.06,0.33,Poland,0.15,Germany,1,1,1,1,Poland,False,2019,buick_cascada,2.831071369622694,0.1531878947405736,ICE,0,0,14699.55,3979.0,200.0,24.0,1.0185369412388912,0.9911015224344233,1.1122065556989225,buick,False,True,2,False,True,True,False
2016_buick_encore,K,2016,Korea,MPV,0.03,0.68,Korea,0.18,China,1,1,1,1,Korea,False,2016,buick_encore,2.287686662892741,0.1749106144549204,ICE,0,0,11771.160000000002,3297.5,138.0,29.5,1.0263627340670805,1.0669594402970022,1.0814600807837655,buick,False,True,1,True,True,True,True
2017_buick_encore,K,2017,Korea,MPV,0.05,0.65,Korea,0.19,China,1,1,1,1,Korea,False,2017,buick_encore,2.1799246563601278,0.1865674147485659,ICE,0,0,11771.160000000002,3237.0,138.0,28.0,1.00004273654287,1.0853098963155674,1.0889583645033811,buick,False,True,1,True,True,True,True
2018_buick_encore,K,2018,Korea,MPV,0.04,0.69,Korea,0.17,China,1,1,1,1,Korea,False,2018,buick_encore,2.109918237480773,0.1944342274096022,ICE,0,0,11771.160000000002,3237.0,138.0,30.0,0.9727758973078001,1.0623796403973003,1.090866211405912,buick,False,True,1,True,True,True,True
2019_buick_encore,K,2019,Korea,MPV,0.04,0.7,Korea,0.15,China,1,1,1,1,Korea,False,2019,buick_encore,1.891270310669243,0.2182003352515157,ICE,0,0,11804.84,3237.0,138.0,27.0,1.0304212599556568,1.1093372260879582,1.1122065556989225,buick,False,True,1,True,True,True,True
2020_buick_encore,"K, Bupyeong",2020,Korea,MPV,0.035,0.535,Korea,0.26,Mexico,2,2,2,1,Korea,True,2020,buick_encore,1.828219486585399,0.2306802224806312,ICE,0,0,11804.84,3237.0,138.0,27.0,1.0436033635364879,1.3557071430827963,1.1787105855307944,buick,False,True,1,True,True,True,True
2021_buick_encore,K,2021,Korea,MPV,0.035,0.535,Korea,0.29,Mexico,2,2,2,1,Korea,True,2021,buick_encore,1.6403271926663878,0.2375413032769006,ICE,0,0,11804.84,3237.0,155.0,27.0,1.0114939990848422,1.2791561848447872,1.1329362836920225,buick,False,True,1,True,True,True,True
2022_buick_encore,K,2022,Korea,MPV,0.035,0.535,Korea,0.29,Mexico,2,2,2,1,Korea,True,2022,buick_encore,1.5024338442646101,0.2551033743421895,ICE,0,0,11804.84,3254.5,155.0,26.5,1.1419106169357243,1.27000323878321,1.2063253999739498,buick,False,True,1,True,True,True,True
2016_buick_envision,CH,2016,China,MPV,0.05,0.85,China,,,1,1,1,1,China,False,2016,buick_envision,3.746002105240349,0.1257386831120162,ICE,0,0,13299.88,4047.0,252.0,22.0,1.0669594402970022,,1.0814600807837655,buick,False,True,1,True,True,True,True
2017_buick_envision,CH,2017,China,MPV,0.02,0.88,China,,,1,1,1,1,China,False,2017,buick_envision,3.1365323610738125,0.1400502911101033,ICE,0,0,13299.88,3842.0,197.0,24.5,1.0853098963155674,,1.0889583645033811,buick,False,True,1,True,True,True,True
2018_buick_envision,CH,2018,China,MPV,0.11,0.86,China,,,1,1,1,1,China,False,2018,buick_envision,3.049816126406366,0.1433560755026957,ICE,0,0,13299.88,3842.0,197.0,24.5,1.0623796403973003,,1.090866211405912,buick,False,True,1,True,True,True,True
2019_buick_envision,CH,2019,China,MPV,0.06999999999999999,0.9099999999999999,China,,,2,2,2,1,China,True,2019,buick_envision,2.7756467193742362,0.1570292906985865,ICE,0,0,13299.88,3842.0,197.0,24.5,1.1093372260879582,,1.1122065556989225,buick,False,True,1,True,True,True,True
2020_buick_envision,CH,2020,China,MPV,0.01,0.94,China,,,1,1,1,1,China,False,2020,buick_envision,2.721111893446377,0.1635726218953115,ICE,0,0,13299.88,3842.0,197.0,24.5,1.1081139816310028,,1.1787105855307944,buick,False,True,1,True,True,True,True
2022_buick_envision,CH,2022,China,MPV,0.01,0.94,China,,,1,1,1,1,China,False,2022,buick_envision,2.3821234834267973,0.1736031579519032,ICE,0,0,13523.249999999998,3759.0,228.0,26.0,1.0818418893654085,,1.2063253999739498,buick,False,True,1,True,True,True,True
2016_buick_regal,CN,2016,Canada,PC,0.65,0.2,Mexico,,,1,1,1,1,Mexico,False,2016,buick_regal,2.633616643221103,0.1639644002647052,ICE,0,0,13903.62,3702.0,259.0,24.0,1.1776719005700578,,1.0814600807837655,buick,False,True,2,False,True,True,False
2017_buick_regal,CN,2017,Canada,PC,0.6,0.21,Mexico,,,1,1,1,1,Mexico,False,2017,buick_regal,2.5421722047362723,0.1664373586732505,ICE,0,0,13903.62,3707.0,259.0,23.5,1.1942325974251164,,1.0889583645033811,buick,False,True,2,False,True,True,False
2018_buick_regal,G,2018,Germany,PC,0.26,0.29,Germany,,,1,1,1,1,Germany,False,2018,buick_regal,2.501530419065345,0.1657678165521843,ICE,0,0,14139.57,3849.0,250.0,24.0,0.9395051898480684,,1.090866211405912,buick,False,True,2,False,True,True,False
2019_buick_regal,G,2019,Germany,PC,0.26,0.32,Germany,,,1,1,1,1,Germany,False,2019,buick_regal,2.444994428305866,0.1696846990202264,ICE,0,0,14139.57,3844.5,250.0,25.0,0.9911015224344233,,1.1122065556989225,buick,False,True,2,False,True,True,False
2020_buick_regal,"G, Russelsheim ",2020,Germany,PC,0.21,0.25,Germany,0.23,Vietnam,1,1,1,1,Germany,False,2020,buick_regal,2.4622718288508247,0.1693669203332797,ICE,0,0,14139.57,3840.0,250.0,25.0,0.9713856336917915,1.0696299633587958,1.1787105855307944,buick,False,True,2,False,True,True,False
2016_cadillac_xts,CN,2016,Canada,PC,0.65,0.2,Mexico,,,1,1,1,1,Mexico,False,2016,cadillac_xts,5.044216261521369,0.1010089579301278,ICE,0,0,14725.8,4110.5,304.0,21.0,1.1776719005700578,,1.0814600807837655,cadillac,False,True,1,True,True,True,True
2017_cadillac_xts,CN,2017,Canada,PC,0.6,0.21,Mexico,,,1,1,1,1,Mexico,False,2017,cadillac_xts,4.973357765626291,0.1007372526634723,ICE,0,0,14725.8,4110.5,304.0,21.0,1.1942325974251164,,1.0889583645033811,cadillac,False,True,1,True,True,True,True
2018_cadillac_xts,CN,2018,Canada,PC,0.54,0.21,Mexico,,,1,1,1,1,Mexico,False,2018,cadillac_xts,4.812133181201811,0.1023110045792032,ICE,0,0,14645.610000000002,4021.0,304.0,22.0,1.2142868409974832,,1.090866211405912,cadillac,False,True,1,True,True,True,True
2019_cadillac_xts,CN,2019,Canada,PC,0.48,0.3,Mexico,,,1,1,1,1,Mexico,False,2019,cadillac_xts,4.751007561590363,0.1053536796097078,ICE,0,0,14645.610000000002,4021.0,304.0,22.0,1.2155041135485891,,1.1122065556989225,cadillac,False,True,1,True,True,True,True
2019_chevrolet_blazer,M,2019,Mexico,MPV,0.54,0.22,Mexico,,,1,1,1,1,Mexico,False,2019,chevrolet_blazer,2.948858442254569,0.1515914441929885,ICE,0,0,14680.38,4043.0,305.0,22.0,1.2155041135485891,,1.1122065556989225,chevrolet,False,True,1,True,True,True,True
2020_chevrolet_blazer,"M, Ramos Arizpe",2020,Mexico,MPV,0.52,0.21,Mexico,,,1,1,1,1,Mexico,False,2020,chevrolet_blazer,2.845930194577621,0.1600789894948814,ICE,0,0,14680.38,4043.0,308.0,21.0,1.3557071430827963,,1.1787105855307944,chevrolet,False,True,1,True,True,True,True
2021_chevrolet_blazer,"M, Ramos Arizpe",2021,Mexico,MPV,0.49,0.25,Mexico,,,1,1,1,1,Mexico,False,2021,chevrolet_blazer,2.766157826822683,0.1587790967283489,ICE,0,0,14680.38,4019.0,227.0,23.0,1.2791561848447872,,1.1329362836920225,chevrolet,False,True,1,True,True,True,True
2022_chevrolet_blazer,"M, Ramos Arizpe",2022,Mexico,MPV,0.49,0.25,Mexico,,,1,1,1,1,Mexico,False,2022,chevrolet_blazer,2.7486253727873637,0.1576649322228574,ICE,0,0,14680.38,4081.0,228.0,24.0,1.27000323878321,,1.2063253999739498,chevrolet,False,True,1,True,True,True,True
2024_chevrolet_blazer,M,2024,Mexico,MPV,0.31,0.35,Mexico,,,1,1,1,1,Mexico,False,2024,chevrolet_blazer,2.657377046569513,0.1625284513567551,ICE,0,0,14718.73,4079.0,228.0,24.0,1.155006961401666,,1.22610340756905,chevrolet,False,True,1,True,True,True,True
2016_chevrolet_cityexpress,M,2016,Mexico,MPV,0.15,0.55,Mexico,0.15,Japan,1,1,1,1,Mexico,False,2016,chevrolet_cityexpress,1.797450989696062,0.1993826548746599,ICE,0,0,12687.03,3261.5,131.0,25.0,1.1776719005700578,0.8987878531868756,1.0814600807837655,chevrolet,False,True,1,True,True,True,True
2017_chevrolet_cityexpress,M,2017,Mexico,Truck,0.2,0.55,Mexico,0.15,Japan,1,1,1,1,Mexico,False,2017,chevrolet_cityexpress,1.7820889182555972,0.1973015007125714,ICE,0,0,12687.03,3261.5,131.0,25.0,1.1942325974251164,0.9266557391109638,1.0889583645033811,chevrolet,False,True,1,True,True,True,True
2018_chevrolet_cityexpress,M,2018,Mexico,Truck,0.2,0.6,Mexico,0.15,Japan,1,1,1,1,Mexico,False,2018,chevrolet_cityexpress,1.7497586876450342,0.2038401308408072,ICE,0,0,12687.03,3261.5,131.0,25.0,1.2142868409974832,0.9122563353409684,1.090866211405912,chevrolet,False,True,1,True,True,True,True
2017_chevrolet_cruze,US,2017,Mexico,PC,0.44,0.32,Mexico,,,1,1,1,1,Mexico,False,2017,chevrolet_cruze,1.591519412260313,0.2250879880462299,ICE,0,0,12950.85,2892.0,153.0,32.0,1.1942325974251164,,1.0889583645033811,chevrolet,False,True,1,True,True,True,True
2016_chevrolet_equinox,US,2016,Canada,MPV,0.65,0.15,Mexico,,,1,1,1,1,Mexico,False,2016,chevrolet_equinox,2.307799985364572,0.1771082240289738,ICE,0,0,13615.5,3926.0,182.0,23.0,1.1776719005700578,,1.0814600807837655,chevrolet,False,True,1,True,True,True,True
2018_chevrolet_equinox,CN,2018,Mexico,MPV,0.45,0.4,Mexico,,,1,1,1,1,Mexico,False,2018,chevrolet_equinox,2.408203127503403,0.1715987103661485,ICE,0,0,13293.059999999998,3485.0,170.0,28.0,1.2142868409974832,,1.090866211405912,chevrolet,False,True,1,True,True,True,True
2019_chevrolet_equinox,CN,2019,Mexico,MPV,0.37,0.41,Mexico,,,1,1,1,1,Mexico,False,2019,chevrolet_equinox,2.2720806860737968,0.183290166939408,ICE,0,0,13293.059999999998,3478.0,170.0,27.5,1.2155041135485891,,1.1122065556989225,chevrolet,False,True,1,True,True,True,True
2020_chevrolet_equinox,M,2020,Mexico,MPV,0.47,0.29,Mexico,,,1,1,1,1,Mexico,False,2020,chevrolet_equinox,2.175675830243707,0.1946436320103508,ICE,0,0,13293.059999999998,3465.0,170.0,27.0,1.3557071430827963,,1.1787105855307944,chevrolet,False,True,1,True,True,True,True
2021_chevrolet_equinox,M,2021,Mexico,MPV,0.38,0.4,Mexico,,,1,1,1,1,Mexico,False,2021,chevrolet_equinox,1.94286937183443,0.2065738397440104,ICE,0,0,13293.059999999998,3325.0,170.0,28.0,1.2791561848447872,,1.1329362836920225,chevrolet,False,True,1,True,True,True,True
2022_chevrolet_equinox,M,2022,Mexico,MPV,0.38,0.4,Mexico,,,1,1,1,1,Mexico,False,2022,chevrolet_equinox,1.744687656801998,0.226310210475417,ICE,0,0,13293.059999999998,3350.0,170.0,28.0,1.27000323878321,,1.2063253999739498,chevrolet,False,True,1,True,True,True,True
2024_chevrolet_equinox,M,2024,Mexico,MPV,0.2,0.42,Mexico,,,1,1,1,1,Mexico,False,2024,chevrolet_equinox,1.7418827309871059,0.2250063997197138,ICE,0,0,13293.059999999998,3350.0,175.0,28.0,1.155006961401666,,1.22610340756905,chevrolet,False,True,1,True,True,True,True
2016_chevrolet_impala,CN,2016,Canada,PC,0.65,0.2,Mexico,,,1,1,1,1,Mexico,False,2016,chevrolet_impala,2.485054274403337,0.1731524041396059,ICE,0,0,16969.59,3800.0,260.0,22.0,1.1776719005700578,,1.0814600807837655,chevrolet,False,True,1,True,True,True,True
2018_chevrolet_impala,US,2018,Canada,PC,0.54,0.21,Mexico,,,1,1,1,1,Mexico,False,2018,chevrolet_impala,2.1319762508267672,0.1902436477959246,ICE,0,0,16969.59,3702.0,305.0,22.0,1.2142868409974832,,1.090866211405912,chevrolet,False,True,1,True,True,True,True
2019_chevrolet_impala,US,2019,Canada,PC,0.48,0.3,Mexico,,,1,1,1,1,Mexico,False,2019,chevrolet_impala,2.09284583224951,0.1941550497214186,ICE,0,0,16969.59,3702.0,305.0,22.0,1.2155041135485891,,1.1122065556989225,chevrolet,False,True,1,True,True,True,True
2016_chevrolet_spark,K,2016,Korea,PC,0.02,0.68,Korea,,,1,1,1,1,Korea,False,2016,chevrolet_spark,0.990232627372223,0.3171486430081443,ICE,0,0,8986.679999999998,2266.0,98.0,34.0,1.0263627340670805,,1.0814600807837655,chevrolet,False,True,1,True,True,True,True
2017_chevrolet_spark,K,2017,Korea,PC,0.02,0.69,Korea,,,1,1,1,1,Korea,False,2017,chevrolet_spark,1.079289724569838,0.2991040240131324,ICE,0,0,8986.679999999998,2266.0,98.0,33.0,1.00004273654287,,1.0889583645033811,chevrolet,False,True,1,True,True,True,True
2018_chevrolet_spark,K,2018,Korea,PC,0.01,0.73,Korea,,,1,1,1,1,Korea,False,2018,chevrolet_spark,1.044195014735427,0.3074691646936231,ICE,0,0,8986.679999999998,2266.0,98.0,33.0,0.9727758973078001,,1.090866211405912,chevrolet,False,True,1,True,True,True,True
2019_chevrolet_spark,K,2019,Korea,PC,0.01,0.74,Korea,,,1,1,1,1,Korea,False,2019,chevrolet_spark,1.037483635434088,0.3098987922339725,ICE,0,0,8986.679999999998,2266.0,98.0,33.0,1.0304212599556568,,1.1122065556989225,chevrolet,False,True,1,True,True,True,True
2020_chevrolet_spark,"K, Changwon",2020,Korea,PC,0.01,0.76,Korea,,,1,1,1,1,Korea,False,2020,chevrolet_spark,1.00193111651733,0.3328708118027195,ICE,0,0,8986.679999999998,2266.0,98.0,33.0,1.0436033635364879,,1.1787105855307944,chevrolet,False,True,1,True,True,True,True
2021_chevrolet_spark,"K, Changwon",2021,Korea,PC,0.01,0.76,Korea,,,1,1,1,1,Korea,False,2021,chevrolet_spark,0.983460136804783,0.3225619003493097,ICE,0,0,8986.679999999998,2266.0,98.0,33.0,1.0114939990848422,,1.1329362836920225,chevrolet,False,True,1,True,True,True,True
2022_chevrolet_spark,"K, Changwon",2022,Korea,PC,0.01,0.76,Korea,,,1,1,1,1,Korea,False,2022,chevrolet_spark,0.892367246037259,0.3360889306459003,ICE,0,0,8986.679999999998,2266.0,98.0,33.0,1.1419106169357243,,1.2063253999739498,chevrolet,False,True,1,True,True,True,True
2021_chevrolet_trailblazer,K,2021,Korea,MPV,0.03,0.44,Korea,0.29,Mexico,1,1,1,1,Korea,False,2021,chevrolet_trailblazer,1.5715157195869631,0.2417868216406798,ICE,0,0,12353.2,3030.0,155.0,29.0,1.0114939990848422,1.2791561848447872,1.1329362836920225,chevrolet,False,True,1,True,True,True,True
2022_chevrolet_trailblazer,K,2022,Korea,MPV,0.03,0.44,Korea,0.29,Mexico,1,1,1,1,Korea,False,2022,chevrolet_trailblazer,1.433836643628782,0.262158956444493,ICE,0,0,12353.2,3057.0,155.0,30.0,1.1419106169357243,1.27000323878321,1.2063253999739498,chevrolet,False,True,1,True,True,True,True
2024_chevrolet_trailblazer,K,2024,Korea,MPV,0.03,0.55,Korea,0.21,Mexico,1,1,1,1,Korea,False,2024,chevrolet_trailblazer,1.390541772680638,0.2667087698228548,ICE,0,0,12388.8,3095.0,155.0,31.0,1.2055103994199579,1.155006961401666,1.22610340756905,chevrolet,False,True,1,True,True,True,True
2016_chevrolet_trax,K,2016,Korea,MPV,0.10500000000000001,0.73,Korea,0.55,Mexico,2,2,2,2,Korea | Mexico,True,2016,chevrolet_trax,1.674734325302808,0.2220488558569183,ICE,0,0,11687.28,2805.0,138.0,29.0,1.0263627340670805,1.1776719005700578,1.0814600807837655,chevrolet,False,True,1,True,True,False,False
2017_chevrolet_trax,K,2017,Korea,MPV,0.05,0.65,Korea,0.19,China,2,1,1,1,Korea,True,2017,chevrolet_trax,1.7364506555867658,0.2158088633276656,ICE,0,0,11715.24,2805.0,138.0,28.0,1.00004273654287,1.0853098963155674,1.0889583645033811,chevrolet,False,True,1,True,True,True,True
2018_chevrolet_trax,M,2018,Mexico,MPV,0.07,0.72,Korea,0.5,Mexico,2,2,2,2,Korea | Mexico,True,2018,chevrolet_trax,1.6895546730639448,0.2183089594237013,ICE,0,0,11715.24,3201.0,138.0,28.0,0.9727758973078001,1.2142868409974832,1.090866211405912,chevrolet,False,True,1,True,True,False,False
2019_chevrolet_trax,M,2019,Korea,MPV,0.115,0.7,Korea,0.54,Mexico,2,2,2,2,Korea | Mexico,True,2019,chevrolet_trax,1.6746899702184301,0.2211948465936051,ICE,0,0,11715.24,3201.0,138.0,28.0,1.0304212599556568,1.2155041135485891,1.1122065556989225,chevrolet,False,True,1,True,True,False,False
2020_chevrolet_trax,"K, Bupyeong",2020,Mexico,MPV,0.09000000000000001,0.62,Korea,0.54,Mexico,2,2,2,2,Korea | Mexico,True,2020,chevrolet_trax,1.6197781563440818,0.2375989620206832,ICE,0,0,11715.24,3201.0,138.0,28.0,1.0436033635364879,1.3557071430827963,1.1787105855307944,chevrolet,False,True,1,True,True,False,False
2021_chevrolet_trax,"K, Bupyeong",2021,Korea,MPV,0.04,0.62,Korea,,,1,1,1,1,Korea,False,2021,chevrolet_trax,1.4595612610421211,0.2420754782252139,ICE,0,0,11715.24,3146.0,155.0,28.0,1.0114939990848422,,1.1329362836920225,chevrolet,False,True,1,True,True,True,True
2022_chevrolet_trax,"K, Bupyeong",2022,Korea,MPV,0.04,0.62,Korea,,,1,1,1,1,Korea,False,2022,chevrolet_trax,1.298442506681037,0.2717511857435765,ICE,0,0,11715.24,3146.0,155.0,27.0,1.1419106169357243,,1.2063253999739498,chevrolet,False,True,1,True,True,True,True
2024_chevrolet_trax,K,2024,Korea,MPV,0.02,0.5,Korea,0.18,China,1,1,1,1,Korea,False,2024,chevrolet_trax,1.1848674845400669,0.2935474780382432,ICE,0,0,12805.62,3062.0,137.0,30.0,1.2055103994199579,1.1557614129762386,1.22610340756905,chevrolet,False,True,1,True,True,True,True
2017_chrysler_300,CN,2017,Canada,PC,0.63,0.24,Mexico,,,1,1,1,1,Mexico,False,2017,chrysler_300,3.1647375802888087,0.1426589398850245,ICE,0,0,14895.0,4013.0,300.0,21.0,1.1942325974251164,,1.0889583645033811,chrysler,False,True,1,True,True,True,True
2019_chrysler_300,CAN,2019,Canada,PC,0.68,0.21,Mexico,,,1,1,1,1,Mexico,False,2019,chrysler_300,2.838743869585541,0.1584752997540237,ICE,0,0,14895.0,4013.0,292.0,21.0,1.2155041135485891,,1.1122065556989225,chrysler,False,True,1,True,True,True,True
2020_chrysler_300,Brampton ON Canada,2020,Canada,PC,0.68,0.2,Mexico,,,1,1,1,1,Mexico,False,2020,chrysler_300,2.844094723477789,0.1605072481667782,ICE,0,0,14895.0,4013.0,292.0,21.0,1.3557071430827963,,1.1787105855307944,chrysler,False,True,1,True,True,True,True
2021_chrysler_300,Brampton ON Canada,2021,Canada,PC,0.69,0.17,Mexico,,,1,1,1,1,Mexico,False,2021,chrysler_300,2.529529626451948,0.1706334812380628,ICE,0,0,14895.0,4013.0,292.0,23.0,1.2791561848447872,,1.1329362836920225,chrysler,False,True,1,True,True,True,True
2022_chrysler_300,Brampton ON Canada,2022,Canada,PC,0.68,0.19,Mexico,,,1,1,1,1,Mexico,False,2022,chrysler_300,2.453356628506373,0.1754123840875865,ICE,0,0,14895.0,4013.0,292.0,23.0,1.27000323878321,,1.2063253999739498,chrysler,False,True,1,True,True,True,True
2023_chrysler_300,Brampton ON Canada,2023,Canada,PC,0.68,0.19,Mexico,,,1,1,1,1,Mexico,False,2023,chrysler_300,2.479627856432021,0.1745356052581313,ICE,0,0,14895.0,4140.0,292.0,22.0,1.120546305774649,,1.1685816287687563,chrysler,False,True,1,True,True,True,True
2017_chrysler_pacifica,CN,2017,Canada,MPV,0.62,0.22,Mexico,,,1,1,1,1,Mexico,False,2017,chrysler_pacifica,2.492368158000402,0.2034764028153071,ICE,0,0,18405.44,4330.0,287.0,22.0,1.1942325974251164,,1.0889583645033811,chrysler,False,True,1,True,True,True,True
2019_chrysler_pacifica,CAN,2019,Canada,MPV,0.57,0.26,Mexico,,,1,1,1,1,Mexico,False,2019,chrysler_pacifica,2.810782394831937,0.1758224136879001,ICE,0,0,18423.52,4330.0,287.0,22.0,1.2155041135485891,,1.1122065556989225,chrysler,False,True,1,True,True,True,True
2020_chrysler_pacifica,Windsor ON Canada,2020,Canada,MPV,0.54,0.22,Mexico,,,1,1,1,1,Mexico,False,2020,chrysler_pacifica,3.0362191482501637,0.1760685724198818,ICE,0,0,18468.72,4330.0,287.0,22.0,1.3557071430827963,,1.1787105855307944,chrysler,False,True,1,True,True,True,True
2021_chrysler_pacifica,Windsor ON Canada,2021,Canada,MPV,0.68,0.23,Mexico,,,1,1,1,1,Mexico,False,2021,chrysler_pacifica,2.784852120460719,0.1947485720737295,ICE,0,0,18468.72,4883.0,287.0,20.0,1.2791561848447872,,1.1329362836920225,chrysler,False,True,1,True,True,True,True
2022_chrysler_pacifica,Windsor ON Canada,2022,Canada,MPV,0.69,0.21,Mexico,,,1,1,1,1,Mexico,False,2022,chrysler_pacifica,2.863254642390375,0.1985086379339746,ICE,0,0,18468.72,4521.0,287.0,22.0,1.27000323878321,,1.2063253999739498,chrysler,False,True,1,True,True,True,True
2023_chrysler_pacifica,Windsor ON Canada,2023,Canada,MPV,0.69,0.21,Mexico,,,1,1,1,1,Mexico,False,2023,chrysler_pacifica,2.939581570057423,0.1795756371676415,ICE,0,0,18468.72,4521.0,287.0,22.0,1.120546305774649,,1.1685816287687563,chrysler,False,True,1,True,True,True,True
2024_chrysler_pacifica,Windsor ON Canada,2024,Canada,MPV,0.66,0.22,Mexico,,,1,1,1,1,Mexico,False,2024,chrysler_pacifica,2.943939148432237,0.1653692477928876,ICE,0,0,18468.72,4521.0,287.0,22.0,1.155006961401666,,1.22610340756905,chrysler,False,True,1,True,True,True,True
2020_chrysler_voyager,Windsor ON Canada,2020,Canada,MPV,0.54,0.22,Mexico,,,1,1,1,1,Mexico,False,2020,chrysler_voyager,2.097478984012145,0.231276506363158,ICE,0,0,18423.52,4330.0,287.0,22.0,1.3557071430827963,,1.1787105855307944,chrysler,False,True,1,True,True,True,True
2021_chrysler_voyager,Windsor ON Canada,2021,Canada,MPV,0.68,0.23,Mexico,,,1,1,1,1,Mexico,False,2021,chrysler_voyager,2.0295395426552423,0.2482354664842105,ICE,0,0,18423.52,4330.0,287.0,22.0,1.2791561848447872,,1.1329362836920225,chrysler,False,True,1,True,True,True,True
2022_chrysler_voyager,Windsor ON Canada,2022,Canada,MPV,0.68,0.23,Mexico,,,1,1,1,1,Mexico,False,2022,chrysler_voyager,2.116492862496156,0.2459502850619724,ICE,0,0,18423.52,4330.0,287.0,22.0,1.27000323878321,,1.2063253999739498,chrysler,False,True,1,True,True,True,True
2017_dodge_challenger,CN,2017,Canada,PC,0.6,0.29,Mexico,,,1,1,1,1,Mexico,False,2017,dodge_challenger,3.126050742531934,0.1491273981154473,ICE,0,0,16979.82,4190.0,375.0,18.0,1.1942325974251164,,1.0889583645033811,dodge,False,True,1,True,True,True,True
2019_dodge_challenger,CAN,2019,Canada,PC,0.6,0.29,Mexico,,,1,1,1,1,Mexico,False,2019,dodge_challenger,3.075266901569968,0.1545637547605388,ICE,0,0,16900.66,4234.0,485.0,18.0,1.2155041135485891,,1.1122065556989225,dodge,False,True,1,True,True,True,True
2020_dodge_challenger,Brampton ON Canada,2020,Canada,PC,0.6,0.27,Mexico,,,1,1,1,1,Mexico,False,2020,dodge_challenger,3.450724587797276,0.1530382089132314,ICE,0,0,16900.66,4230.0,485.0,18.0,1.3557071430827963,,1.1787105855307944,dodge,False,True,1,True,True,True,True
2021_dodge_challenger,Brampton ON Canada,2021,Canada,PC,0.66,0.23,Mexico,,,1,1,1,1,Mexico,False,2021,dodge_challenger,3.2607444113621096,0.1568702514074084,ICE,0,0,16883.58,4270.5,485.0,17.5,1.2791561848447872,,1.1329362836920225,dodge,False,True,1,True,True,True,True
2022_dodge_challenger,Brampton ON Canada,2022,Canada,PC,0.67,0.21,Mexico,,,1,1,1,1,Mexico,False,2022,dodge_challenger,3.482160792618493,0.1575823619921488,ICE,0,0,16866.5,4298.0,485.0,17.0,1.27000323878321,,1.2063253999739498,dodge,False,True,1,True,True,True,True
2023_dodge_challenger,Brampton ON Canada,2023,Canada,PC,0.67,0.21,Mexico,,,1,1,1,1,Mexico,False,2023,dodge_challenger,3.088639530873845,0.1598599826224055,ICE,0,0,16900.66,4223.0,485.0,18.0,1.120546305774649,,1.1685816287687563,dodge,False,True,1,True,True,True,True
2017_dodge_charger,CN,2017,Canada,PC,0.63,0.23,Mexico,,,2,2,2,1,Mexico,True,2017,dodge_charger,2.7045212991694068,0.1637152623461804,ICE,0,0,14880.0,4251.5,370.0,19.0,1.1942325974251164,,1.0889583645033811,dodge,False,True,1,True,True,True,True
2019_dodge_charger,CAN,2019,Canada,PC,0.67,0.23,Mexico,,,1,1,1,1,Mexico,False,2019,dodge_charger,2.5230036311914237,0.1738140767447747,ICE,0,0,14880.0,4162.0,335.0,21.0,1.2155041135485891,,1.1122065556989225,dodge,False,True,1,True,True,True,True
2020_dodge_charger,Brampton ON Canada,2020,Canada,PC,0.66,0.22,Mexico,,,1,1,1,1,Mexico,False,2020,dodge_charger,2.718493385269216,0.1695205220359133,ICE,0,0,16606.16,4261.5,335.0,20.0,1.3557071430827963,,1.1787105855307944,dodge,False,True,1,True,True,True,True
2021_dodge_charger,Brampton ON Canada,2021,Canada,PC,0.7,0.17,Mexico,,,1,1,1,1,Mexico,False,2021,dodge_charger,2.6845589541691526,0.1701309661445503,ICE,0,0,16606.16,4312.0,335.0,19.0,1.2791561848447872,,1.1329362836920225,dodge,False,True,1,True,True,True,True
2022_dodge_charger,Brampton ON Canada,2022,Canada,PC,0.71,0.18,Mexico,,,1,1,1,1,Mexico,False,2022,dodge_charger,2.555919709960814,0.1833877211124753,ICE,0,0,16606.16,4338.0,370.0,19.0,1.27000323878321,,1.2063253999739498,dodge,False,True,1,True,True,True,True
2023_dodge_charger,Brampton ON Canada,2023,Canada,PC,0.71,0.18,Mexico,,,1,1,1,1,Mexico,False,2023,dodge_charger,2.820115444057309,0.1670340075412142,ICE,0,0,16606.16,4347.0,370.0,19.0,1.120546305774649,,1.1685816287687563,dodge,False,True,1,True,True,True,True
2017_dodge_grandcaravan,CN,2017,Canada,MPV,0.7,0.18,Mexico,,,1,1,1,1,Mexico,False,2017,dodge_grandcaravan,2.153424961561479,0.2238985783379918,ICE,0,0,17947.8,4510.0,283.0,20.0,1.1942325974251164,,1.0889583645033811,dodge,False,True,1,True,True,True,True
2019_dodge_grandcaravan,CAN,2019,Canada,MPV,0.76,0.15,Mexico,,,1,1,1,1,Mexico,False,2019,dodge_grandcaravan,2.3994909930690502,0.2044198154521846,ICE,0,0,18027.45,4510.0,283.0,14.0,1.2155041135485891,,1.1122065556989225,dodge,False,True,1,True,True,True,True
2020_dodge_grandcaravan,Windsor ON Canada,2020,Canada,MPV,0.74,0.14,Mexico,,,1,1,1,1,Mexico,False,2020,dodge_grandcaravan,2.1512367704104953,0.2254816206020277,ICE,0,0,18027.45,4510.0,283.0,20.0,1.3557071430827963,,1.1787105855307944,dodge,False,True,1,True,True,True,True
2017_dodge_journey,M,2017,Mexico,MPV,0.27,0.62,Mexico,,,1,1,1,1,Mexico,False,2017,dodge_journey,2.101082395174565,0.1950762956372807,ICE,0,0,16103.88,4054.0,283.0,19.0,1.1942325974251164,,1.0889583645033811,dodge,False,True,1,True,True,True,True
2019_dodge_journey,M,2019,Mexico,MPV,0.35,0.57,Mexico,,,1,1,1,1,Mexico,False,2019,dodge_journey,2.109759594344924,0.1962479312964051,ICE,0,0,16103.88,4054.0,283.0,19.0,1.2155041135485891,,1.1122065556989225,dodge,False,True,1,True,True,True,True
2020_dodge_journey,Toluca Mexico,2020,Mexico,MPV,0.25,0.69,Mexico,,,1,1,1,1,Mexico,False,2020,dodge_journey,1.899369739369311,0.2063976667959336,ICE,0,0,16103.88,3936.0,172.0,21.0,1.3557071430827963,,1.1787105855307944,dodge,False,True,1,True,True,True,True
2017_fiat_124spider,J,2017,Japan,PC,0.0,0.75,Japan,0.2,Italy,1,1,1,1,Japan,False,2017,fiat_124spider,2.225279956494346,0.1629991532996383,ICE,0,0,10932.6,2436.0,160.0,29.5,0.9266557391109638,0.9821469223782773,1.0889583645033811,fiat,False,True,1,True,True,True,True
2018_fiat_124spider,J,2018,Japan,PC,0.0,0.75,Japan,0.15,Italy,1,1,1,1,Japan,False,2018,fiat_124spider,2.169117479035701,0.167180199060047,ICE,0,0,10932.6,2436.0,160.0,29.5,0.9122563353409684,0.9395051898480684,1.090866211405912,fiat,False,True,1,True,True,True,True
2017_fiat_500,M,2017,Mexico,PC,0.175,0.385,Mexico,0.37,Korea,2,2,2,2,Korea | Mexico,True,2017,fiat_500,1.364315395360462,0.2371214404133514,ICE,0,0,10260.6,2366.0,101.0,29.0,1.1942325974251164,1.00004273654287,1.0889583645033811,fiat,False,True,1,True,True,False,False
2019_fiat_500,M,2019,Mexico,PC,0.12,0.42,Mexico,0.15,Italy,2,2,2,1,Mexico,True,2019,fiat_500,1.434591790870513,0.2259138179773208,ICE,0,0,10613.4,2505.0,135.0,27.0,1.2155041135485891,0.9911015224344233,1.1122065556989225,fiat,False,True,1,True,True,True,True
2021_ford_broncosport,MX,2021,Mexico,MPV,0.1,0.8,Mexico,,,1,1,1,1,Mexico,False,2021,ford_broncosport,2.225537663253801,0.1734936312182435,ICE,0,0,14195.94,3457.0,181.0,26.0,1.2791561848447872,,1.1329362836920225,ford,False,True,1,True,True,True,True
2022_ford_broncosport,MX,2022,Mexico,MPV,0.25,0.67,Mexico,,,1,1,1,1,Mexico,False,2022,ford_broncosport,1.99092564797166,0.1946167121508694,ICE,0,0,14195.94,3457.0,181.0,26.0,1.27000323878321,,1.2063253999739498,ford,False,True,1,True,True,True,True
2023_ford_broncosport,MX,2023,Mexico,MPV,0.19,0.64,Mexico,,,1,1,1,1,Mexico,False,2023,ford_broncosport,2.1246007625342482,0.1821851838318026,ICE,0,0,14195.94,3457.0,181.0,26.0,1.120546305774649,,1.1685816287687563,ford,False,True,1,True,True,True,True
2024_ford_broncosport,M,2024,Mexico,MPV,0.2,0.64,Mexico,,,1,1,1,1,Mexico,False,2024,ford_broncosport,1.977690527513909,0.1915602451778795,ICE,0,0,14195.94,3457.0,181.0,26.0,1.155006961401666,,1.22610340756905,ford,False,True,1,True,True,True,True
2019_ford_ecosport,IND,2019,India,MPV,0.12,0.55,India,0.15,China,1,1,1,1,India,False,2019,ford_ecosport,1.7565161492134278,0.2070667522447396,ICE,0,0,13065.3,3202.0,144.5,26.5,1.0977117082383756,1.1093372260879582,1.1122065556989225,ford,False,True,1,True,True,True,True
2020_ford_ecosport,IN,2020,India,MPV,0.15,0.6,India,,,1,1,1,1,India,False,2020,ford_ecosport,1.744404887516575,0.2128674813626408,ICE,0,0,13065.3,3202.0,144.5,26.5,1.155063459162996,,1.1787105855307944,ford,False,True,1,True,True,True,True
2021_ford_ecosport,IN,2021,India,MPV,0.16,0.51,India,0.15,China,1,1,1,1,India,False,2021,ford_ecosport,1.7097953864065971,0.2087889563263153,ICE,0,0,13065.3,3202.0,144.5,26.5,1.1522333959197346,1.0355659429715673,1.1329362836920225,ford,False,True,1,True,True,True,True
2022_ford_ecosport,IN,2022,India,MPV,0.22,0.54,India,,,1,1,1,1,India,False,2022,ford_ecosport,1.596987006476094,0.2268472580819866,ICE,0,0,13065.3,3360.0,166.0,25.0,1.2252861739679841,,1.2063253999739498,ford,False,True,1,True,True,True,True
2016_ford_edge,CN,2016,Canada,MPV,0.7,0.17,Mexico,,,1,1,1,1,Mexico,False,2016,ford_edge,2.8479699614516143,0.1463607475030872,ICE,0,0,16138.98,3993.5,245.0,23.0,1.1776719005700578,,1.0814600807837655,ford,False,True,1,True,True,True,True
2017_ford_edge,CN,2017,Canada,MPV,0.56,0.17,Mexico,,,1,1,1,1,Mexico,False,2017,ford_edge,2.772031036687727,0.1514662313407499,ICE,0,0,16138.98,3993.5,245.0,23.0,1.1942325974251164,,1.0889583645033811,ford,False,True,1,True,True,True,True
2018_ford_edge,CN,2018,Canada,MPV,0.56,0.2,Mexico,,,1,1,1,1,Mexico,False,2018,ford_edge,2.723608544781857,0.1524024040305778,ICE,0,0,16138.98,4004.5,245.0,23.0,1.2142868409974832,,1.090866211405912,ford,False,True,1,True,True,True,True
2019_ford_edge,CAN,2019,Canada,MPV,0.4,0.17,Mexico,,,1,1,1,1,Mexico,False,2019,ford_edge,2.7001939993026443,0.1505948590361697,ICE,0,0,16199.04,4121.5,250.0,24.0,1.2155041135485891,,1.1122065556989225,ford,False,True,1,True,True,True,True
2020_ford_edge,US,2020,Canada,MPV,0.4,0.16,Mexico,,,1,1,1,1,Mexico,False,2020,ford_edge,2.9069743183787997,0.1472486523150827,ICE,0,0,16199.04,4121.5,250.0,23.5,1.3557071430827963,,1.1787105855307944,ford,False,True,1,True,True,True,True
2021_ford_edge,CAN,2021,Canada,MPV,0.41,0.17,Mexico,,,1,1,1,1,Mexico,False,2021,ford_edge,2.844325123378243,0.1455180908624563,ICE,0,0,16199.04,4088.0,250.0,23.5,1.2791561848447872,,1.1329362836920225,ford,False,True,1,True,True,True,True
2022_ford_edge,CN,2022,Canada,MPV,0.32,0.2,Mexico,,,1,1,1,1,Mexico,False,2022,ford_edge,2.8323114218165713,0.1514429354800094,ICE,0,0,16199.04,4126.0,250.0,23.0,1.27000323878321,,1.2063253999739498,ford,False,True,1,True,True,True,True
2023_ford_edge,CN,2023,Canada,MPV,0.36,0.18,Mexico,,,1,1,1,1,Mexico,False,2023,ford_edge,2.7117479928013886,0.1542556430029567,ICE,0,0,16199.04,4126.0,250.0,23.0,1.120546305774649,,1.1685816287687563,ford,False,True,1,True,True,True,True
2024_ford_edge,CN,2024,Canada,MPV,0.28,0.18,Mexico,,,1,1,1,1,Mexico,False,2024,ford_edge,2.6603455703172503,0.1554093116251085,ICE,0,0,16199.04,4126.0,250.0,23.0,1.155006961401666,,1.22610340756905,ford,False,True,1,True,True,True,True
2016_ford_fiesta,M,2016,Mexico,PC,0.07,0.71,Mexico,,,1,1,1,1,Mexico,False,2016,ford_fiesta,1.144926827369899,0.2735466339636189,ICE,0,0,12961.48,2557.5,120.0,31.0,1.1776719005700578,,1.0814600807837655,ford,False,True,1,True,True,True,True
2017_ford_fiesta,M,2017,Mexico,PC,0.07,0.68,Mexico,,,1,1,1,1,Mexico,False,2017,ford_fiesta,1.019643205134975,0.291812108676855,ICE,0,0,12961.48,2576.5,120.0,31.0,1.1942325974251164,,1.0889583645033811,ford,False,True,1,True,True,True,True
2018_ford_fiesta,M,2018,Mexico,PC,0.1,0.7,Mexico,,,1,1,1,1,Mexico,False,2018,ford_fiesta,1.029626536259886,0.2932408171940383,ICE,0,0,12965.37,2576.5,120.0,31.0,1.2142868409974832,,1.090866211405912,ford,False,True,1,True,True,True,True
2019_ford_fiesta,MX,2019,Mexico,PC,0.1,0.7,Mexico,,,1,1,1,1,Mexico,False,2019,ford_fiesta,0.962162631903985,0.3090980993080701,ICE,0,0,12424.659999999998,2537.0,120.0,30.5,1.2155041135485891,,1.1122065556989225,ford,False,True,1,True,True,True,True
2016_ford_flex,CN,2016,Canada,MPV,0.62,0.15,Mexico,,,1,1,1,1,Mexico,False,2016,ford_flex,2.8611149269327,0.1540637745950312,ICE,0,0,17919.84,4439.0,287.0,19.0,1.1776719005700578,,1.0814600807837655,ford,False,True,1,True,True,True,True
2017_ford_flex,CN,2017,Canada,MPV,0.65,0.17,Mexico,,,1,1,1,1,Mexico,False,2017,ford_flex,2.816470029318225,0.1601127073093165,ICE,0,0,17919.84,4439.0,287.0,19.0,1.1942325974251164,,1.0889583645033811,ford,False,True,1,True,True,True,True
2018_ford_flex,CN,2018,Canada,MPV,0.52,0.15,Mexico,,,1,1,1,1,Mexico,False,2018,ford_flex,2.943596771353636,0.1506747959626329,ICE,0,0,17919.84,4538.0,287.0,18.5,1.2142868409974832,,1.090866211405912,ford,False,True,1,True,True,True,True
2016_ford_fusion,US,2016,Mexico,PC,0.25,0.6,Mexico,,,1,1,1,1,Mexico,False,2016,ford_fusion,1.929943912828643,0.1963924413604915,ICE,0,0,16006.95,3431.0,181.0,26.0,1.1776719005700578,,1.0814600807837655,ford,False,True,1,True,True,True,True
2017_ford_fusion,US,2017,Mexico,PC,0.25,0.6,Mexico,,,1,1,1,1,Mexico,False,2017,ford_fusion,1.82043918443769,0.2069685232356186,ICE,0,0,16015.3,3415.0,245.0,25.0,1.1942325974251164,,1.0889583645033811,ford,False,True,1,True,True,True,True
2018_ford_fusion,M,2018,Mexico,PC,0.3,0.6,Mexico,,,1,1,1,1,Mexico,False,2018,ford_fusion,1.744855657108685,0.2129997762813117,ICE,0,0,16006.95,3448.0,245.0,25.0,1.2142868409974832,,1.090866211405912,ford,False,True,1,True,True,True,True
2019_ford_fusion,MX,2019,Mexico,PC,0.22,0.55,Mexico,,,3,3,3,1,Mexico,True,2019,ford_fusion,1.935584562827575,0.1951795346174122,ICE,0,0,16006.95,3470.0,181.0,25.0,1.2155041135485891,,1.1122065556989225,ford,False,True,1,True,True,True,True
2020_ford_fusion,MX,2020,Mexico,PC,0.26,0.55,Mexico,,,2,2,2,1,Mexico,True,2020,ford_fusion,1.763670806335726,0.2139188762111245,ICE,0,0,16006.95,3470.0,181.0,24.5,1.3557071430827963,,1.1787105855307944,ford,False,True,1,True,True,True,True
2021_ford_mustangmacheev,MX,2021,Mexico,MPV,0.15,0.7,Mexico,,,1,1,1,1,Mexico,False,2021,ford_mustangmacheev,3.8624112849615577,0.1219657090537583,Electric,1,0,13752.96,4498.0,290.0,93.0,1.2791561848447872,,1.1329362836920225,ford,False,True,2,False,True,True,False
2022_ford_mustangmacheev,MX,2022,Mexico,MPV,0.14,0.8,Mexico,,,1,1,1,1,Mexico,False,2022,ford_mustangmacheev,3.60948438902174,0.1394229015957522,Electric,1,0,13752.96,4498.0,290.0,93.0,1.27000323878321,,1.2063253999739498,ford,False,True,2,False,True,True,False
2023_ford_mustangmacheev,MX,2023,Mexico,MPV,0.12,0.72,Mexico,,,1,1,1,1,Mexico,False,2023,ford_mustangmacheev,2.7893099041339746,0.1639847399920873,Electric,1,0,15330.559999999998,4498.0,290.0,93.0,1.120546305774649,,1.1685816287687563,ford,False,True,2,False,True,True,False
2024_ford_mustangmacheev,M,2024,Mexico,MPV,0.26,0.51,China,0.18,Mexico,1,1,1,1,China,False,2024,ford_mustangmacheev,2.819205391983743,0.151816991596593,Electric,1,0,15363.6,4587.0,290.0,99.0,1.1557614129762386,1.155006961401666,1.22610340756905,ford,False,True,2,False,True,True,False
2016_ford_transitconnect,SP,2016,Spain,Truck,0.11,0.43,Spain,,,1,1,1,1,Spain,False,2016,ford_transitconnect,1.865553839869174,0.2193518819336717,ICE,0,0,14624.99,3618.0,169.0,23.0,1.002357729317206,,1.0814600807837655,ford,False,True,1,True,True,True,True
2017_ford_transitconnect,SP,2017,Spain,Truck,0.1,0.45,Spain,,,1,1,1,1,Spain,False,2017,ford_transitconnect,1.959963390596585,0.2062073699670517,ICE,0,0,15953.77,3618.0,169.0,22.0,0.9821469223782773,,1.0889583645033811,ford,False,True,1,True,True,True,True
2018_ford_transitconnect,SP,2018,Spain,Truck,0.1,0.5,Spain,,,1,1,1,1,Spain,False,2018,ford_transitconnect,1.91326725914259,0.2124729790236631,ICE,0,0,15953.77,3618.0,169.0,23.0,0.9395051898480684,,1.090866211405912,ford,False,True,1,True,True,True,True
2019_ford_transitconnect,ESP,2019,Spain,Truck,0.1,0.5,Spain,,,1,1,1,1,Spain,False,2019,ford_transitconnect,1.9141035996312992,0.207090793663182,ICE,0,0,15978.999999999998,3689.0,162.0,25.0,0.9911015224344233,,1.1122065556989225,ford,False,True,1,True,True,True,True
2020_ford_transitconnect,ESP,2020,Spain,Truck,0.1,0.5,Spain,,,1,1,1,1,Spain,False,2020,ford_transitconnect,1.922753138612,0.2136277246678536,ICE,0,0,15978.999999999998,3713.0,162.0,25.0,0.9713856336917915,,1.1787105855307944,ford,False,True,1,True,True,True,True
2020_genesis_g70,K,2020,Korea,PC,0.05,0.85,Korea,,,1,1,1,1,Korea,False,2020,genesis_g70,3.005497537169466,0.1357596882681697,ICE,0,0,13424.32,3673.0,253.5,22.5,1.0436033635364879,,1.1787105855307944,genesis,False,True,1,True,True,True,True
2021_genesis_g70,K,2021,Korea,PC,0.05,0.8,Korea,,,1,1,1,1,Korea,False,2021,genesis_g70,2.84849801256767,0.1428570267955802,ICE,0,0,13424.32,3673.0,252.0,23.0,1.0114939990848422,,1.1329362836920225,genesis,False,True,1,True,True,True,True
2022_genesis_g70,K,2022,Korea,PC,0.05,0.8,Korea,,,1,1,1,1,Korea,False,2022,genesis_g70,2.960009609729812,0.1367947307345797,ICE,0,0,13424.32,3774.0,365.0,21.0,1.1419106169357243,,1.2063253999739498,genesis,False,True,1,True,True,True,True
2023_genesis_g70,K,2023,Korea,PC,0.03,0.9,Korea,,,1,1,1,1,Korea,False,2023,genesis_g70,2.7339517216410245,0.1530322919021,ICE,0,0,13424.32,3832.0,252.0,23.0,1.1544804047915362,,1.1685816287687563,genesis,False,True,1,True,True,True,True
2017_genesis_g80,K,2017,Korea,PC,0.02,0.88,Korea,,,1,1,1,1,Korea,False,2017,genesis_g80,3.771545514239263,0.1115156181864,ICE,0,0,14619.6,4453.0,311.0,19.0,1.00004273654287,,1.0889583645033811,genesis,False,True,1,True,True,True,True
2018_genesis_g80,K,2018,Korea,PC,0.02,0.86,Korea,,,1,1,1,1,Korea,False,2018,genesis_g80,4.725786495311121,0.093766356148524,ICE,0,0,14619.6,4519.0,365.0,20.0,0.9727758973078001,,1.090866211405912,genesis,False,True,1,True,True,True,True
2020_genesis_g80,K,2020,Korea,PC,0.05,0.85,Korea,,,1,1,1,1,Korea,False,2020,genesis_g80,4.617211749568763,0.0956202150261561,ICE,0,0,14619.6,4519.0,365.0,20.0,1.0436033635364879,,1.1787105855307944,genesis,False,True,1,True,True,True,True
2021_genesis_g80,K,2021,Korea,PC,0.0,0.9,Korea,,,1,1,1,1,Korea,False,2021,genesis_g80,3.96391676983749,0.1086371806389868,ICE,0,0,14909.86,4112.0,300.0,25.0,1.0114939990848422,,1.1329362836920225,genesis,False,True,1,True,True,True,True
2022_genesis_g80,K,2022,Korea,PC,0.05,0.85,Korea,,,1,1,1,1,Korea,False,2022,genesis_g80,3.6806148503776908,0.1156348268194655,ICE,0,0,14909.86,4112.0,300.0,25.0,1.1419106169357243,,1.2063253999739498,genesis,False,True,1,True,True,True,True
2023_genesis_g80,K,2023,Korea,PC,0.03,0.85,Korea,,,1,1,1,1,Korea,False,2023,genesis_g80,3.516000294343681,0.1235366222188208,ICE,0,0,14909.86,4034.5,300.0,25.5,1.1544804047915362,,1.1685816287687563,genesis,False,True,1,True,True,True,True
2024_genesis_g80,K,2024,Korea,PC,0.02,0.8,Korea,,,1,1,1,1,Korea,False,2024,genesis_g80,3.613626889180745,0.120753633694423,ICE,0,0,14909.86,4112.0,300.0,25.0,1.2055103994199579,,1.22610340756905,genesis,False,True,1,True,True,True,True
2020_genesis_g90,K,2020,Korea,PC,0.0,0.9,Korea,,,1,1,1,1,Korea,False,2020,genesis_g90,6.326877563017385,0.0751213502308598,ICE,0,0,15449.46,4806.0,365.0,20.0,1.0436033635364879,,1.1787105855307944,genesis,False,True,1,True,True,True,True
2021_genesis_g90,K,2021,Korea,PC,0.0,0.85,Korea,,,1,1,1,1,Korea,False,2021,genesis_g90,6.049550685082217,0.0831784336379251,ICE,0,0,15449.46,4806.0,365.0,19.0,1.0114939990848422,,1.1329362836920225,genesis,False,True,1,True,True,True,True
2023_genesis_g90,K,2023,Korea,PC,0.02,0.85,Korea,,,1,1,1,1,Korea,False,2023,genesis_g90,6.72463762535958,0.075835669119065,ICE,0,0,15785.2,4861.0,392.0,21.0,1.1544804047915362,,1.1685816287687563,genesis,False,True,1,True,True,True,True
2024_genesis_g90,K,2024,Korea,PC,0.03,0.8,Korea,,,1,1,1,1,Korea,False,2024,genesis_g90,6.575645113745936,0.077507944783919,ICE,0,0,15785.2,4988.5,392.0,21.0,1.2055103994199579,,1.22610340756905,genesis,False,True,1,True,True,True,True
2023_genesis_gv60ev,K,2023,Korea,MPV,0.03,0.9,Korea,,,1,1,1,1,Korea,False,2023,genesis_gv60ev,4.468318005173516,0.0994339312792136,Electric,1,0,13228.320000000002,4784.0,371.5,92.5,1.1544804047915362,,1.1685816287687563,genesis,False,True,1,True,True,True,True
2024_genesis_gv60ev,K,2024,Korea,MPV,0.01,0.9,Korea,,,1,1,1,1,Korea,False,2024,genesis_gv60ev,4.0730993475098485,0.1096166537191554,Electric,1,0,13228.320000000002,4696.0,314.0,100.0,1.2055103994199579,,1.22610340756905,genesis,False,True,1,True,True,True,True
2022_genesis_gv70,K,2022,Korea,MPV,0.05,0.9,Korea,,,1,1,1,1,Korea,False,2022,genesis_gv70,3.359509877897922,0.1228191173818545,ICE,0,0,13920.0,4310.0,337.5,22.5,1.1419106169357243,,1.2063253999739498,genesis,False,True,1,True,True,True,True
2023_genesis_gv70,K,2023,Korea,MPV,0.08,0.875,Korea,,,2,2,2,1,Korea,True,2023,genesis_gv70,3.350469240541103,0.1244828845970761,ICE,0,0,13957.12,4310.0,337.5,22.5,1.1544804047915362,,1.1685816287687563,genesis,False,True,1,True,True,True,True
2021_genesis_gv80,K,2021,Korea,MPV,0.05,0.9,Korea,,,1,1,1,1,Korea,False,2021,genesis_gv80,4.301440476254472,0.0999954683152902,ICE,0,0,15147.659999999998,4742.0,300.0,22.0,1.0114939990848422,,1.1329362836920225,genesis,False,True,1,True,True,True,True
2022_genesis_gv80,K,2022,Korea,MPV,0.02,0.8,Korea,,,1,1,1,1,Korea,False,2022,genesis_gv80,4.241009970186224,0.1023587342301065,ICE,0,0,15147.659999999998,4824.5,337.5,21.0,1.1419106169357243,,1.2063253999739498,genesis,False,True,1,True,True,True,True
2023_genesis_gv80,K,2023,Korea,MPV,0.03,0.85,Korea,,,1,1,1,1,Korea,False,2023,genesis_gv80,4.401588238456007,0.101045343870274,ICE,0,0,15147.659999999998,4907.0,375.0,20.0,1.1544804047915362,,1.1685816287687563,genesis,False,True,1,True,True,True,True
2024_genesis_gv80,K,2024,Korea,MPV,0.03,0.8,Korea,,,1,1,1,1,Korea,False,2024,genesis_gv80,4.390219690776665,0.10392895190511,ICE,0,0,15147.659999999998,4907.0,375.0,20.0,1.2055103994199579,,1.22610340756905,genesis,False,True,1,True,True,True,True
2016_gmc_terrain,CN,2016,Canada,MPV,0.65,0.15,Mexico,,,1,1,1,1,Mexico,False,2016,gmc_terrain,2.540485345095508,0.1652682064164874,ICE,0,0,13504.4,3904.0,182.0,23.0,1.1776719005700578,,1.0814600807837655,gmc,False,True,1,True,True,True,True
2018_gmc_terrain,M,2018,Mexico,MPV,0.45,0.4,Mexico,,,1,1,1,1,Mexico,False,2018,gmc_terrain,2.456381754190314,0.169054622565608,ICE,0,0,13198.520000000002,3622.0,170.0,26.0,1.2142868409974832,,1.090866211405912,gmc,False,True,1,True,True,True,True
2019_gmc_terrain,M,2019,Mexico,MPV,0.37,0.41,Mexico,,,1,1,1,1,Mexico,False,2019,gmc_terrain,2.34887316505729,0.1798685448700194,ICE,0,0,13198.520000000002,3622.0,170.0,26.0,1.2155041135485891,,1.1122065556989225,gmc,False,True,1,True,True,True,True
2020_gmc_terrain,M,2020,Mexico,MPV,0.47,0.29,Mexico,,,1,1,1,1,Mexico,False,2020,gmc_terrain,2.32435511261862,0.1864882844506594,ICE,0,0,13198.520000000002,3554.5,170.0,26.0,1.3557071430827963,,1.1787105855307944,gmc,False,True,1,True,True,True,True
2021_gmc_terrain,M,2021,Mexico,MPV,0.38,0.4,Mexico,,,1,1,1,1,Mexico,False,2021,gmc_terrain,2.224187887974563,0.1887496983886404,ICE,0,0,13198.520000000002,3512.0,170.0,27.0,1.2791561848447872,,1.1329362836920225,gmc,False,True,1,True,True,True,True
2022_gmc_terrain,M,2022,Mexico,MPV,0.38,0.4,Mexico,,,1,1,1,1,Mexico,False,2022,gmc_terrain,2.083009803724715,0.1998254889741468,ICE,0,0,13198.520000000002,3622.0,170.0,26.0,1.27000323878321,,1.2063253999739498,gmc,False,True,1,True,True,True,True
2024_gmc_terrain,M,2024,Mexico,MPV,0.2,0.42,Mexico,,,1,1,1,1,Mexico,False,2024,gmc_terrain,1.95726765351524,0.2077383412488418,ICE,0,0,13198.520000000002,3576.0,175.0,25.0,1.155006961401666,,1.22610340756905,gmc,False,True,1,True,True,True,True
2017_honda_civic,UK,2017,Canada,PC,0.15,0.25,Japan,0.2,United Kingdom,7,2,2,1,Japan,True,2017,honda_civic,1.663254401516582,0.2320983014299506,ICE,0,0,12751.08,2889.0,174.0,34.0,0.9266557391109638,1.1870476642616914,1.0889583645033811,honda,False,True,1,True,True,True,True
2018_honda_civic,US,2018,Canada,PC,0.465,0.215,Japan,0.20000000000000004,United Kingdom,13,10,10,1,Japan,True,2018,honda_civic,1.7159852437704428,0.2263508488067332,ICE,0,0,12906.84,2900.0,174.0,34.0,0.9122563353409684,1.14511758777269,1.090866211405912,honda,False,True,1,True,True,True,True
2019_honda_civic,UK,2019,Canada,PC,0.43333333333333335,0.23333333333333334,Japan,0.20000000000000004,United Kingdom,12,9,9,2,Japan | United Kingdom,True,2019,honda_civic,1.665798034436561,0.2319511025123933,ICE,0,0,12906.84,2903.5,174.0,33.0,0.900578655324746,1.1969299844480323,1.1122065556989225,honda,False,True,1,True,True,False,False
2020_honda_civic,UK,2020,Canada,PC,0.2,0.2,Japan,0.2,United Kingdom,11,2,2,1,United Kingdom,True,2020,honda_civic,1.693732897304878,0.227754598316039,ICE,0,0,12935.159999999998,2906.0,174.0,32.5,0.8821136085198792,1.1916659758947017,1.1787105855307944,honda,False,True,1,True,True,True,True
2021_honda_civic,UK,2021,United Kingdom,PC,0.20000000000000004,0.20000000000000004,Japan,0.20000000000000004,United Kingdom,7,3,3,1,United Kingdom,True,2021,honda_civic,1.6473531650774078,0.2279990525566607,ICE,0,0,12953.43,2928.0,174.0,33.0,0.9067306144627012,1.110793624471738,1.1329362836920225,honda,False,True,1,True,True,True,True
2018_honda_clarityev,J,2018,Japan,PC,0.0,0.95,Japan,,,1,1,1,1,Japan,False,2018,honda_clarityev,2.922748874736279,0.1543872379286017,Electric,1,0,14240.53,4024.0,161.0,114.0,0.9122563353409684,,1.090866211405912,honda,False,True,1,True,True,True,True
2019_honda_clarityev,J,2019,Japan,PC,0.0,0.9,Japan,,,1,1,1,1,Japan,False,2019,honda_clarityev,2.8758353763913607,0.1527178364810647,Electric,1,0,14240.53,4024.0,161.0,114.0,0.900578655324746,,1.1122065556989225,honda,False,True,1,True,True,True,True
2017_honda_clarityhybrid,J,2017,Japan,PC,0.15,0.8,Japan,,,1,1,1,1,Japan,False,2017,honda_clarityhybrid,4.982491151236343,0.1190325145242358,ICE,0,0,14240.53,4134.0,174.0,76.0,0.9266557391109638,,1.0889583645033811,honda,False,True,1,True,True,True,True
2018_honda_clarityhybrid,J,2018,Japan,PC,0.0,0.95,Japan,,,1,1,1,1,Japan,False,2018,honda_clarityhybrid,2.775344875807695,0.1598684769255618,Hybrid,0,1,14240.53,4055.5,212.0,76.0,0.9122563353409684,,1.090866211405912,honda,False,True,1,True,True,True,True
2019_honda_clarityhybrid,J,2019,Japan,PC,0.05,0.85,Japan,,,1,1,1,1,Japan,False,2019,honda_clarityhybrid,2.715800517937153,0.1628327996351072,Hybrid,0,1,14240.53,4055.5,212.0,76.0,0.900578655324746,,1.1122065556989225,honda,False,True,1,True,True,True,True
2020_honda_clarityhybrid,US,2020,Japan,PC,0.05,0.85,Japan,,,1,1,1,1,Japan,False,2020,honda_clarityhybrid,2.6585884796321317,0.1705332148280201,Hybrid,0,1,14240.53,4055.5,212.0,76.0,0.8821136085198792,,1.1787105855307944,honda,False,True,1,True,True,True,True
2021_honda_clarityhybrid,J,2021,Japan,PC,0.1,0.85,Japan,,,1,1,1,1,Japan,False,2021,honda_clarityhybrid,2.540322356696506,0.1700694889711117,Hybrid,0,1,14240.53,4055.5,212.0,76.0,0.9067306144627012,,1.1329362836920225,honda,False,True,1,True,True,True,True
2024_honda_crv,US,2024,Canada,MPV,0.6,0.15,Japan,,,11,6,6,1,Japan,True,2024,honda_crv,1.957121642221312,0.1907209124091573,ICE,0,0,13582.8,3525.0,190.0,30.0,1.2505060900333225,,1.22610340756905,honda,False,True,1,True,True,True,True
2016_honda_fit,M,2016,Japan,PC,0.19,0.43000000000000005,Japan,0.22999999999999998,Mexico,5,5,5,2,Japan | Mexico,True,2016,honda_fit,1.3563803913178498,0.2615323851796341,ICE,0,0,10720.0,2630.0,130.0,35.0,0.8987878531868756,1.1776719005700578,1.0814600807837655,honda,False,True,2,False,True,False,False
2017_honda_fit,M,2017,Japan,PC,0.20000000000000004,0.65,Japan,,,3,3,3,1,Japan,True,2017,honda_fit,1.348868229218638,0.2579953251620677,ICE,0,0,10720.0,2630.0,130.0,34.0,0.9266557391109638,,1.0889583645033811,honda,False,True,2,False,True,True,False
2018_honda_fit,M,2018,Mexico,PC,0.15,0.4,Mexico,0.25,Japan,2,2,2,1,Mexico,True,2018,honda_fit,1.247068112665805,0.2724334952228325,ICE,0,0,10813.8,2595.0,128.0,33.0,1.2142868409974832,0.9122563353409684,1.090866211405912,honda,False,True,2,False,True,True,False
2019_honda_fit,M,2019,Mexico,PC,0.2,0.45,Mexico,0.2,Japan,2,2,2,2,Japan | Mexico,True,2019,honda_fit,1.2107161922189529,0.2807019403961123,ICE,0,0,10813.8,2595.0,128.0,33.0,1.2155041135485891,0.900578655324746,1.1122065556989225,honda,False,True,2,False,True,False,False
2020_honda_fit,MX,2020,Mexico,PC,0.2,0.45,Mexico,0.15,Japan,2,2,2,1,Mexico,True,2020,honda_fit,1.13813634681213,0.2938490447422811,ICE,0,0,10813.8,2568.0,128.0,33.0,1.3557071430827963,0.8821136085198792,1.1787105855307944,honda,False,True,2,False,True,True,False
2016_honda_hrv,M,2016,Mexico,MPV,0.1,0.6,Mexico,0.2,Japan,1,1,1,1,Mexico,False,2016,honda_hrv,1.626972123790953,0.2270388421845912,ICE,0,0,11803.179999999998,2933.0,141.0,29.0,1.1776719005700578,0.8987878531868756,1.0814600807837655,honda,False,True,1,True,True,True,True
2017_honda_hrv,M,2017,Mexico,MPV,0.2,0.35,Mexico,0.2,Japan,2,2,2,1,Mexico,True,2017,honda_hrv,1.608950746989851,0.2284070472552127,ICE,0,0,11803.179999999998,2933.0,141.0,29.0,1.1942325974251164,0.9266557391109638,1.0889583645033811,honda,False,True,1,True,True,True,True
2018_honda_hrv,M,2018,Mexico,MPV,0.2,0.32499999999999996,Mexico,0.275,Japan,4,4,4,1,Mexico,True,2018,honda_hrv,1.590366876616757,0.2295456605653899,ICE,0,0,11803.179999999998,2933.0,141.0,29.0,1.2142868409974832,0.9122563353409684,1.090866211405912,honda,False,True,1,True,True,True,True
2019_honda_hrv,M,2019,Mexico,MPV,0.2,0.375,Mexico,0.175,Japan,4,4,4,1,Mexico,True,2019,honda_hrv,1.719949942789945,0.2209659638924422,ICE,0,0,11893.92,3066.0,141.0,29.0,1.2155041135485891,0.900578655324746,1.1122065556989225,honda,False,True,1,True,True,True,True
2020_honda_hrv,MX,2020,Mexico,MPV,0.2,0.375,Mexico,0.175,Japan,4,4,4,1,Mexico,True,2020,honda_hrv,1.708644320143258,0.2248397344837543,ICE,0,0,11893.92,3066.0,141.0,29.0,1.3557071430827963,0.8821136085198792,1.1787105855307944,honda,False,True,1,True,True,True,True
2021_honda_hrv,MX,2021,Mexico,MPV,0.2,0.375,Mexico,0.2,Japan,2,2,2,1,Mexico,True,2021,honda_hrv,1.664660652592635,0.2244967488359831,ICE,0,0,11893.92,3020.0,141.0,29.5,1.2791561848447872,0.9067306144627012,1.1329362836920225,honda,False,True,1,True,True,True,True
2022_honda_hrv,MX,2022,Mexico,MPV,0.2,0.375,Mexico,0.175,Japan,2,2,2,1,Mexico,True,2022,honda_hrv,1.548150724307501,0.2373359370340664,ICE,0,0,11893.92,2974.0,141.0,30.0,1.27000323878321,1.0863662179074403,1.2063253999739498,honda,False,True,1,True,True,True,True
2023_honda_hrv,MX,2023,Mexico,MPV,0.3,0.4,Mexico,,,2,2,2,1,Mexico,True,2023,honda_hrv,1.531222806417961,0.2399140006902472,ICE,0,0,13017.520000000002,3219.0,158.0,28.0,1.120546305774649,,1.1685816287687563,honda,False,True,1,True,True,True,True
2024_honda_hrv,M,2024,Mexico,MPV,0.3,0.4,Mexico,,,2,2,2,1,Mexico,True,2024,honda_hrv,1.605673840582687,0.2313504645970782,ICE,0,0,13017.520000000002,3219.0,158.0,28.0,1.155006961401666,,1.22610340756905,honda,False,True,1,True,True,True,True
2017_hyundai_accent,K,2017,Korea,PC,0.0,0.92,Korea,,,1,1,1,1,Korea,False,2017,hyundai_accent,1.071321669892627,0.2963248898452162,ICE,0,0,11506.8,2489.0,137.0,30.0,1.00004273654287,,1.0889583645033811,hyundai,False,True,2,False,True,True,False
2018_hyundai_accent,M,2018,Mexico,PC,0.03,0.515,Korea,0.45499999999999996,Mexico,2,2,2,1,Mexico,True,2018,hyundai_accent,1.0545364669408839,0.3014850187167439,ICE,0,0,11754.06,2679.0,130.0,32.0,0.9727758973078001,1.2142868409974832,1.090866211405912,hyundai,False,True,2,False,True,True,False
2020_hyundai_accent,MX,2020,Mexico,PC,0.05,0.55,Mexico,0.45,Korea,1,1,1,1,Mexico,False,2020,hyundai_accent,1.009281979424318,0.327771340731865,ICE,0,0,11754.06,2679.0,120.0,36.0,1.3557071430827963,1.0436033635364879,1.1787105855307944,hyundai,False,True,2,False,True,True,False
2021_hyundai_accent,M ,2021,Mexico,PC,0.05,0.55,Mexico,0.35,Korea,1,1,1,1,Mexico,False,2021,hyundai_accent,0.954704861450535,0.3381832429954403,ICE,0,0,11754.06,2679.0,120.0,36.0,1.2791561848447872,1.0114939990848422,1.1329362836920225,hyundai,False,True,2,False,True,True,False
2022_hyundai_accent,MX,2022,Mexico,PC,0.05,0.55,Mexico,0.35,Korea,1,1,1,1,Mexico,False,2022,hyundai_accent,0.9471818999383801,0.3464862407148367,ICE,0,0,11754.06,2679.0,120.0,36.0,1.27000323878321,1.1419106169357243,1.2063253999739498,hyundai,False,True,2,False,True,True,False
2016_hyundai_azera,K,2016,Korea,PC,0.05,0.85,Korea,,,1,1,1,1,Korea,False,2016,hyundai_azera,3.146813369554753,0.1317039643978131,ICE,0,0,14178.84,3777.5,293.0,23.0,1.0263627340670805,,1.0814600807837655,hyundai,False,True,1,True,True,True,True
2017_hyundai_azera,K,2017,Korea,PC,0.05,0.85,Korea,,,1,1,1,1,Korea,False,2017,hyundai_azera,3.077627118603788,0.1327488168048664,ICE,0,0,14178.84,3777.5,293.0,22.5,1.00004273654287,,1.0889583645033811,hyundai,False,True,1,True,True,True,True
2016_hyundai_elantra,K,2016,Korea,PC,0.03,0.92,Korea,,,1,1,1,1,Korea,False,2016,hyundai_elantra,1.511614384063563,0.2336677128485006,ICE,0,0,12519.09,2818.0,145.0,31.0,1.0263627340670805,,1.0814600807837655,hyundai,False,True,1,True,True,True,True
2017_hyundai_elantra,US,2017,Korea,PC,0.25272727272727274,0.7354545454545455,Korea,,,11,11,11,1,Korea,True,2017,hyundai_elantra,1.3035852229469491,0.2572241677591627,ICE,0,0,12754.910000000002,2811.0,147.0,32.0,1.00004273654287,,1.0889583645033811,hyundai,False,True,1,True,True,True,True
2022_hyundai_elantra,K,2022,Korea,PC,0.275,0.575,Korea,0.15,Mexico,2,2,2,1,Korea,True,2022,hyundai_elantra,1.247816720416316,0.2815477972477851,ICE,0,0,13236.79,2725.0,147.0,35.0,1.1419106169357243,1.27000323878321,1.2063253999739498,hyundai,False,True,1,True,True,True,True
2023_hyundai_elantra,K,2023,Korea,PC,0.28,0.575,Korea,0.15,Mexico,2,2,2,1,Korea,True,2023,hyundai_elantra,1.194907772369754,0.3080009158839968,ICE,0,0,13236.79,2725.0,147.0,37.0,1.1544804047915362,1.120546305774649,1.1685816287687563,hyundai,False,True,1,True,True,True,True
2024_hyundai_elantra,K,2024,Korea,PC,0.01,0.95,Korea,,,1,1,1,1,Korea,False,2024,hyundai_elantra,1.295919501615273,0.2724003246872276,ICE,0,0,13236.79,2725.0,147.0,36.0,1.2055103994199579,,1.22610340756905,hyundai,False,True,1,True,True,True,True
2017_hyundai_elantragt,K,2017,Korea,PC,0.01,0.93,Korea,,,1,1,1,1,Korea,False,2017,hyundai_elantragt,1.4058934102769611,0.2466616934574714,ICE,0,0,11867.93,2881.5,173.0,27.0,1.00004273654287,,1.0889583645033811,hyundai,False,True,1,True,True,True,True
2018_hyundai_elantragt,K,2018,Korea,PC,0.0,0.93,Korea,,,1,1,1,1,Korea,False,2018,hyundai_elantragt,1.456187528723415,0.2418567712670321,ICE,0,0,12082.63,2943.0,161.0,26.0,0.9727758973078001,,1.090866211405912,hyundai,False,True,1,True,True,True,True
2021_hyundai_elantrahybrid,K,2021,Korea,PC,0.0,0.85,Korea,,,1,1,1,1,Korea,False,2021,hyundai_elantrahybrid,1.7185448954289109,0.2390756237098269,Hybrid,0,1,13236.79,3009.0,139.0,52.0,1.0114939990848422,,1.1329362836920225,hyundai,False,True,1,True,True,True,True
2022_hyundai_elantrahybrid,K,2022,Korea,PC,0.01,0.85,Korea,,,1,1,1,1,Korea,False,2022,hyundai_elantrahybrid,1.577087088604506,0.2608213183176951,Hybrid,0,1,13236.79,3017.0,139.0,52.0,1.1419106169357243,,1.2063253999739498,hyundai,False,True,1,True,True,True,True
2023_hyundai_elantrahybrid,K,2023,Korea,PC,0.01,0.9,Korea,,,1,1,1,1,Korea,False,2023,hyundai_elantrahybrid,1.501091924637091,0.2812346930033107,Hybrid,0,1,13236.79,3017.0,139.0,52.0,1.1544804047915362,,1.1685816287687563,hyundai,False,True,1,True,True,True,True
2024_hyundai_elantrahybrid,K,2024,Korea,PC,0.0,0.85,Korea,,,1,1,1,1,Korea,False,2024,hyundai_elantrahybrid,1.5596753270997779,0.2587321317221719,Hybrid,0,1,13330.260000000002,3017.0,139.0,52.0,1.2055103994199579,,1.22610340756905,hyundai,False,True,1,True,True,True,True
2022_hyundai_elantran,K,2022,Korea,PC,0.0,0.9,Korea,,,1,1,1,1,Korea,False,2022,hyundai_elantran,2.181267411608339,0.1811819843359022,ICE,0,0,13236.79,3241.0,276.0,24.0,1.1419106169357243,,1.2063253999739498,hyundai,False,True,1,True,True,True,True
2023_hyundai_elantran,K,2023,Korea,PC,0.0,0.9,Korea,,,1,1,1,1,Korea,False,2023,hyundai_elantran,2.121825450350914,0.1893214280772486,ICE,0,0,13236.79,3241.0,276.0,24.0,1.1544804047915362,,1.1685816287687563,hyundai,False,True,1,True,True,True,True
2024_hyundai_elantran,K,2024,Korea,PC,0.0,0.8,Korea,,,1,1,1,1,Korea,False,2024,hyundai_elantran,2.1188617873416478,0.1858965874868479,ICE,0,0,13236.79,3241.0,276.0,23.5,1.2055103994199579,,1.22610340756905,hyundai,False,True,1,True,True,True,True
2022_hyundai_ioniq5ev,K,2022,Korea,PC,0.0,0.95,Korea,,,1,1,1,1,Korea,False,2022,hyundai_ioniq5ev,3.192433276544746,0.158885877909846,Electric,1,0,13578.000000000002,4200.0,225.0,110.0,1.1419106169357243,,1.2063253999739498,hyundai,False,True,1,True,True,True,True
2023_hyundai_ioniq5ev,K,2023,Korea,PC,0.0,0.95,Korea,,,1,1,1,1,Korea,False,2023,hyundai_ioniq5ev,3.152067228041713,0.1596748853878116,Electric,1,0,13578.000000000002,4200.0,225.0,110.0,1.1544804047915362,,1.1685816287687563,hyundai,False,True,1,True,True,True,True
2024_hyundai_ioniq5ev,K,2024,Korea,PC,0.10500000000000001,0.575,Korea,0.35,Hungary,2,2,2,2,Hungary | Korea,True,2024,hyundai_ioniq5ev,3.085541135597141,0.1724192953550883,Electric,1,0,13578.000000000002,4414.0,225.0,110.0,1.2055103994199579,1.3091596334117943,1.22610340756905,hyundai,False,True,1,True,True,False,False
2023_hyundai_ioniq6ev,K,2023,Korea,PC,0.0,0.95,Korea,,,1,1,1,1,Korea,False,2023,hyundai_ioniq6ev,3.1616081453443567,0.1593104066623744,Electric,1,0,14134.0,4222.0,225.0,137.5,1.1544804047915362,,1.1685816287687563,hyundai,False,True,1,True,True,True,True
2024_hyundai_ioniq6ev,K,2024,Korea,PC,0.0,0.95,Korea,,,1,1,1,1,Korea,False,2024,hyundai_ioniq6ev,2.7892776458794737,0.1840954868419252,Electric,1,0,14134.0,4222.0,225.0,121.0,1.2055103994199579,,1.22610340756905,hyundai,False,True,1,True,True,True,True
2017_hyundai_ioniqev,K,2017,Korea,PC,0.0,0.88,Korea,,,1,1,1,1,Korea,False,2017,hyundai_ioniqev,2.638577879461801,0.1603824237100274,Electric,1,0,12619.2,3164.0,118.0,136.0,1.00004273654287,,1.0889583645033811,hyundai,False,True,1,True,True,True,True
2018_hyundai_ioniqev,K,2018,Korea,PC,0.01,0.91,Korea,,,1,1,1,1,Korea,False,2018,hyundai_ioniqev,2.846991243659538,0.1621196655417502,Electric,1,0,12619.2,3164.0,118.0,136.0,0.9727758973078001,,1.090866211405912,hyundai,False,True,1,True,True,True,True
2020_hyundai_ioniqev,K,2020,Korea,PC,0.0,0.65,Korea,0.25,China,1,1,1,1,Korea,False,2020,hyundai_ioniqev,3.008119408850067,0.1493420630778477,Electric,1,0,12619.2,3285.0,134.0,133.0,1.0436033635364879,1.1081139816310028,1.1787105855307944,hyundai,False,True,1,True,True,True,True
2021_hyundai_ioniqev,K,2021,Korea,PC,0.0,0.95,Korea,,,1,1,1,1,Korea,False,2021,hyundai_ioniqev,2.6182863809635046,0.1690520329612896,Electric,1,0,12619.2,3429.5,134.0,133.0,1.0114939990848422,,1.1329362836920225,hyundai,False,True,1,True,True,True,True
2017_hyundai_ioniqhybrid,K,2017,Korea,PC,0.0,0.85,Korea,,,1,1,1,1,Korea,False,2017,hyundai_ioniqhybrid,1.787883204495736,0.2279799276949159,Hybrid,0,1,12619.2,2996.0,139.0,55.0,1.00004273654287,,1.0889583645033811,hyundai,False,True,1,True,True,True,True
2020_hyundai_ioniqhybrid,K,2020,Korea,PC,0.0,0.8,Korea,,,2,2,2,1,Korea,True,2020,hyundai_ioniqhybrid,2.065263522130068,0.2059039054055251,Hybrid,0,1,12619.2,3318.0,139.0,55.0,1.0436033635364879,,1.1787105855307944,hyundai,False,True,1,True,True,True,True
2021_hyundai_ioniqhybrid,K,2021,Korea,PC,0.0,0.825,Korea,,,2,2,2,1,Korea,True,2021,hyundai_ioniqhybrid,1.9669208633275521,0.2136030891051848,Hybrid,0,1,12619.2,3318.0,139.0,55.0,1.0114939990848422,,1.1329362836920225,hyundai,False,True,1,True,True,True,True
2022_hyundai_ioniqhybrid,K,2022,Korea,PC,0.015,0.85,Korea,,,2,2,2,1,Korea,True,2022,hyundai_ioniqhybrid,1.7782002730368278,0.2374601208709574,Hybrid,0,1,12619.2,3318.0,139.0,55.0,1.1419106169357243,,1.2063253999739498,hyundai,False,True,1,True,True,True,True
2020_hyundai_kona,K,2020,Korea,MPV,0.05,0.85,Korea,,,1,1,1,1,Korea,False,2020,hyundai_kona,1.663892219042494,0.2268330978631785,ICE,0,0,11627.6,3043.0,147.0,30.0,1.0436033635364879,,1.1787105855307944,hyundai,False,True,1,True,True,True,True
2021_hyundai_kona,K,2021,Korea,MPV,0.0,0.85,Korea,,,1,1,1,1,Korea,False,2021,hyundai_kona,1.628709941515979,0.2288345619402786,ICE,0,0,11627.6,3043.0,147.0,30.0,1.0114939990848422,,1.1329362836920225,hyundai,False,True,1,True,True,True,True
2022_hyundai_kona,K,2022,Korea,MPV,0.0,0.9,Korea,,,1,1,1,1,Korea,False,2022,hyundai_kona,1.4962607608825391,0.2488156071938179,ICE,0,0,11741.04,3064.0,147.0,32.0,1.1419106169357243,,1.2063253999739498,hyundai,False,True,1,True,True,True,True
2023_hyundai_kona,K,2023,Korea,MPV,0.02,0.9,Korea,,,1,1,1,1,Korea,False,2023,hyundai_kona,1.460962802613506,0.261967511701781,ICE,0,0,11741.04,3064.0,147.0,32.0,1.1544804047915362,,1.1685816287687563,hyundai,False,True,1,True,True,True,True
2024_hyundai_kona,K,2024,Korea,MPV,0.03,0.9,Korea,,,1,1,1,1,Korea,False,2024,hyundai_kona,1.539828292610165,0.2479111037445806,ICE,0,0,12316.47,3241.0,147.0,28.0,1.2055103994199579,,1.22610340756905,hyundai,False,True,1,True,True,True,True
2020_hyundai_konaev,K,2020,Korea,MPV,0.0,0.95,Korea,,,1,1,1,1,Korea,False,2020,hyundai_konaev,3.2761905059116443,0.1441280533702976,Electric,1,0,11670.14,3770.0,201.0,120.0,1.0436033635364879,,1.1787105855307944,hyundai,False,True,1,True,True,True,True
2021_hyundai_konaev,K,2021,Korea,MPV,0.0,0.95,Korea,,,1,1,1,1,Korea,False,2021,hyundai_konaev,3.158153511660058,0.1401852502004962,Electric,1,0,11670.14,3770.0,201.0,120.0,1.0114939990848422,,1.1329362836920225,hyundai,False,True,1,True,True,True,True
2022_hyundai_konaev,K,2022,Korea,MPV,0.0,0.95,Korea,,,1,1,1,1,Korea,False,2022,hyundai_konaev,2.230603004928912,0.1897524205532938,Electric,1,0,11741.04,3715.0,201.0,120.0,1.1419106169357243,,1.2063253999739498,hyundai,False,True,1,True,True,True,True
2023_hyundai_konaev,K,2023,Korea,MPV,0.0,0.95,Korea,,,1,1,1,1,Korea,False,2023,hyundai_konaev,2.372307481025356,0.1823145787698034,Electric,1,0,11741.04,3715.0,201.0,120.0,1.1544804047915362,,1.1685816287687563,hyundai,False,True,1,True,True,True,True
2024_hyundai_konaev,K,2024,Korea,MPV,0.0,0.6,Korea,0.4,China,1,1,1,1,Korea,False,2024,hyundai_konaev,2.216925569241441,0.1998946717174085,Electric,1,0,12330.85,3759.0,201.0,116.0,1.2055103994199579,1.1557614129762386,1.22610340756905,hyundai,False,True,1,True,True,True,True
2022_hyundai_konan,K,2022,Korea,MPV,0.02,0.9,Korea,,,1,1,1,1,Korea,False,2022,hyundai_konan,2.290619334730735,0.1728177767284902,ICE,0,0,11762.31,3340.0,276.0,23.0,1.1419106169357243,,1.2063253999739498,hyundai,False,True,1,True,True,True,True
2023_hyundai_konan,K,2023,Korea,MPV,0.02,0.9,Korea,,,1,1,1,1,Korea,False,2023,hyundai_konan,2.229948828229842,0.1797016742064088,ICE,0,0,11762.31,3340.0,276.0,23.0,1.1544804047915362,,1.1685816287687563,hyundai,False,True,1,True,True,True,True
2021_hyundai_nexohybrid,K,2021,Korea,MPV,0.0,0.8,Korea,,,1,1,1,1,Korea,False,2021,hyundai_nexohybrid,4.750113893420866,0.104588718502892,ICE,0,0,13461.48,4053.0,161.0,59.0,1.0114939990848422,,1.1329362836920225,hyundai,False,True,1,True,True,True,True
2022_hyundai_nexohybrid,K,2022,Korea,MPV,0.01,0.8,Korea,,,1,1,1,1,Korea,False,2022,hyundai_nexohybrid,4.467409986981454,0.0978833252337163,ICE,0,0,13461.48,4053.0,161.0,59.0,1.1419106169357243,,1.2063253999739498,hyundai,False,True,1,True,True,True,True
2020_hyundai_palisade,K,2020,Korea,MPV,0.0,0.9,Korea,,,1,1,1,1,Korea,False,2020,hyundai_palisade,2.621872922891979,0.1560675077886957,ICE,0,0,15256.579999999998,4231.0,291.0,22.0,1.0436033635364879,,1.1787105855307944,hyundai,False,True,1,True,True,True,True
2021_hyundai_palisade,K,2021,Korea,MPV,0.05,0.8,Korea,,,1,1,1,1,Korea,False,2021,hyundai_palisade,2.767722405209085,0.1452317004802975,ICE,0,0,15256.579999999998,4231.0,291.0,22.0,1.0114939990848422,,1.1329362836920225,hyundai,False,True,1,True,True,True,True
2022_hyundai_palisade,K,2022,Korea,MPV,0.0,0.75,Korea,,,1,1,1,1,Korea,False,2022,hyundai_palisade,2.566894781665246,0.1579895858869086,ICE,0,0,15256.579999999998,4231.0,291.0,22.0,1.1419106169357243,,1.2063253999739498,hyundai,False,True,1,True,True,True,True
2023_hyundai_palisade,K,2023,Korea,MPV,0.01,0.85,Korea,,,1,1,1,1,Korea,False,2023,hyundai_palisade,2.680103553753907,0.1554691481032465,ICE,0,0,15303.259999999998,4259.0,291.0,22.0,1.1544804047915362,,1.1685816287687563,hyundai,False,True,1,True,True,True,True
2024_hyundai_palisade,K,2024,Korea,MPV,0.02,0.8,Korea,,,1,1,1,1,Korea,False,2024,hyundai_palisade,2.641580100854226,0.1595021120896858,ICE,0,0,15303.259999999998,4280.0,291.0,21.5,1.2055103994199579,,1.22610340756905,hyundai,False,True,1,True,True,True,True
2017_hyundai_santafe,US,2017,Korea,MPV,0.47,0.52,Korea,,,1,1,1,1,Korea,False,2017,hyundai_santafe,2.917056532775838,0.1368373673637562,ICE,0,0,14328.02,4045.0,290.0,20.0,1.00004273654287,,1.0889583645033811,hyundai,False,True,1,True,True,True,True
2018_hyundai_santafe,K,2018,Korea,MPV,0.02,0.93,Korea,,,1,1,1,1,Korea,False,2018,hyundai_santafe,3.203365031872714,0.1263976892736538,ICE,0,0,14328.02,4045.0,290.0,20.0,0.9727758973078001,,1.090866211405912,hyundai,False,True,1,True,True,True,True
2021_hyundai_santafehybrid,K,2021,Korea,MPV,0.0,0.95,Korea,,,1,1,1,1,Korea,False,2021,hyundai_santafehybrid,2.7769013229693766,0.1555118740683902,Hybrid,0,1,14092.32,4180.0,226.0,32.0,1.0114939990848422,,1.1329362836920225,hyundai,False,True,1,True,True,True,True
2022_hyundai_santafehybrid,K,2022,Korea,MPV,0.0,0.825,Korea,,,2,2,2,1,Korea,True,2022,hyundai_santafehybrid,2.727532317439387,0.1578600113032639,Hybrid,0,1,14092.32,4307.0,243.5,33.0,1.1419106169357243,,1.2063253999739498,hyundai,False,True,1,True,True,True,True
2023_hyundai_santafehybrid,US,2023,Korea,MPV,0.16,0.75,Korea,,,2,2,2,1,Korea,True,2023,hyundai_santafehybrid,2.6755036958124663,0.1725349891892925,Hybrid,0,1,14092.32,4227.0,226.0,33.0,1.1544804047915362,,1.1685816287687563,hyundai,False,True,1,True,True,True,True
2022_hyundai_sonata,K,2022,Korea,PC,0.225,0.65,Korea,,,2,2,2,1,Korea,True,2022,hyundai_sonata,1.6446346564561178,0.2262253342549889,ICE,0,0,14120.28,3192.0,191.0,31.0,1.1419106169357243,,1.2063253999739498,hyundai,False,True,1,True,True,True,True
2023_hyundai_sonata,K,2023,Korea,PC,0.23500000000000001,0.625,Korea,,,2,2,2,1,Korea,True,2023,hyundai_sonata,1.66948518411734,0.2327505564764694,ICE,0,0,14120.28,3192.0,191.0,31.0,1.1544804047915362,,1.1685816287687563,hyundai,False,True,1,True,True,True,True
2024_hyundai_sonata,K,2024,Korea,PC,0.01,0.95,Korea,,,1,1,1,1,Korea,False,2024,hyundai_sonata,1.595917879977419,0.2318535650858455,ICE,0,0,14120.28,3192.0,191.0,29.0,1.2055103994199579,,1.22610340756905,hyundai,False,True,1,True,True,True,True
2016_hyundai_sonatahybrid,K,2016,Korea,PC,0.01,0.92,Korea,,,1,1,1,1,Korea,False,2016,hyundai_sonatahybrid,3.048394792749189,0.1565622762104314,Hybrid,0,1,14026.74,3798.5,202.0,41.0,1.0263627340670805,,1.0814600807837655,hyundai,False,True,1,True,True,True,True
2017_hyundai_sonatahybrid,K,2017,Korea,PC,0.01,0.9,Korea,,,3,2,2,1,Korea,True,2017,hyundai_sonatahybrid,2.376687525977875,0.1834165825445052,Hybrid,0,1,14026.74,3560.0,192.0,40.0,1.00004273654287,,1.0889583645033811,hyundai,False,True,1,True,True,True,True
2020_hyundai_sonatahybrid,K,2020,Korea,PC,0.0,0.9,Korea,,,1,1,1,1,Korea,False,2020,hyundai_sonatahybrid,2.195301222858097,0.1982502063321061,Hybrid,0,1,14120.28,3404.0,192.0,47.0,1.0436033635364879,,1.1787105855307944,hyundai,False,True,1,True,True,True,True
2021_hyundai_sonatahybrid,K,2021,Korea,PC,0.0,0.9,Korea,,,1,1,1,1,Korea,False,2021,hyundai_sonatahybrid,2.091318402426504,0.2002211489070686,Hybrid,0,1,14120.28,3404.0,192.0,47.0,1.0114939990848422,,1.1329362836920225,hyundai,False,True,1,True,True,True,True
2022_hyundai_sonatahybrid,K,2022,Korea,PC,0.01,0.9,Korea,,,1,1,1,1,Korea,False,2022,hyundai_sonatahybrid,1.878302530836631,0.2293211786937765,Hybrid,0,1,14120.28,3404.0,192.0,47.0,1.1419106169357243,,1.2063253999739498,hyundai,False,True,1,True,True,True,True
2023_hyundai_sonatahybrid,K,2023,Korea,PC,0.01,0.85,Korea,,,1,1,1,1,Korea,False,2023,hyundai_sonatahybrid,1.878393381263124,0.2405773650246515,Hybrid,0,1,14120.28,3404.0,192.0,47.0,1.1544804047915362,,1.1685816287687563,hyundai,False,True,1,True,True,True,True
2024_hyundai_sonatahybrid,K,2024,Korea,PC,0.01,0.85,Korea,,,1,1,1,1,Korea,False,2024,hyundai_sonatahybrid,1.999095042757977,0.2217471893678173,Hybrid,0,1,14149.56,3472.0,192.0,47.0,1.2055103994199579,,1.22610340756905,hyundai,False,True,1,True,True,True,True
2017_hyundai_tucson,K,2017,Korea,MPV,0.0,0.66,Korea,0.2,Japan,1,1,1,1,Korea,False,2017,hyundai_tucson,2.11952837476929,0.1774979543218082,ICE,0,0,12827.36,3416.0,169.5,26.0,1.00004273654287,0.9266557391109638,1.0889583645033811,hyundai,False,True,1,True,True,True,True
2018_hyundai_tucson,K,2018,Korea,MPV,0.0,0.95,Korea,,,1,1,1,1,Korea,False,2018,hyundai_tucson,1.976115134569979,0.1908477378766351,ICE,0,0,12827.36,3463.0,164.0,24.5,0.9727758973078001,,1.090866211405912,hyundai,False,True,1,True,True,True,True
2020_hyundai_tucson,K,2020,Korea,MPV,0.0,0.85,Korea,,,1,1,1,1,Korea,False,2020,hyundai_tucson,2.011486443767253,0.1968887580527814,ICE,0,0,12841.92,3485.0,181.0,25.0,1.0436033635364879,,1.1787105855307944,hyundai,False,True,1,True,True,True,True
2021_hyundai_tucson,K,2021,Korea,MPV,0.0,0.85,Korea,,,1,1,1,1,Korea,False,2021,hyundai_tucson,1.921790514286348,0.2009125745325581,ICE,0,0,12841.92,3485.0,181.0,25.0,1.0114939990848422,,1.1329362836920225,hyundai,False,True,1,True,True,True,True
2023_hyundai_tucson,US,2023,Korea,MPV,0.255,0.6499999999999999,Korea,,,2,2,2,1,Korea,True,2023,hyundai_tucson,1.829461964741824,0.2159816308487062,ICE,0,0,13380.820000000002,3520.0,187.0,28.0,1.1544804047915362,,1.1685816287687563,hyundai,False,True,1,True,True,True,True
2022_hyundai_tucsonhybrid,K,2022,Korea,MPV,0.0,0.9,Korea,,,2,2,2,1,Korea,True,2022,hyundai_tucsonhybrid,2.3199390489038247,0.1790333326216792,Hybrid,0,1,13380.820000000002,3916.5,243.5,37.0,1.1419106169357243,,1.2063253999739498,hyundai,False,True,1,True,True,True,True
2023_hyundai_tucsonhybrid,K,2023,Korea,MPV,0.005,0.8999999999999999,Korea,,,2,2,2,1,Korea,True,2023,hyundai_tucsonhybrid,2.372820722665672,0.1864996073705122,Hybrid,0,1,13380.820000000002,3943.0,243.5,37.0,1.1544804047915362,,1.1685816287687563,hyundai,False,True,1,True,True,True,True
2024_hyundai_tucsonhybrid,K,2024,Korea,MPV,0.0,0.825,Korea,,,2,2,2,1,Korea,True,2024,hyundai_tucsonhybrid,2.385613692186388,0.1845921934135674,Hybrid,0,1,13380.820000000002,3837.0,226.0,37.0,1.2055103994199579,,1.22610340756905,hyundai,False,True,1,True,True,True,True
2017_hyundai_veloster,K,2017,Korea,PC,0.01,0.88,Korea,,,1,1,1,1,Korea,False,2017,hyundai_veloster,1.634525569274265,0.2174124532044681,ICE,0,0,11895.03,2877.0,201.0,29.0,1.00004273654287,,1.0889583645033811,hyundai,False,True,1,True,True,True,True
2020_hyundai_veloster,K,2020,Korea,PC,0.0,0.9,Korea,,,1,1,1,1,Korea,False,2020,hyundai_veloster,1.610334394802761,0.235453052217087,ICE,0,0,11833.21,2855.0,147.0,30.0,1.0436033635364879,,1.1787105855307944,hyundai,False,True,1,True,True,True,True
2020_hyundai_velostern,K,2020,Korea,PC,0.05,0.85,Korea,,,1,1,1,1,Korea,False,2020,hyundai_velostern,2.0473833741429277,0.1899608373813446,ICE,0,0,11978.4,3036.0,250.0,25.0,1.0436033635364879,,1.1787105855307944,hyundai,False,True,1,True,True,True,True
2021_hyundai_velostern,K,2021,Korea,PC,0.05,0.85,Korea,,,1,1,1,1,Korea,False,2021,hyundai_velostern,2.408366107302793,0.1654939070443336,ICE,0,0,11978.4,3176.5,275.0,23.5,1.0114939990848422,,1.1329362836920225,hyundai,False,True,1,True,True,True,True
2022_hyundai_velostern,K,2022,Korea,PC,0.0,0.9,Korea,,,1,1,1,1,Korea,False,2022,hyundai_velostern,2.208108331891461,0.1798314665134059,ICE,0,0,11978.4,3176.5,275.0,23.5,1.1419106169357243,,1.2063253999739498,hyundai,False,True,1,True,True,True,True
2020_hyundai_venue,K,2020,Korea,MPV,0.0,0.95,Korea,,,1,1,1,1,Korea,False,2020,hyundai_venue,1.203756755936621,0.2913843339750601,ICE,0,0,11082.3,2612.0,121.0,32.0,1.0436033635364879,,1.1787105855307944,hyundai,False,True,1,True,True,True,True
2021_hyundai_venue,K,2021,Korea,MPV,0.0,0.95,Korea,,,1,1,1,1,Korea,False,2021,hyundai_venue,1.23537629100645,0.2865640050794812,ICE,0,0,11082.3,2612.0,121.0,31.0,1.0114939990848422,,1.1329362836920225,hyundai,False,True,1,True,True,True,True
2022_hyundai_venue,K,2022,Korea,MPV,0.0,0.95,Korea,,,1,1,1,1,Korea,False,2022,hyundai_venue,1.178118981978753,0.2987943144482298,ICE,0,0,11082.3,2612.0,121.0,31.0,1.1419106169357243,,1.2063253999739498,hyundai,False,True,1,True,True,True,True
2023_hyundai_venue,K,2023,Korea,MPV,0.0,0.9,Korea,,,1,1,1,1,Korea,False,2023,hyundai_venue,1.114271692387045,0.3305757629353517,ICE,0,0,11089.27,2612.0,121.0,31.0,1.1544804047915362,,1.1685816287687563,hyundai,False,True,1,True,True,True,True
2024_hyundai_venue,K,2024,Korea,MPV,0.01,0.9,Korea,,,1,1,1,1,Korea,False,2024,hyundai_venue,1.144452613934467,0.308296659160703,ICE,0,0,11089.27,2612.0,121.0,31.0,1.2055103994199579,,1.22610340756905,hyundai,False,True,1,True,True,True,True
2016_infiniti_q50,G,2016,Japan,PC,0.0,0.95,Japan,,,2,2,2,1,Japan,True,2016,infiniti_q50,3.4540250207944228,0.1233717150312422,ICE,0,0,13519.94,3822.0,300.0,23.0,0.8987878531868756,,1.0814600807837655,infiniti,False,True,1,True,True,True,True
2018_infiniti_q50,J,2018,Japan,PC,0.0,0.95,Japan,,,2,2,2,1,Japan,True,2018,infiniti_q50,3.248218486587333,0.1298440130051887,ICE,0,0,13613.28,3803.0,300.0,23.0,0.9122563353409684,,1.090866211405912,infiniti,False,True,1,True,True,True,True
2019_infiniti_q50,J,2019,Japan,PC,0.0,1.0,Japan,,,2,2,2,1,Japan,True,2019,infiniti_q50,3.36626863433031,0.1280006786226851,ICE,0,0,13613.28,3803.0,300.0,23.0,0.900578655324746,,1.1122065556989225,infiniti,False,True,1,True,True,True,True
2020_infiniti_q50,J,2020,Japan,PC,0.0,1.0,Japan,,,1,1,1,1,Japan,False,2020,infiniti_q50,3.513181551549414,0.122120146724546,ICE,0,0,13613.28,3842.0,300.0,22.0,0.8821136085198792,,1.1787105855307944,infiniti,False,True,1,True,True,True,True
2021_infiniti_q50,J,2021,Japan,PC,0.0,0.95,Japan,,,1,1,1,1,Japan,False,2021,infiniti_q50,3.668710551152425,0.1205401554194829,ICE,0,0,13613.28,3842.0,300.0,22.0,0.9067306144627012,,1.1329362836920225,infiniti,False,True,1,True,True,True,True
2022_infiniti_q50,J,2022,Japan,PC,0.0,0.95,Japan,,,1,1,1,1,Japan,False,2022,infiniti_q50,3.389365894430604,0.1242806725786465,ICE,0,0,13613.28,3855.0,300.0,22.0,1.0863662179074403,,1.2063253999739498,infiniti,False,True,1,True,True,True,True
2023_infiniti_q50,J,2023,Japan,PC,0.0,0.9,Japan,,,1,1,1,1,Japan,False,2023,infiniti_q50,3.262690105725781,0.1324321383064539,ICE,0,0,13613.28,3855.0,300.0,22.0,1.1606611667741318,,1.1685816287687563,infiniti,False,True,1,True,True,True,True
2024_infiniti_q50,J,2024,Japan,PC,0.0,0.9,Japan,,,1,1,1,1,Japan,False,2024,infiniti_q50,3.184359968495069,0.1354030318038381,ICE,0,0,13613.28,3855.0,300.0,22.0,1.2505060900333225,,1.22610340756905,infiniti,False,True,1,True,True,True,True
2017_infiniti_q60,J,2017,Japan,PC,0.0,0.95,Japan,,,2,2,2,1,Japan,True,2017,infiniti_q60,3.779529119353545,0.11767428924053,ICE,0,0,14899.52,3857.0,300.0,22.0,0.9266557391109638,,1.0889583645033811,infiniti,False,True,1,True,True,True,True
2020_infiniti_q60,J,2020,Japan,PC,0.0,0.95,Japan,,,1,1,1,1,Japan,False,2020,infiniti_q60,3.675369876656947,0.117924863205141,ICE,0,0,14899.52,3882.0,300.0,22.0,0.8821136085198792,,1.1787105855307944,infiniti,False,True,1,True,True,True,True
2021_infiniti_q60,J,2021,Japan,PC,0.0,0.95,Japan,,,1,1,1,1,Japan,False,2021,infiniti_q60,3.88968961268013,0.1157645809579931,ICE,0,0,14899.52,3882.0,300.0,22.0,0.9067306144627012,,1.1329362836920225,infiniti,False,True,1,True,True,True,True
2022_infiniti_q60,J,2022,Japan,PC,0.0,0.95,Japan,,,1,1,1,1,Japan,False,2022,infiniti_q60,3.6276527273244557,0.1180654230639192,ICE,0,0,14899.52,3785.0,300.0,22.0,1.0863662179074403,,1.2063253999739498,infiniti,False,True,1,True,True,True,True
2016_infiniti_q70,J,2016,Japan,PC,0.0,1.0,Japan,,,1,1,1,1,Japan,False,2016,infiniti_q70,4.625530739875103,0.0992150456132641,ICE,0,0,14236.86,4049.0,330.0,20.0,0.8987878531868756,,1.0814600807837655,infiniti,False,True,1,True,True,True,True
2018_infiniti_q70,J,2018,Japan,PC,0.0,1.0,Japan,,,1,1,1,1,Japan,False,2018,infiniti_q70,4.435404464699362,0.1040451937704256,ICE,0,0,14236.86,4043.0,330.0,20.0,0.9122563353409684,,1.090866211405912,infiniti,False,True,1,True,True,True,True
2018_infiniti_q70l,J,2018,Japan,MPV,0.0,1.0,Japan,,,1,1,1,1,Japan,False,2018,infiniti_q70l,4.573147323729,0.1019053482777637,ICE,0,0,14665.2,4129.0,330.0,19.5,0.9122563353409684,,1.090866211405912,infiniti,False,True,1,True,True,True,True
2019_infiniti_q70l,J,2019,Japan,PC,0.0,1.0,Japan,,,1,1,1,1,Japan,False,2019,infiniti_q70l,4.480017262857991,0.1040771345934234,ICE,0,0,14665.2,4129.0,330.0,20.0,0.900578655324746,,1.1122065556989225,infiniti,False,True,1,True,True,True,True
2017_infiniti_qx30,UK,2017,United Kingdom,PC,0.0,0.55,United Kingdom,0.25,Germany,1,1,1,1,United Kingdom,False,2017,infiniti_qx30,2.821391310877104,0.151796916189511,ICE,0,0,14284.4,3346.0,208.0,27.0,1.1870476642616914,0.9821469223782773,1.0889583645033811,infiniti,False,True,1,True,True,True,True
2018_infiniti_qx30,UK,2018,United Kingdom,PC,0.0,0.55,United Kingdom,0.25,Germany,1,1,1,1,United Kingdom,False,2018,infiniti_qx30,2.8296480579343832,0.1434302261317369,ICE,0,0,14284.4,3346.0,208.0,27.0,1.14511758777269,0.9395051898480684,1.090866211405912,infiniti,False,True,1,True,True,True,True
2019_infiniti_qx30,UK,2019,United Kingdom,PC,0.0,0.55,United Kingdom,0.25,Germany,1,1,1,1,United Kingdom,False,2019,infiniti_qx30,2.762712482058415,0.1483718120155726,ICE,0,0,14284.4,3386.0,208.0,27.0,1.1969299844480323,0.9911015224344233,1.1122065556989225,infiniti,False,True,1,True,True,True,True
2016_infiniti_qx50,J,2016,Japan,MPV,0.0,1.0,Japan,,,1,1,1,1,Japan,False,2016,infiniti_qx50,2.988947507119706,0.1388955089203815,ICE,0,0,13262.8,3937.5,325.0,20.0,0.8987878531868756,,1.0814600807837655,infiniti,False,True,2,False,True,True,False
2017_infiniti_qx50,J,2017,Japan,MPV,0.0,1.0,Japan,,,1,1,1,1,Japan,False,2017,infiniti_qx50,2.9513222047000207,0.1414373619622145,ICE,0,0,13262.8,3937.5,325.0,20.0,0.9266557391109638,,1.0889583645033811,infiniti,False,True,2,False,True,True,False
2019_infiniti_qx50,M,2019,Mexico,MPV,0.1,0.45,Mexico,0.2,Japan,1,1,1,1,Mexico,False,2019,infiniti_qx50,3.1676951931771518,0.1325797712460837,ICE,0,0,15717.969999999998,3827.0,268.0,27.0,1.2155041135485891,0.900578655324746,1.1122065556989225,infiniti,False,True,2,False,True,True,False
2020_infiniti_qx50,MX,2020,Mexico,MPV,0.15,0.45,Mexico,0.25,Japan,1,1,1,1,Mexico,False,2020,infiniti_qx50,3.553868394931819,0.1200080940873522,ICE,0,0,15717.969999999998,3957.0,268.0,26.0,1.3557071430827963,0.8821136085198792,1.1787105855307944,infiniti,False,True,2,False,True,True,False
2021_infiniti_qx50,MX,2021,Mexico,MPV,0.1,0.55,Mexico,0.2,Japan,1,1,1,1,Mexico,False,2021,infiniti_qx50,3.425541757937205,0.1256764083055608,ICE,0,0,15717.969999999998,3957.0,268.0,26.0,1.2791561848447872,0.9067306144627012,1.1329362836920225,infiniti,False,True,2,False,True,True,False
2022_infiniti_qx50,MX,2022,Mexico,MPV,0.1,0.55,Mexico,0.25,Japan,1,1,1,1,Mexico,False,2022,infiniti_qx50,3.220852710610313,0.1300555390458475,ICE,0,0,15717.969999999998,4011.0,268.0,25.5,1.27000323878321,1.0863662179074403,1.2063253999739498,infiniti,False,True,2,False,True,True,False
2023_infiniti_qx50,M ,2023,Mexico,MPV,0.1,0.6,Mexico,0.2,Japan,1,1,1,1,Mexico,False,2023,infiniti_qx50,3.150714820712338,0.1390586318142786,ICE,0,0,15717.969999999998,3998.0,268.0,25.5,1.120546305774649,1.1606611667741318,1.1685816287687563,infiniti,False,True,2,False,True,True,False
2024_infiniti_qx50,M,2024,Mexico,MPV,0.15,0.45,Mexico,0.25,Japan,1,1,1,1,Mexico,False,2024,infiniti_qx50,3.115460250537621,0.1363952719587213,ICE,0,0,15717.969999999998,3998.0,268.0,25.5,1.155006961401666,1.2505060900333225,1.22610340756905,infiniti,False,True,2,False,True,True,False
2022_infiniti_qx55,MX,2022,Mexico,MPV,0.1,0.6,Mexico,0.2,Japan,1,1,1,1,Mexico,False,2022,infiniti_qx55,3.685566415387312,0.1178774656205434,ICE,0,0,15854.13,4021.0,268.0,25.0,1.27000323878321,1.0863662179074403,1.2063253999739498,infiniti,False,True,1,True,True,True,True
2023_infiniti_qx55,M ,2023,Mexico,MPV,0.1,0.55,Mexico,0.25,Japan,1,1,1,1,Mexico,False,2023,infiniti_qx55,3.696260569311362,0.124034614743902,ICE,0,0,15854.13,4109.0,268.0,25.0,1.120546305774649,1.1606611667741318,1.1685816287687563,infiniti,False,True,1,True,True,True,True
2024_infiniti_qx55,M,2024,Mexico,MPV,0.1,0.55,Mexico,0.2,Japan,1,1,1,1,Mexico,False,2024,infiniti_qx55,3.6605757543629602,0.1206455358050167,ICE,0,0,15854.13,4109.0,268.0,25.0,1.155006961401666,1.2505060900333225,1.22610340756905,infiniti,False,True,1,True,True,True,True
2016_infiniti_qx70,J,2016,Japan,MPV,0.0,1.0,Japan,,,1,1,1,1,Japan,False,2016,infiniti_qx70,4.125808573446096,0.1029449277395317,ICE,0,0,14519.670000000002,4265.0,325.0,18.5,0.8987878531868756,,1.0814600807837655,infiniti,False,True,1,True,True,True,True
2017_infiniti_qx70,J,2017,Japan,MPV,0.0,1.0,Japan,,,1,1,1,1,Japan,False,2017,infiniti_qx70,4.0345936537910845,0.1074898762858118,ICE,0,0,14519.670000000002,4265.0,325.0,18.5,0.9266557391109638,,1.0889583645033811,infiniti,False,True,1,True,True,True,True
2016_infiniti_qx80,J,2016,Japan,MPV,0.0,1.0,Japan,,,1,1,1,1,Japan,False,2016,infiniti_qx80,6.051795549695489,0.0763525911721298,ICE,0,0,16691.11,5888.0,400.0,15.0,0.8987878531868756,,1.0814600807837655,infiniti,False,True,1,True,True,True,True
2017_infiniti_qx80,J,2017,Japan,MPV,0.05,0.95,Japan,,,1,1,1,1,Japan,False,2017,infiniti_qx80,5.9698716836165575,0.0831060708888493,ICE,0,0,16691.11,5888.0,400.0,15.0,0.9266557391109638,,1.0889583645033811,infiniti,False,True,1,True,True,True,True
2018_infiniti_qx80,J,2018,Japan,MPV,0.05,0.95,Japan,,,1,1,1,1,Japan,False,2018,infiniti_qx80,5.609255420051916,0.0821667001440228,ICE,0,0,16794.98,5676.0,400.0,16.0,0.9122563353409684,,1.090866211405912,infiniti,False,True,1,True,True,True,True
2019_infiniti_qx80,J,2019,Japan,MPV,0.05,0.95,Japan,,,2,1,1,1,Japan,True,2019,infiniti_qx80,5.818241574676335,0.0836032084665826,ICE,0,0,16794.98,5926.0,400.0,15.0,0.900578655324746,,1.1122065556989225,infiniti,False,True,1,True,True,True,True
2020_infiniti_qx80,J,2020,Japan,MPV,0.05,0.95,Japan,,,1,1,1,1,Japan,False,2020,infiniti_qx80,5.858900405555399,0.0840629411101716,ICE,0,0,16794.98,5926.0,400.0,15.0,0.8821136085198792,,1.1787105855307944,infiniti,False,True,1,True,True,True,True
2021_infiniti_qx80,J,2021,Japan,MPV,0.0,1.0,Japan,,,1,1,1,1,Japan,False,2021,infiniti_qx80,5.905849415610285,0.0805851495326908,ICE,0,0,16794.98,5706.0,400.0,16.0,0.9067306144627012,,1.1329362836920225,infiniti,False,True,1,True,True,True,True
2022_infiniti_qx80,J,2022,Japan,MPV,0.05,0.95,Japan,,,1,1,1,1,Japan,False,2022,infiniti_qx80,5.683976290472529,0.0793664742844102,ICE,0,0,16794.98,5706.0,400.0,16.0,1.0863662179074403,,1.2063253999739498,infiniti,False,True,1,True,True,True,True
2023_infiniti_qx80,J,2023,Japan,MPV,0.05,0.95,Japan,,,1,1,1,1,Japan,False,2023,infiniti_qx80,5.49867710524894,0.0854597336272784,ICE,0,0,16794.98,5838.0,400.0,16.0,1.1606611667741318,,1.1685816287687563,infiniti,False,True,1,True,True,True,True
2024_infiniti_qx80,J,2024,Japan,MPV,0.05,0.9,Japan,,,1,1,1,1,Japan,False,2024,infiniti_qx80,5.398095056069367,0.087474648996582,ICE,0,0,16794.98,5838.0,400.0,16.0,1.2505060900333225,,1.22610340756905,infiniti,False,True,1,True,True,True,True
2018_jaguar_epace,A,2018,Austria,MPV,0.14,0.625,Germany,0.20500000000000002,United Kingdom,2,2,2,1,Germany,True,2018,jaguar_epace,3.875249554710573,0.1030469957921527,ICE,0,0,14220.6,4105.0,271.0,24.0,0.9395051898480684,1.14511758777269,1.090866211405912,jaguar,False,True,1,True,True,True,True
2020_jaguar_epace,AU,2020,Austria,MPV,0.14500000000000002,0.625,Germany,0.20500000000000002,United Kingdom,2,2,2,1,Germany,True,2020,jaguar_epace,3.7786811215151337,0.1107206879063451,ICE,0,0,14220.6,4035.0,246.0,24.0,0.9713856336917915,1.1916659758947017,1.1787105855307944,jaguar,False,True,1,True,True,True,True
2021_jaguar_epace,AU,2021,Austria,MPV,0.14500000000000002,0.625,Germany,0.20500000000000002,United Kingdom,2,2,2,1,Germany,True,2021,jaguar_epace,3.578672137480673,0.1122533589944266,ICE,0,0,14220.6,3925.0,246.0,23.0,0.9380866465504657,1.110793624471738,1.1329362836920225,jaguar,False,True,1,True,True,True,True
2017_jaguar_fpace,UK,2017,United Kingdom,MPV,0.07333333333333332,0.48666666666666664,Germany,0.4166666666666667,United Kingdom,3,3,3,1,Germany,True,2017,jaguar_fpace,4.340870031644234,0.096734631790182,ICE,0,0,15947.28,4015.0,340.0,20.0,0.9821469223782773,1.1870476642616914,1.0889583645033811,jaguar,False,True,2,False,True,True,False
2018_jaguar_fpace,UK,2018,United Kingdom,MPV,0.04,0.496,Germany,0.434,United Kingdom,5,5,5,2,Germany | United Kingdom,True,2018,jaguar_fpace,4.462109040776462,0.0930309279588406,ICE,0,0,15947.28,3905.0,296.0,24.0,0.9395051898480684,1.14511758777269,1.090866211405912,jaguar,False,True,2,False,True,False,False
2020_jaguar_fpace,UK,2020,United Kingdom,MPV,0.02,0.5375,United Kingdom,0.31000000000000005,Germany,4,4,4,2,Germany | United Kingdom,True,2020,jaguar_fpace,4.683753373984276,0.09476466690241,ICE,0,0,15947.28,3895.0,296.0,24.0,1.1916659758947017,0.9713856336917915,1.1787105855307944,jaguar,False,True,2,False,True,False,False
2021_jaguar_fpace,UK,2021,United Kingdom,MPV,0.0,0.61,United Kingdom,0.13666666666666666,Germany,3,3,3,1,United Kingdom,True,2021,jaguar_fpace,4.489220064940042,0.0937870600473376,ICE,0,0,15998.64,4160.0,290.5,23.0,1.110793624471738,0.9380866465504657,1.1329362836920225,jaguar,False,True,2,False,True,True,False
2022_jaguar_fpace,UK,2022,United Kingdom,MPV,0.0,0.61,United Kingdom,0.13666666666666666,Germany,3,3,3,1,United Kingdom,True,2022,jaguar_fpace,4.151153040438939,0.0974011299616575,ICE,0,0,15998.64,4160.0,290.5,24.0,1.2394886864691033,1.0536197956263276,1.2063253999739498,jaguar,False,True,2,False,True,True,False
2024_jaguar_fpace,UK,2024,United Kingdom,MPV,0.0,0.6266666666666666,United Kingdom,0.13666666666666666,Germany,3,3,3,1,United Kingdom,True,2024,jaguar_fpace,4.5518808127622155,0.0939849554381429,ICE,0,0,15998.64,4305.0,395.0,21.0,1.195355565201299,1.025067361218186,1.22610340756905,jaguar,False,True,2,False,True,True,False
2017_jaguar_ftype,UK,2017,United Kingdom,PC,0.04647058823529412,0.5035294117647058,Germany,0.42176470588235293,United Kingdom,17,17,17,1,Germany,True,2017,jaguar_ftype,7.382022815776134,0.0712506330441696,ICE,0,0,14150.4,3521.0,380.0,21.0,0.9821469223782773,1.1870476642616914,1.0889583645033811,jaguar,False,True,2,False,True,True,False
2018_jaguar_ftype,UK,2018,United Kingdom,PC,0.059347826086956504,0.5078260869565216,Germany,0.41456521739130425,United Kingdom,46,46,46,1,Germany,True,2018,jaguar_ftype,7.435694761466131,0.0654719407756559,ICE,0,0,14150.4,3558.0,380.0,21.0,0.9395051898480684,1.14511758777269,1.090866211405912,jaguar,False,True,2,False,True,True,False
2020_jaguar_ftype,UK,2020,United Kingdom,PC,0.0,0.6542857142857142,United Kingdom,0.1857142857142857,Germany,7,7,7,1,United Kingdom,True,2020,jaguar_ftype,7.464827609167041,0.0662696726403183,ICE,0,0,14150.4,3558.0,380.0,23.0,1.1916659758947017,0.9713856336917915,1.1787105855307944,jaguar,False,True,2,False,True,True,False
2020_jaguar_ipaceev,AU,2020,Austria,MPV,0.0,0.7399999999999999,Poland,,,3,3,3,1,Poland,True,2020,jaguar_ipaceev,6.464267108212534,0.0742464815386445,Electric,1,0,15518.06,4784.0,394.0,76.0,1.0345514436927974,,1.1787105855307944,jaguar,False,True,1,True,True,True,True
2024_jaguar_ipaceev,AU,2024,Austria,MPV,0.0,0.74,Poland,,,2,2,2,1,Poland,True,2024,jaguar_ipaceev,4.9669933707910205,0.0868812585343348,Electric,1,0,15518.06,4784.0,394.0,85.0,1.0560507581907417,,1.22610340756905,jaguar,False,True,1,True,True,True,True
2017_jaguar_xe,UK,2017,United Kingdom,PC,0.046000000000000006,0.488,Germany,0.442,United Kingdom,5,5,5,1,Germany,True,2017,jaguar_xe,3.689279573224823,0.1106366260153762,ICE,0,0,15024.63,3560.0,240.0,24.0,0.9821469223782773,1.1870476642616914,1.0889583645033811,jaguar,False,True,1,True,True,True,True
2018_jaguar_xe,UK,2018,United Kingdom,PC,0.04,0.48444444444444446,Germany,0.4428571428571428,United Kingdom,8,8,8,2,Germany | United Kingdom,True,2018,jaguar_xe,3.898776884268391,0.1025031105869722,ICE,0,0,15024.63,3560.0,296.0,28.0,0.9395051898480684,1.14511758777269,1.090866211405912,jaguar,False,True,1,True,True,False,False
2020_jaguar_xe,UK,2020,United Kingdom,PC,0.04,0.5333333333333333,Germany,0.39666666666666667,United Kingdom,3,3,3,1,Germany,True,2020,jaguar_xe,3.3940567230303498,0.1154528265728468,ICE,0,0,15049.14,3500.0,247.0,28.0,0.9713856336917915,1.1916659758947017,1.1787105855307944,jaguar,False,True,1,True,True,True,True
2016_jaguar_xf,UK,2016,United Kingdom,PC,0.04,0.55,Germany,0.41,United Kingdom,1,1,1,1,Germany,False,2016,jaguar_xf,5.399536113557963,0.081799383244733,ICE,0,0,16064.96,3770.0,340.0,24.0,1.002357729317206,1.1315248332805306,1.0814600807837655,jaguar,False,True,1,True,True,True,True
2017_jaguar_xf,UK,2017,United Kingdom,PC,0.05,0.488,Germany,0.458,United Kingdom,5,5,5,1,Germany,True,2017,jaguar_xf,4.889331092409497,0.0905692783523452,ICE,0,0,16048.5,3770.0,340.0,23.0,0.9821469223782773,1.1870476642616914,1.0889583645033811,jaguar,False,True,1,True,True,True,True
2018_jaguar_xf,UK,2018,United Kingdom,PC,0.04176470588235294,0.48176470588235293,Germany,0.4547058823529413,United Kingdom,17,17,17,2,Germany | United Kingdom,True,2018,jaguar_xf,5.017038591367595,0.0855018262852951,ICE,0,0,16048.5,3750.0,296.0,27.0,0.9395051898480684,1.14511758777269,1.090866211405912,jaguar,False,True,1,True,True,False,False
2016_jaguar_xj,UK,2016,United Kingdom,PC,0.06666666666666667,0.515,Germany,0.4016666666666666,United Kingdom,6,6,6,1,Germany,True,2016,jaguar_xj,6.9877937905929866,0.0707489326840055,ICE,0,0,16745.800000000003,4001.5,340.0,20.5,1.002357729317206,1.1315248332805306,1.0814600807837655,jaguar,False,True,1,True,True,True,True
2019_jeep_compass,M,2019,Mexico,MPV,0.17,0.72,Mexico,,,1,1,1,1,Mexico,False,2019,jeep_compass,1.955932568847095,0.1927079470719438,ICE,0,0,13840.0,3327.0,180.0,25.0,1.2155041135485891,,1.1122065556989225,jeep,False,True,1,True,True,True,True
2020_jeep_compass,Toluca Mexico,2020,Mexico,MPV,0.23,0.68,Mexico,,,1,1,1,1,Mexico,False,2020,jeep_compass,1.9983781835242271,0.1931243306409779,ICE,0,0,13840.0,3327.0,180.0,25.0,1.3557071430827963,,1.1787105855307944,jeep,False,True,1,True,True,True,True
2021_jeep_compass,Toluca Mexico,2021,Mexico,MPV,0.2,0.69,Mexico,,,1,1,1,1,Mexico,False,2021,jeep_compass,1.940048785835019,0.1960978359533201,ICE,0,0,13840.0,3327.0,180.0,25.0,1.2791561848447872,,1.1329362836920225,jeep,False,True,1,True,True,True,True
2022_jeep_compass,Toluca Mexico,2022,Mexico,MPV,0.22,0.68,Mexico,,,1,1,1,1,Mexico,False,2022,jeep_compass,2.088165373709204,0.1835604936903025,ICE,0,0,13872.0,3327.0,177.0,25.0,1.27000323878321,,1.2063253999739498,jeep,False,True,1,True,True,True,True
2023_jeep_compass,Toluca Mexico,2023,Mexico,MPV,0.22,0.68,Mexico,,,1,1,1,1,Mexico,False,2023,jeep_compass,2.204160662933526,0.1735818050229146,ICE,0,0,13872.0,3620.0,200.0,27.0,1.120546305774649,,1.1685816287687563,jeep,False,True,1,True,True,True,True
2024_jeep_compass,Toluca Mexico,2024,Mexico,MPV,0.21,0.69,Mexico,,,1,1,1,1,Mexico,False,2024,jeep_compass,2.091602591025367,0.1795806188345775,ICE,0,0,13872.0,3620.0,200.0,27.0,1.155006961401666,,1.22610340756905,jeep,False,True,1,True,True,True,True
2019_jeep_renegade,I,2019,Italy,MPV,0.14,0.63,Italy,,,1,1,1,1,Italy,False,2019,jeep_renegade,1.868165936512771,0.1977033545972683,ICE,0,0,13261.36,3327.0,177.0,26.0,0.9911015224344233,,1.1122065556989225,jeep,False,True,1,True,True,True,True
2020_jeep_renegade,Melfi Italy,2020,Italy,MPV,0.14,0.63,Italy,,,1,1,1,1,Italy,False,2020,jeep_renegade,1.8504532540484058,0.2041497749228681,ICE,0,0,13261.36,3321.5,180.0,25.0,0.9713856336917915,,1.1787105855307944,jeep,False,True,1,True,True,True,True
2021_jeep_renegade,Melfi Italy,2021,Italy,MPV,0.14,0.63,Italy,,,1,1,1,1,Italy,False,2021,jeep_renegade,1.932797820545186,0.1966278322335217,ICE,0,0,13261.36,3323.0,180.0,25.0,0.9380866465504657,,1.1329362836920225,jeep,False,True,1,True,True,True,True
2022_jeep_renegade,Melfi Italy,2022,Italy,MPV,0.14,0.63,Italy,,,1,1,1,1,Italy,False,2022,jeep_renegade,1.9386078982289239,0.1929816623835676,ICE,0,0,13261.36,3320.0,177.0,26.0,1.0536197956263276,,1.2063253999739498,jeep,False,True,1,True,True,True,True
2023_jeep_renegade,Melfi Italy,2023,Italy,MPV,0.14,0.63,Italy,,,1,1,1,1,Italy,False,2023,jeep_renegade,1.829307688840541,0.1985494080684751,ICE,0,0,13261.36,3320.0,177.0,26.0,1.0261214117788637,,1.1685816287687563,jeep,False,True,1,True,True,True,True
2016_kia_cadenza,K,2016,Korea,PC,0.01,0.93,Korea,,,1,1,1,1,Korea,False,2016,kia_cadenza,3.075624034422446,0.1346051723555306,ICE,0,0,14246.96,3670.0,293.0,22.0,1.0263627340670805,,1.0814600807837655,kia,False,True,1,True,True,True,True
2017_kia_cadenza,K,2017,Korea,PC,0.0,0.94,Korea,,,1,1,1,1,Korea,False,2017,kia_cadenza,2.6330946057303963,0.1487694760282014,ICE,0,0,14403.52,3633.0,290.0,23.0,1.00004273654287,,1.0889583645033811,kia,False,True,1,True,True,True,True
2018_kia_cadenza,K,2018,Korea,PC,0.0,0.87,Korea,,,1,1,1,1,Korea,False,2018,kia_cadenza,2.5853089008347703,0.1517130944520266,ICE,0,0,14403.52,3633.0,290.0,23.0,0.9727758973078001,,1.090866211405912,kia,False,True,1,True,True,True,True
2022_kia_carnival,K,2022,Korea,MPV,0.0,0.95,Korea,,,1,1,1,1,Korea,False,2022,kia_carnival,2.3240020084632933,0.1632094723257902,ICE,0,0,18107.6,4411.0,290.0,22.0,1.1419106169357243,,1.2063253999739498,kia,False,True,1,True,True,True,True
2023_kia_carnival,K,2023,Korea,MPV,0.01,0.95,Korea,,,1,1,1,1,Korea,False,2023,kia_carnival,2.289125129855502,0.1615319378882484,ICE,0,0,18107.6,4513.0,290.0,22.0,1.1544804047915362,,1.1685816287687563,kia,False,True,1,True,True,True,True
2024_kia_carnival,K,2024,Korea,MPV,0.01,0.95,Korea,,,1,1,1,1,Korea,False,2024,kia_carnival,2.213302211773492,0.1770813731543665,ICE,0,0,18107.6,4513.0,290.0,22.0,1.2055103994199579,,1.22610340756905,kia,False,True,1,True,True,True,True
2022_kia_ev6ev,K,2022,Korea,MPV,0.0,0.95,Korea,,,1,1,1,1,Korea,False,2022,kia_ev6ev,3.508667024890772,0.1486684090199749,Electric,1,0,13638.2,4299.0,225.0,117.0,1.1419106169357243,,1.2063253999739498,kia,False,True,1,True,True,True,True
2023_kia_ev6ev,K,2023,Korea,MPV,0.01,0.95,Korea,,,1,1,1,1,Korea,False,2023,kia_ev6ev,3.511629286548344,0.1441250678936379,Electric,1,0,13693.660000000002,4378.5,272.5,113.0,1.1544804047915362,,1.1685816287687563,kia,False,True,1,True,True,True,True
2024_kia_ev6ev,K,2024,Korea,MPV,0.0,0.95,Korea,,,1,1,1,1,Korea,False,2024,kia_ev6ev,3.0801339151830645,0.1726121511235721,Electric,1,0,13638.2,4255.0,225.0,117.0,1.2055103994199579,,1.22610340756905,kia,False,True,1,True,True,True,True
2016_kia_forte,K,2016,Korea,PC,0.01,0.94,Korea,,,1,1,1,1,Korea,False,2016,kia_forte,1.289808523215106,0.2620705008032166,ICE,0,0,12582.95,2844.0,145.0,30.0,1.0263627340670805,,1.0814600807837655,kia,False,True,2,False,True,True,False
2017_kia_forte,K,2017,Mexico,PC,0.0,0.95,Korea,,,1,1,1,1,Korea,False,2017,kia_forte,1.4038921551775978,0.2477340522269861,ICE,0,0,12582.95,2855.0,147.0,28.0,1.00004273654287,,1.0889583645033811,kia,False,True,2,False,True,True,False
2018_kia_forte,M,2018,Mexico,PC,0.02,0.51,Korea,0.47,Mexico,1,1,1,1,Korea,False,2018,kia_forte,1.2354638094562,0.2687340296824614,ICE,0,0,12582.95,2855.0,147.0,32.0,0.9727758973078001,1.2142868409974832,1.090866211405912,kia,False,True,2,False,True,True,False
2020_kia_forte,MX,2020,Mexico,PC,0.05,0.65,Mexico,0.35,Korea,1,1,1,1,Korea,False,2020,kia_forte,1.334567115450084,0.2673078103329726,ICE,0,0,12953.43,2903.0,147.0,33.0,1.3557071430827963,1.0436033635364879,1.1787105855307944,kia,False,True,2,False,True,True,False
2021_kia_forte,M ,2021,Mexico,PC,0.05,0.6,Mexico,0.3,Korea,1,1,1,1,Mexico,False,2021,kia_forte,1.262006907597364,0.2763017489705606,ICE,0,0,12953.43,2908.0,147.0,33.0,1.2791561848447872,1.0114939990848422,1.1329362836920225,kia,False,True,2,False,True,True,False
2022_kia_forte,M ,2022,Mexico,PC,0.15,0.45,Mexico,0.4,Korea,1,1,1,1,Korea,False,2022,kia_forte,1.166515338511063,0.2951707176931212,ICE,0,0,12953.43,2769.0,147.0,33.0,1.27000323878321,1.1419106169357243,1.2063253999739498,kia,False,True,2,False,True,True,False
2023_kia_forte,M ,2023,Mexico,PC,0.16,0.45,Mexico,0.3,Korea,1,1,1,1,Korea,False,2023,kia_forte,1.106346240333829,0.3239646016535554,ICE,0,0,12953.43,2769.0,147.0,32.0,1.120546305774649,1.1544804047915362,1.1685816287687563,kia,False,True,2,False,True,True,False
2024_kia_forte,M,2024,Mexico,PC,0.1,0.5,Mexico,0.35,Korea,1,1,1,1,Korea,False,2024,kia_forte,1.134681667483118,0.3011180961530673,ICE,0,0,12953.43,2769.0,147.0,32.0,1.155006961401666,1.2055103994199579,1.22610340756905,kia,False,True,2,False,True,True,False
2020_kia_niroev,K,2020,Korea,MPV,0.0,0.9,Korea,,,1,1,1,1,Korea,False,2020,kia_niroev,3.289168641614463,0.1415591199678156,Electric,1,0,12243.419999999998,3854.0,201.0,112.0,1.0436033635364879,,1.1787105855307944,kia,False,True,1,True,True,True,True
2021_kia_niroev,K,2021,Korea,MPV,0.0,0.65,Korea,0.3,China,1,1,1,1,Korea,False,2021,kia_niroev,3.1416038345035457,0.1420353339606634,Electric,1,0,12243.419999999998,3854.0,201.0,112.0,1.0114939990848422,1.0355659429715673,1.1329362836920225,kia,False,True,1,True,True,True,True
2022_kia_niroev,K,2022,Korea,MPV,0.0,0.65,Korea,0.3,China,1,1,1,1,Korea,False,2022,kia_niroev,2.6369612202437698,0.1856207204371294,Electric,1,0,12243.419999999998,3854.0,201.0,112.0,1.1419106169357243,1.0818418893654085,1.2063253999739498,kia,False,True,1,True,True,True,True
2023_kia_niroev,K,2023,Korea,MPV,0.01,0.6,Korea,0.35,China,1,1,1,1,Korea,False,2023,kia_niroev,2.6735285480801254,0.1825843773266031,Electric,1,0,12493.2,3721.0,201.0,113.0,1.1544804047915362,1.1375369422530621,1.1685816287687563,kia,False,True,1,True,True,True,True
2024_kia_niroev,K,2024,Korea,MPV,0.01,0.6,Korea,0.3,China,1,1,1,1,Korea,False,2024,kia_niroev,2.546957292641921,0.1992337886367012,Electric,1,0,12493.2,3721.0,201.0,113.0,1.2055103994199579,1.1557614129762386,1.22610340756905,kia,False,True,1,True,True,True,True
2017_kia_nirohybrid,K,2017,Korea,PC,0.02,0.88,Korea,,,1,1,1,1,Korea,False,2017,kia_nirohybrid,1.71674754692939,0.234732242697621,Hybrid,0,1,12193.65,3161.0,139.0,49.0,1.00004273654287,,1.0889583645033811,kia,False,True,1,True,True,True,True
2018_kia_nirohybrid,K,2018,Korea,SUV,0.02,0.88,Korea,,,1,1,1,1,Korea,False,2018,kia_nirohybrid,2.114978421751694,0.1968436372231222,Hybrid,0,1,12193.65,3391.0,139.0,49.0,0.9727758973078001,,1.090866211405912,kia,False,True,1,True,True,True,True
2020_kia_nirohybrid,K,2020,Korea,MPV,0.0,0.8333333333333334,Korea,,,3,3,3,1,Korea,True,2020,kia_nirohybrid,2.222073288431497,0.1949347953502877,Hybrid,0,1,12193.65,3199.0,139.0,49.0,1.0436033635364879,,1.1787105855307944,kia,False,True,1,True,True,True,True
2021_kia_nirohybrid,K,2021,Korea,MPV,0.0,0.85,Korea,,,2,2,2,1,Korea,True,2021,kia_nirohybrid,2.109083361738732,0.2032863284933043,Hybrid,0,1,12193.65,3305.5,139.0,47.5,1.0114939990848422,,1.1329362836920225,kia,False,True,1,True,True,True,True
2022_kia_nirohybrid,K,2022,Korea,MPV,0.05,0.8,Korea,,,2,2,2,1,Korea,True,2022,kia_nirohybrid,1.8518415103917691,0.2309807217100943,Hybrid,0,1,12193.65,3312.5,139.0,49.0,1.1419106169357243,,1.2063253999739498,kia,False,True,1,True,True,True,True
2023_kia_nirohybrid,K,2023,Korea,MPV,0.015,0.9,Korea,,,2,2,2,1,Korea,True,2023,kia_nirohybrid,1.8933427465074049,0.2402672626201707,Hybrid,0,1,12493.2,3071.0,139.0,49.0,1.1544804047915362,,1.1685816287687563,kia,False,True,1,True,True,True,True
2024_kia_nirohybrid,K,2024,Korea,MPV,0.01,0.9,Korea,,,2,2,2,1,Korea,True,2024,kia_nirohybrid,1.90313872965615,0.2246694283073832,Hybrid,0,1,12493.2,3071.0,139.0,49.0,1.2055103994199579,,1.22610340756905,kia,False,True,1,True,True,True,True
2017_kia_optimahybrid,K,2017,Korea,PC,0.0,0.95,Korea,,,1,1,1,1,Korea,False,2017,kia_optimahybrid,2.461269694878625,0.1786418075464743,Hybrid,0,1,13988.52,3538.0,192.0,42.0,1.00004273654287,,1.0889583645033811,kia,False,True,1,True,True,True,True
2018_kia_optimahybrid,K,2018,Korea,PC,0.0,0.905,Korea,,,2,2,2,1,Korea,True,2018,kia_optimahybrid,2.398764958604985,0.1799043911395421,Hybrid,0,1,13988.52,3538.0,192.0,42.0,0.9727758973078001,,1.090866211405912,kia,False,True,1,True,True,True,True
2016_kia_rio,K,2016,Korea,PC,0.01,0.95,Korea,,,1,1,1,1,Korea,False,2016,kia_rio,1.068689208540619,0.2970335042523768,ICE,0,0,11644.4,2729.0,138.0,31.0,1.0263627340670805,,1.0814600807837655,kia,False,True,2,False,True,True,False
2017_kia_rio,K,2017,Korea,PC,0.0,0.96,Korea,,,1,1,1,1,Korea,False,2017,kia_rio,1.038371949094806,0.3024614417349861,ICE,0,0,11644.4,2729.0,138.0,30.0,1.00004273654287,,1.0889583645033811,kia,False,True,2,False,True,True,False
2018_kia_rio,M,2018,Mexico,PC,0.02,0.49,Korea,0.47,Mexico,1,1,1,1,Korea,False,2018,kia_rio,0.961536279750176,0.3203858553487673,ICE,0,0,11719.54,2714.0,130.0,32.0,0.9727758973078001,1.2142868409974832,1.090866211405912,kia,False,True,2,False,True,True,False
2020_kia_rio,MX,2020,Mexico,PC,0.0,0.55,Mexico,0.45,Korea,1,1,1,1,Korea,False,2020,kia_rio,0.9890473391666931,0.3320822503221777,ICE,0,0,11719.54,2767.0,120.0,36.0,1.3557071430827963,1.0436033635364879,1.1787105855307944,kia,False,True,2,False,True,True,False
2021_kia_rio,M,2021,Mexico,PC,0.05,0.5,Mexico,0.4,Korea,1,1,1,1,Mexico,False,2021,kia_rio,0.944055743113084,0.3405681730486221,ICE,0,0,11719.54,2767.0,120.0,36.0,1.2791561848447872,1.0114939990848422,1.1329362836920225,kia,False,True,2,False,True,True,False
2022_kia_rio,M,2022,Mexico,PC,0.05,0.55,Mexico,0.35,Korea,1,1,1,1,Korea,False,2022,kia_rio,0.8418731349118059,0.3725219779036765,ICE,0,0,11719.54,2767.0,120.0,36.0,1.27000323878321,1.1419106169357243,1.2063253999739498,kia,False,True,2,False,True,True,False
2023_kia_rio,M,2023,Mexico,PC,0.07,0.5,Mexico,0.4,Korea,1,1,1,1,Korea,False,2023,kia_rio,0.775665075500141,0.4157955986043469,ICE,0,0,11719.54,2767.0,120.0,36.0,1.120546305774649,1.1544804047915362,1.1685816287687563,kia,False,True,2,False,True,True,False
2016_kia_sedona,K,2016,Korea,MPV,0.06,0.93,Korea,,,1,1,1,1,Korea,False,2016,kia_sedona,2.776723966179514,0.1401001922824223,ICE,0,0,17985.02,4539.0,276.0,20.0,1.0263627340670805,,1.0814600807837655,kia,False,True,1,True,True,True,True
2017_kia_sedona,K,2017,Korea,MPV,0.01,0.98,Korea,,,1,1,1,1,Korea,False,2017,kia_sedona,2.798516056896483,0.138642398257742,ICE,0,0,17985.02,4503.0,276.0,20.0,1.00004273654287,,1.0889583645033811,kia,False,True,1,True,True,True,True
2018_kia_sedona,K,2018,Korea,MPV,0.02,0.92,Korea,,,1,1,1,1,Korea,False,2018,kia_sedona,2.734520452057247,0.1402946254674444,ICE,0,0,17985.02,4503.0,276.0,20.0,0.9727758973078001,,1.090866211405912,kia,False,True,1,True,True,True,True
2020_kia_sedona,K,2020,Korea,MPV,0.0,0.85,Korea,,,1,1,1,1,Korea,False,2020,kia_sedona,2.619956667950638,0.151053868909954,ICE,0,0,17985.02,4503.0,276.0,21.0,1.0436033635364879,,1.1787105855307944,kia,False,True,1,True,True,True,True
2021_kia_sedona,K,2021,Korea,MPV,0.0,0.85,Korea,,,1,1,1,1,Korea,False,2021,kia_sedona,2.52273684370542,0.144021228666616,ICE,0,0,17985.02,4503.0,276.0,21.0,1.0114939990848422,,1.1329362836920225,kia,False,True,1,True,True,True,True
2021_kia_seltos,K,2021,Korea,MPV,0.0,0.9,Korea,,,1,1,1,1,Korea,False,2021,kia_seltos,1.577951303637408,0.2351318079231363,ICE,0,0,12194.8,3087.0,146.0,29.0,1.0114939990848422,,1.1329362836920225,kia,False,True,1,True,True,True,True
2022_kia_seltos,K,2022,Korea,MPV,0.0,0.9,Korea,,,1,1,1,1,Korea,False,2022,kia_seltos,1.472436884224533,0.2513418624873424,ICE,0,0,12194.8,3087.0,146.0,29.0,1.1419106169357243,,1.2063253999739498,kia,False,True,1,True,True,True,True
2023_kia_seltos,K,2023,Korea,MPV,0.0,0.95,Korea,,,1,1,1,1,Korea,False,2023,kia_seltos,1.3587599997345021,0.2763482851827911,ICE,0,0,12194.8,3087.0,146.0,29.0,1.1544804047915362,,1.1685816287687563,kia,False,True,1,True,True,True,True
2024_kia_seltos,K,2024,Korea,MPV,0.04,0.85,Korea,,,1,1,1,1,Korea,False,2024,kia_seltos,1.477207142094242,0.2548499400521113,ICE,0,0,12237.34,3108.0,146.0,29.0,1.2055103994199579,,1.22610340756905,kia,False,True,1,True,True,True,True
2021_kia_sorentohybrid,K,2021,Korea,MPV,0.0,0.9,Korea,,,1,1,1,1,Korea,False,2021,kia_sorentohybrid,2.56117526857245,0.1654028904351294,Hybrid,0,1,14167.12,3979.0,227.0,37.0,1.0114939990848422,,1.1329362836920225,kia,False,True,1,True,True,True,True
2022_kia_sorentohybrid,K,2022,Korea,MPV,0.01,0.9,Korea,,,2,2,2,1,Korea,True,2022,kia_sorentohybrid,3.1436622510966976,0.1408521349973591,Hybrid,0,1,14167.12,4502.0,261.0,35.0,1.1419106169357243,,1.2063253999739498,kia,False,True,1,True,True,True,True
2023_kia_sorentohybrid,K,2023,Korea,MPV,0.01,0.9,Korea,,,2,2,2,1,Korea,True,2023,kia_sorentohybrid,2.61278004327339,0.175471002784279,Hybrid,0,1,14167.12,4197.5,227.0,34.0,1.1544804047915362,,1.1685816287687563,kia,False,True,1,True,True,True,True
2024_kia_sorentohybrid,K,2024,Korea,MPV,0.01,0.9,Korea,,,2,2,2,1,Korea,True,2024,kia_sorentohybrid,2.557156432882411,0.175261787403623,Hybrid,0,1,14167.12,4197.5,227.0,34.0,1.2055103994199579,,1.22610340756905,kia,False,True,1,True,True,True,True
2016_kia_soul,K,2016,Korea,MPV,0.01,0.94,Korea,,,1,1,1,1,Korea,False,2016,kia_soul,1.247612617155015,0.2739050677479075,ICE,0,0,11556.7,2784.0,130.0,26.0,1.0263627340670805,,1.0814600807837655,kia,False,True,1,True,True,True,True
2017_kia_soul,K,2017,Korea,MPV,0.0,0.91,Korea,,,1,1,1,1,Korea,False,2017,kia_soul,1.349365855987478,0.2557421744206817,ICE,0,0,11556.7,3052.5,145.5,27.0,1.00004273654287,,1.0889583645033811,kia,False,True,1,True,True,True,True
2018_kia_soul,K,2018,Korea,MPV,0.0,0.91,Korea,,,1,1,1,1,Korea,False,2018,kia_soul,1.214992973358791,0.2768104687735329,ICE,0,0,11556.7,2942.0,130.0,27.0,0.9727758973078001,,1.090866211405912,kia,False,True,1,True,True,True,True
2020_kia_soul,K,2020,Korea,MPV,0.030000000000000002,0.925,Korea,,,2,2,2,1,Korea,True,2020,kia_soul,1.38022734091084,0.2626296669287782,ICE,0,0,11712.68,2844.0,147.0,30.0,1.0436033635364879,,1.1787105855307944,kia,False,True,1,True,True,True,True
2021_kia_soul,K,2021,Korea,MPV,0.0,0.9,Korea,,,1,1,1,1,Korea,False,2021,kia_soul,1.3705283862256001,0.2621731292894817,ICE,0,0,11712.68,2844.0,147.0,30.0,1.0114939990848422,,1.1329362836920225,kia,False,True,1,True,True,True,True
2022_kia_soul,K,2022,Korea,MPV,0.025,0.9,Korea,,,2,2,2,1,Korea,True,2022,kia_soul,1.342911471363962,0.2690506837647397,ICE,0,0,11712.68,2844.0,147.0,30.0,1.1419106169357243,,1.2063253999739498,kia,False,True,1,True,True,True,True
2023_kia_soul,K,2023,Korea,MPV,0.01,0.9,Korea,,,1,1,1,1,Korea,False,2023,kia_soul,1.208779598840086,0.3059078445567711,ICE,0,0,11712.68,2888.0,147.0,30.0,1.1544804047915362,,1.1685816287687563,kia,False,True,1,True,True,True,True
2024_kia_soul,K,2024,Korea,MPV,0.01,0.85,Korea,,,1,1,1,1,Korea,False,2024,kia_soul,1.219577910719329,0.2885551719887532,ICE,0,0,11712.68,2888.0,147.0,30.0,1.2055103994199579,,1.22610340756905,kia,False,True,1,True,True,True,True
2016_kia_soulev,K,2016,Korea,MPV,0.0,0.96,Korea,,,1,1,1,1,Korea,False,2016,kia_soulev,2.8437098002205268,0.1517802276178045,Electric,1,0,11556.7,3289.0,109.0,105.0,1.0263627340670805,,1.0814600807837655,kia,False,True,1,True,True,True,True
2017_kia_soulev,K,2017,Korea,MPV,0.0,0.95,Korea,,,1,1,1,1,Korea,False,2017,kia_soulev,2.7784137236070077,0.1536459007959721,Electric,1,0,11556.7,3289.0,109.0,105.0,1.00004273654287,,1.0889583645033811,kia,False,True,1,True,True,True,True
2017_kia_sportage, K,2017,Korea,MPV,0.0,0.95,Korea,,,1,1,1,1,Korea,False,2017,kia_sportage,2.025465121389504,0.1849455726388192,ICE,0,0,12877.2,3448.0,181.0,23.0,1.00004273654287,,1.0889583645033811,kia,False,True,1,True,True,True,True
2018_kia_sportage,K,2018,Korea,MPV,0.0,0.92,Korea,,,1,1,1,1,Korea,False,2018,kia_sportage,2.0271465205466592,0.1864587467011903,ICE,0,0,12877.2,3448.0,181.0,23.0,0.9727758973078001,,1.090866211405912,kia,False,True,1,True,True,True,True
2020_kia_sportage,K,2020,Korea,MPV,0.0,0.9,Korea,,,1,1,1,1,Korea,False,2020,kia_sportage,1.991098081160621,0.2003510485936059,ICE,0,0,12877.2,3448.0,181.0,23.0,1.0436033635364879,,1.1787105855307944,kia,False,True,1,True,True,True,True
2021_kia_sportage,K,2021,Korea,MPV,0.0,0.9,Korea,,,1,1,1,1,Korea,False,2021,kia_sportage,1.9065781725792599,0.2040541376177748,ICE,0,0,12877.2,3448.0,181.0,23.0,1.0114939990848422,,1.1329362836920225,kia,False,True,1,True,True,True,True
2022_kia_sportage,K,2022,Korea,MPV,0.0,0.85,Korea,,,1,1,1,1,Korea,False,2022,kia_sportage,1.8080199780634179,0.2134755841120821,ICE,0,0,12877.2,3448.0,181.0,23.0,1.1419106169357243,,1.2063253999739498,kia,False,True,1,True,True,True,True
2023_kia_sportagehybrid,K,2023,Korea,MPV,0.01,0.9,Korea,,,2,2,2,1,Korea,True,2023,kia_sportagehybrid,1.885491671995043,0.2227989980278779,Hybrid,0,1,13468.9,3732.0,227.0,38.0,1.1544804047915362,,1.1685816287687563,kia,False,True,1,True,True,True,True
2024_kia_sportagehybrid,K,2024,Korea,MPV,0.005,0.9,Korea,,,2,2,2,1,Korea,True,2024,kia_sportagehybrid,2.294276345318027,0.1899786614991087,Hybrid,0,1,13468.9,3754.0,227.0,38.0,1.2055103994199579,,1.22610340756905,kia,False,True,1,True,True,True,True
2020_kia_stinger,MX,2020,Korea,PC,0.0,0.55,Mexico,0.45,Korea,1,1,1,1,Korea,False,2020,kia_stinger,3.31629469158301,0.1315736616136135,ICE,0,0,13998.719999999998,3829.0,365.0,20.0,1.3557071430827963,1.0436033635364879,1.1787105855307944,kia,False,True,2,False,True,True,False
2021_kia_stinger,K,2021,Korea,PC,0.0,0.9,Korea,,,1,1,1,1,Korea,False,2021,kia_stinger,3.1790608695025258,0.1301438921272444,ICE,0,0,13998.719999999998,3829.0,365.0,20.0,1.0114939990848422,,1.1329362836920225,kia,False,True,2,False,True,True,False
2021_landrover_defender,SL,2021,Slovakia,MPV,0.01,0.31,United Kingdom,0.19,Germany,2,2,2,1,United Kingdom,True,2021,landrover_defender,5.011028364193862,0.0861387444346519,ICE,0,0,16381.04,4822.5,395.0,19.0,1.110793624471738,0.9380866465504657,1.1329362836920225,landrover,False,True,1,True,True,True,True
2022_landrover_defender,SL,2022,Slovakia,MPV,0.01,0.31,United Kingdom,0.19,Germany,2,2,2,1,United Kingdom,True,2022,landrover_defender,5.275426575607856,0.0823573074770812,ICE,0,0,16381.04,5035.0,395.0,19.0,1.2394886864691033,1.0536197956263276,1.2063253999739498,landrover,False,True,1,True,True,True,True
2023_landrover_defender,SL,2023,Slovakia,MPV,0.01,0.31,United Kingdom,0.19,Germany,2,2,2,1,United Kingdom,True,2023,landrover_defender,5.332276772097232,0.0859382661583854,ICE,0,0,16381.04,5035.0,395.0,18.0,1.2291566175495652,1.0261214117788637,1.1685816287687563,landrover,False,True,1,True,True,True,True
2024_landrover_defender,SL,2024,Slovakia,MPV,0.01,0.31,United Kingdom,0.19000000000000003,Germany,3,3,3,1,United Kingdom,True,2024,landrover_defender,5.481625521012755,0.0838842400995035,ICE,0,0,16372.750000000002,5240.0,395.0,18.0,1.195355565201299,1.025067361218186,1.22610340756905,landrover,False,True,1,True,True,True,True
2017_landrover_discovery,UK,2017,United Kingdom,MPV,0.07,0.66,United Kingdom,0.17,Germany,2,2,2,1,United Kingdom,True,2017,landrover_discovery,5.216922840739842,0.0847798584722276,ICE,0,0,17095.440000000002,4835.0,340.0,18.0,1.1870476642616914,0.9821469223782773,1.0889583645033811,landrover,False,True,1,True,True,True,True
2018_landrover_discovery,UK,2018,United Kingdom,MPV,0.07,0.68,United Kingdom,0.17,Germany,2,2,2,1,United Kingdom,True,2018,landrover_discovery,5.216952054038306,0.0862410839537054,ICE,0,0,17104.18,4751.0,340.0,18.0,1.14511758777269,0.9395051898480684,1.090866211405912,landrover,False,True,1,True,True,True,True
2020_landrover_discovery,UK,2020,Slovakia,MPV,0.035,0.7,United Kingdom,0.14500000000000002,Germany,4,4,4,1,United Kingdom,True,2020,landrover_discovery,4.891081609457511,0.0962811225292389,ICE,0,0,17051.74,4735.0,340.0,18.0,1.1916659758947017,0.9713856336917915,1.1787105855307944,landrover,False,True,1,True,True,True,True
2023_landrover_discovery,SL,2023,Slovakia,MPV,0.0,0.72,United Kingdom,0.12,Germany,2,2,2,1,United Kingdom,True,2023,landrover_discovery,4.535862752070841,0.0958837012499554,ICE,0,0,17051.74,5012.5,325.5,21.0,1.2291566175495652,1.0261214117788637,1.1685816287687563,landrover,False,True,1,True,True,True,True
2024_landrover_discovery,SL,2024,Slovakia,MPV,0.0,0.72,United Kingdom,0.12,Germany,2,2,2,1,United Kingdom,True,2024,landrover_discovery,4.356018497530511,0.1005068539447556,ICE,0,0,17051.74,4845.0,296.0,21.0,1.195355565201299,1.025067361218186,1.22610340756905,landrover,False,True,1,True,True,True,True
2016_landrover_discoverysport,UK,2016,United Kingdom,MPV,0.08,0.61,United Kingdom,,,1,1,1,1,United Kingdom,False,2016,landrover_discoverysport,3.695879544742689,0.1079340172373784,ICE,0,0,15467.919999999998,3957.0,240.0,22.0,1.1315248332805306,,1.0814600807837655,landrover,False,True,1,True,True,True,True
2017_landrover_discoverysport,UK,2017,United Kingdom,MPV,0.09,0.61,United Kingdom,,,1,1,1,1,United Kingdom,False,2017,landrover_discoverysport,3.623630394340825,0.1118672853634918,ICE,0,0,15467.919999999998,3878.0,240.0,22.0,1.1870476642616914,,1.0889583645033811,landrover,False,True,1,True,True,True,True
2018_landrover_discoverysport,UK,2018,United Kingdom,MPV,0.09,0.62,United Kingdom,,,1,1,1,1,United Kingdom,False,2018,landrover_discoverysport,3.7559318233347576,0.1076609495390365,ICE,0,0,15467.919999999998,3960.0,237.0,22.0,1.14511758777269,,1.090866211405912,landrover,False,True,1,True,True,True,True
2020_landrover_discoverysport,UK,2020,United Kingdom,MPV,0.07,0.5,United Kingdom,,,1,1,1,1,United Kingdom,False,2020,landrover_discoverysport,3.4712734201432074,0.1205169404539216,ICE,0,0,15493.6,4035.0,246.0,21.0,1.1916659758947017,,1.1787105855307944,landrover,False,True,1,True,True,True,True
2021_landrover_discoverysport,UK,2021,United Kingdom,MPV,0.07,0.5,United Kingdom,,,1,1,1,1,United Kingdom,False,2021,landrover_discoverysport,3.2058833121869776,0.1251076222293259,ICE,0,0,15493.6,4035.0,246.0,20.0,1.110793624471738,,1.1329362836920225,landrover,False,True,1,True,True,True,True
2022_landrover_discoverysport,UK,2022,United Kingdom,MPV,0.07,0.5,United Kingdom,,,1,1,1,1,United Kingdom,False,2022,landrover_discoverysport,3.197235808618541,0.1225214053938327,ICE,0,0,15493.6,4035.0,246.0,20.0,1.2394886864691033,,1.2063253999739498,landrover,False,True,1,True,True,True,True
2023_landrover_discoverysport,UK,2023,United Kingdom,MPV,0.07,0.5,United Kingdom,,,1,1,1,1,United Kingdom,False,2023,landrover_discoverysport,3.143689958198863,0.1289444839078187,ICE,0,0,15493.6,4035.0,246.0,20.0,1.2291566175495652,,1.1685816287687563,landrover,False,True,1,True,True,True,True
2024_landrover_discoverysport,UK,2024,United Kingdom,MPV,0.07,0.5,United Kingdom,,,1,1,1,1,United Kingdom,False,2024,landrover_discoverysport,3.384713363048495,0.1215482898967057,ICE,0,0,15493.6,4035.0,246.0,20.0,1.195355565201299,,1.22610340756905,landrover,False,True,1,True,True,True,True
2018_landrover_rangerover,UK,2018,United Kingdom,MPV,0.09,0.72,United Kingdom,0.17,Germany,4,4,4,1,United Kingdom,True,2018,landrover_rangerover,9.296685141746611,0.060583779784428,ICE,0,0,17209.06,5254.0,518.0,18.0,1.14511758777269,0.9395051898480684,1.090866211405912,landrover,False,True,1,True,True,True,True
2020_landrover_rangerover,UK,2020,United Kingdom,MPV,0.08,0.69,United Kingdom,0.14,Germany,4,4,4,1,United Kingdom,True,2020,landrover_rangerover,9.053859478339575,0.0668559000182595,ICE,0,0,17209.06,5235.0,518.0,18.0,1.1916659758947017,0.9713856336917915,1.1787105855307944,landrover,False,True,1,True,True,True,True
2016_landrover_rangeroverevoque,UK,2016,United Kingdom,MPV,0.1,0.6,United Kingdom,,,1,1,1,1,United Kingdom,False,2016,landrover_rangeroverevoque,4.062435292891414,0.0993194252733266,ICE,0,0,14155.6,3655.0,240.0,24.0,1.1315248332805306,,1.0814600807837655,landrover,False,True,1,True,True,True,True
2017_landrover_rangeroverevoque,UK,2017,United Kingdom,MPV,0.09,0.55,United Kingdom,0.15,Germany,1,1,1,1,United Kingdom,False,2017,landrover_rangeroverevoque,4.214540016044931,0.099466682582768,ICE,0,0,14163.83,3655.0,240.0,24.0,1.1870476642616914,0.9821469223782773,1.0889583645033811,landrover,False,True,1,True,True,True,True
2018_landrover_rangeroverevoque,UK,2018,United Kingdom,MPV,0.09,0.6,United Kingdom,,,1,1,1,1,United Kingdom,False,2018,landrover_rangeroverevoque,4.243671248044415,0.0962526976667881,ICE,0,0,14155.6,3865.0,237.0,25.0,1.14511758777269,,1.090866211405912,landrover,False,True,1,True,True,True,True
2020_landrover_rangeroverevoque,UK,2020,United Kingdom,MPV,0.09,0.54,United Kingdom,0.15,Germany,1,1,1,1,United Kingdom,False,2020,landrover_rangeroverevoque,3.8517600845969993,0.1088862283107594,ICE,0,0,14232.67,4075.0,296.0,23.0,1.1916659758947017,0.9713856336917915,1.1787105855307944,landrover,False,True,1,True,True,True,True
2021_landrover_rangeroverevoque,UK,2021,United Kingdom,MPV,0.09,0.54,United Kingdom,0.15,Germany,1,1,1,1,United Kingdom,False,2021,landrover_rangeroverevoque,3.604518013450218,0.1126755942130736,ICE,0,0,14232.67,4005.0,246.0,22.0,1.110793624471738,0.9380866465504657,1.1329362836920225,landrover,False,True,1,True,True,True,True
2022_landrover_rangeroverevoque,UK,2022,United Kingdom,MPV,0.09,0.54,United Kingdom,0.15,Germany,1,1,1,1,United Kingdom,False,2022,landrover_rangeroverevoque,3.434736913055053,0.1144107410714727,ICE,0,0,14232.67,3935.0,246.0,22.0,1.2394886864691033,1.0536197956263276,1.2063253999739498,landrover,False,True,1,True,True,True,True
2023_landrover_rangeroverevoque,UK,2023,United Kingdom,MPV,0.09,0.54,United Kingdom,0.15,Germany,1,1,1,1,United Kingdom,False,2023,landrover_rangeroverevoque,3.3863590276457773,0.12046746334954,ICE,0,0,14232.67,3935.0,246.0,22.0,1.2291566175495652,1.0261214117788637,1.1685816287687563,landrover,False,True,1,True,True,True,True
2024_landrover_rangeroverevoque,UK,2024,United Kingdom,MPV,0.09,0.54,United Kingdom,0.15,Germany,1,1,1,1,United Kingdom,False,2024,landrover_rangeroverevoque,3.4888576351961706,0.1187114373570761,ICE,0,0,14232.67,3935.0,246.0,22.0,1.195355565201299,1.025067361218186,1.22610340756905,landrover,False,True,1,True,True,True,True
2020_landrover_rangeroverhybrid,UK,2020,United Kingdom,MPV,0.05,0.6,United Kingdom,0.08,Germany,1,1,1,1,United Kingdom,False,2020,landrover_rangeroverhybrid,8.116024369675609,0.076335421633512,Hybrid,0,1,17209.06,5515.0,398.0,19.0,1.1916659758947017,0.9713856336917915,1.1787105855307944,landrover,False,True,1,True,True,True,True
2016_landrover_rangeroversport,UK,2016,United Kingdom,MPV,0.01,0.72,United Kingdom,0.15,Germany,1,1,1,1,United Kingdom,False,2016,landrover_rangeroversport,6.554348228496343,0.0710546308237864,ICE,0,0,16710.88,4661.0,340.0,19.0,1.1315248332805306,1.002357729317206,1.0814600807837655,landrover,False,True,1,True,True,True,True
2018_landrover_rangeroversport,UK,2018,United Kingdom,MPV,0.07,0.69,United Kingdom,0.17,Germany,3,3,3,1,United Kingdom,True,2018,landrover_rangeroversport,7.190685375622489,0.0714825538544442,ICE,0,0,16780.800000000003,4839.0,380.0,19.0,1.14511758777269,0.9395051898480684,1.090866211405912,landrover,False,True,1,True,True,True,True
2020_landrover_rangeroversport,UK,2020,United Kingdom,MPV,0.05000000000000001,0.64,United Kingdom,0.16333333333333333,Germany,3,3,3,1,United Kingdom,True,2020,landrover_rangeroversport,6.315936593048858,0.0804138454357951,ICE,0,0,16789.54,4870.0,355.0,21.0,1.1916659758947017,0.9713856336917915,1.1787105855307944,landrover,False,True,1,True,True,True,True
2022_landrover_rangeroversport,UK,2022,United Kingdom,MPV,0.05000000000000001,0.64,United Kingdom,0.16333333333333333,Germany,3,3,3,1,United Kingdom,True,2022,landrover_rangeroversport,6.575814459750609,0.0718549042571816,ICE,0,0,16789.54,5128.0,456.5,20.0,1.2394886864691033,1.0536197956263276,1.2063253999739498,landrover,False,True,1,True,True,True,True
2023_landrover_rangeroversport,UK,2023,United Kingdom,MPV,0.04,0.615,United Kingdom,0.16,Germany,2,2,2,1,United Kingdom,True,2023,landrover_rangeroversport,6.205145714783714,0.0777259585623458,ICE,0,0,16938.899999999998,5040.0,375.0,18.0,1.2291566175495652,1.0261214117788637,1.1685816287687563,landrover,False,True,1,True,True,True,True
2020_landrover_rangeroversporthybrid,UK,2020,United Kingdom,MPV,0.01,0.54,United Kingdom,0.15,Germany,1,1,1,1,United Kingdom,False,2020,landrover_rangeroversporthybrid,6.610103005812592,0.0863138079710356,Hybrid,0,1,16789.54,5430.0,398.0,19.0,1.1916659758947017,0.9713856336917915,1.1787105855307944,landrover,False,True,1,True,True,True,True
2018_landrover_rangerovervelar,UK,2018,United Kingdom,MPV,0.08,0.6,United Kingdom,,,3,3,3,1,United Kingdom,True,2018,landrover_rangerovervelar,5.565263189337095,0.0815636874529708,ICE,0,0,15960.04,4359.0,247.0,23.0,1.14511758777269,,1.090866211405912,landrover,False,True,1,True,True,True,True
2020_landrover_rangerovervelar,UK,2020,United Kingdom,MPV,0.08,0.6,United Kingdom,,,3,3,3,1,United Kingdom,True,2020,landrover_rangerovervelar,5.177734660513956,0.0909969679299616,ICE,0,0,15943.160000000002,4471.0,340.0,20.0,1.1916659758947017,,1.1787105855307944,landrover,False,True,1,True,True,True,True
2021_landrover_rangerovervelar,UK,2021,United Kingdom,MPV,0.08,0.6,United Kingdom,,,2,2,2,1,United Kingdom,True,2021,landrover_rangerovervelar,4.891653731537694,0.0890211783444332,ICE,0,0,15943.160000000002,4280.0,291.0,22.5,1.110793624471738,,1.1329362836920225,landrover,False,True,1,True,True,True,True
2022_landrover_rangerovervelar,UK,2022,United Kingdom,MPV,0.08,0.6,United Kingdom,,,3,3,3,1,United Kingdom,True,2022,landrover_rangerovervelar,4.613017840012207,0.0906345804864412,ICE,0,0,15962.05,4280.0,291.0,23.0,1.2394886864691033,,1.2063253999739498,landrover,False,True,1,True,True,True,True
2023_landrover_rangerovervelar,UK,2023,United Kingdom,MPV,0.08,0.6,United Kingdom,,,2,2,2,1,United Kingdom,True,2023,landrover_rangerovervelar,4.373911890943957,0.0988241421104235,ICE,0,0,15962.05,4130.0,247.0,23.0,1.2291566175495652,,1.1685816287687563,landrover,False,True,1,True,True,True,True
2024_landrover_rangerovervelar,UK,2024,United Kingdom,MPV,0.08,0.6,United Kingdom,,,2,2,2,1,United Kingdom,True,2024,landrover_rangerovervelar,4.31119803233067,0.102763299923456,ICE,0,0,15962.05,4130.0,247.0,23.0,1.195355565201299,,1.22610340756905,landrover,False,True,1,True,True,True,True
2016_lexus_cthybrid,J,2016,Japan,PC,0.05,0.95,Japan,,,1,1,1,1,Japan,False,2016,lexus_cthybrid,2.295390995080806,0.2561770951533802,Hybrid,0,1,11898.4,3130.0,134.0,42.0,0.8987878531868756,,1.0814600807837655,lexus,False,True,1,True,True,True,True
2017_lexus_cthybrid,J,2017,Japan,PC,0.05,0.95,Japan,,,1,1,1,1,Japan,False,2017,lexus_cthybrid,2.267656821745561,0.2495491147236555,Hybrid,0,1,11905.35,3130.0,134.0,42.0,0.9266557391109638,,1.0889583645033811,lexus,False,True,1,True,True,True,True
2018_lexus_es,US,2018,Japan,PC,0.35,0.55,Japan,,,1,1,1,1,Japan,False,2018,lexus_es,3.149136553564476,0.14339146402662,ICE,0,0,13859.61,3571.0,268.0,24.0,0.9122563353409684,,1.090866211405912,lexus,False,True,1,True,True,True,True
2020_lexus_es,US,2020,Japan,PC,0.6,0.25,Japan,,,1,1,1,1,Japan,False,2020,lexus_es,3.387558037771787,0.1348014964232884,ICE,0,0,14379.06,3649.0,302.0,26.0,0.8821136085198792,,1.1787105855307944,lexus,False,True,1,True,True,True,True
2016_lexus_eshybrid,J,2016,Japan,PC,0.175,0.7749999999999999,Japan,,,2,2,2,1,Japan,True,2016,lexus_eshybrid,3.272386142801968,0.1921480368840574,Hybrid,0,1,13859.61,3660.0,200.0,40.0,0.8987878531868756,,1.0814600807837655,lexus,False,True,1,True,True,True,True
2017_lexus_eshybrid,J,2017,Japan,PC,0.05,0.95,Japan,,,1,1,1,1,Japan,False,2017,lexus_eshybrid,3.413145371416909,0.1559547645619131,Hybrid,0,1,13859.61,3682.0,200.0,40.0,0.9266557391109638,,1.0889583645033811,lexus,False,True,1,True,True,True,True
2018_lexus_eshybrid,J,2018,Japan,PC,0.05,0.95,Japan,,,1,1,1,1,Japan,False,2018,lexus_eshybrid,3.330883000089681,0.1561335587191511,Hybrid,0,1,13859.61,3682.0,200.0,40.0,0.9122563353409684,,1.090866211405912,lexus,False,True,1,True,True,True,True
2019_lexus_eshybrid,J,2019,Japan,PC,0.05,0.95,Japan,,,1,1,1,1,Japan,False,2019,lexus_eshybrid,3.504851048833404,0.1447711975763072,Hybrid,0,1,14379.06,3704.0,215.0,44.0,0.900578655324746,,1.1122065556989225,lexus,False,True,1,True,True,True,True
2020_lexus_eshybrid,US,2020,Japan,PC,0.4,0.5,Japan,,,1,1,1,1,Japan,False,2020,lexus_eshybrid,3.1538314941388776,0.2034852243465285,Hybrid,0,1,14379.06,3704.0,215.0,44.0,0.8821136085198792,,1.1787105855307944,lexus,False,True,1,True,True,True,True
2017_lexus_gs,J,2017,Japan,PC,0.0,1.0,Japan,,,2,2,2,1,Japan,True,2017,lexus_gs,4.355949907369019,0.1113868934051879,ICE,0,0,13908.04,3805.0,311.0,23.0,0.9266557391109638,,1.0889583645033811,lexus,False,True,1,True,True,True,True
2018_lexus_gs,J,2018,Japan,PC,0.0,1.0,Japan,,,2,2,2,1,Japan,True,2018,lexus_gs,4.244177784581838,0.1164791234181631,ICE,0,0,13908.04,3805.0,311.0,23.0,0.9122563353409684,,1.090866211405912,lexus,False,True,1,True,True,True,True
2019_lexus_gs,J,2019,Japan,PC,0.0,1.0,Japan,,,1,1,1,1,Japan,False,2019,lexus_gs,4.18872081575894,0.1181143015701804,ICE,0,0,13908.04,3805.0,311.0,23.0,0.900578655324746,,1.1122065556989225,lexus,False,True,1,True,True,True,True
2020_lexus_gs,,2020,Japan,PC,0.0,1.0,Japan,,,1,1,1,1,Japan,False,2020,lexus_gs,4.289055263525005,0.1122865888751764,ICE,0,0,13908.04,3726.0,311.0,22.0,0.8821136085198792,,1.1787105855307944,lexus,False,True,1,True,True,True,True
2018_lexus_gx,J,2018,Japan,MPV,0.0,1.0,Japan,,,1,1,1,1,Japan,False,2018,lexus_gx,4.364294791009973,0.1134229298335089,ICE,0,0,14253.82,5130.0,301.0,16.0,0.9122563353409684,,1.090866211405912,lexus,False,True,1,True,True,True,True
2019_lexus_gx,J,2019,Japan,MPV,0.0,1.0,Japan,,,1,1,1,1,Japan,False,2019,lexus_gx,4.290675065934128,0.118327396764027,ICE,0,0,14253.82,5130.0,301.0,16.0,0.900578655324746,,1.1122065556989225,lexus,False,True,1,True,True,True,True
2020_lexus_gx,J,2020,Japan,MPV,0.0,1.0,Japan,,,1,1,1,1,Japan,False,2020,lexus_gx,4.267870461635024,0.1206712243419254,ICE,0,0,14253.82,5130.0,301.0,16.0,0.8821136085198792,,1.1787105855307944,lexus,False,True,1,True,True,True,True
2021_lexus_gx,J,2021,Japan,MPV,0.0,1.0,Japan,,,1,1,1,1,Japan,False,2021,lexus_gx,4.084170907488463,0.1262702108874833,ICE,0,0,14253.82,5130.0,301.0,16.0,0.9067306144627012,,1.1329362836920225,lexus,False,True,1,True,True,True,True
2022_lexus_gx,J,2022,Japan,MPV,0.0,1.0,Japan,,,1,1,1,1,Japan,False,2022,lexus_gx,3.963997541112141,0.1277290705158807,ICE,0,0,14253.82,5130.0,301.0,16.0,1.0863662179074403,,1.2063253999739498,lexus,False,True,1,True,True,True,True
2023_lexus_gx,J,2023,Japan,MPV,0.0,1.0,Japan,,,1,1,1,1,Japan,False,2023,lexus_gx,4.02174003682512,0.1217721957043734,ICE,0,0,14253.82,5126.0,301.0,16.0,1.1606611667741318,,1.1685816287687563,lexus,False,True,1,True,True,True,True
2024_lexus_gx,J,2024,Japan,MPV,0.0,1.0,Japan,,,1,1,1,1,Japan,False,2024,lexus_gx,4.543197573718102,0.1143583708397547,ICE,0,0,15373.8,5675.0,349.0,17.0,1.2505060900333225,,1.22610340756905,lexus,False,True,1,True,True,True,True
2016_lexus_is,J,2016,Japan,PC,0.05,0.95,Japan,,,2,2,2,1,Japan,True,2016,lexus_is,3.355074952543995,0.1441954014482653,ICE,0,0,14659.259999999998,3593.0,255.0,22.0,0.8987878531868756,,1.0814600807837655,lexus,False,True,1,True,True,True,True
2017_lexus_is,J,2017,Japan,PC,0.0,1.0,Japan,,,1,1,1,1,Japan,False,2017,lexus_is,3.341886453398873,0.1402729290491855,ICE,0,0,14707.14,3593.0,255.0,22.0,0.9266557391109638,,1.0889583645033811,lexus,False,True,1,True,True,True,True
2018_lexus_is,J,2018,Japan,PC,0.0,1.0,Japan,,,1,1,1,1,Japan,False,2018,lexus_is,3.358609040847375,0.1372469336547036,ICE,0,0,14707.14,3665.5,285.5,22.5,0.9122563353409684,,1.090866211405912,lexus,False,True,1,True,True,True,True
2019_lexus_is,J,2019,Japan,PC,0.0,1.0,Japan,,,1,1,1,1,Japan,False,2019,lexus_is,3.3136355867443577,0.1404997659625249,ICE,0,0,14707.14,3665.5,285.5,22.0,0.900578655324746,,1.1122065556989225,lexus,False,True,1,True,True,True,True
2020_lexus_is,,2020,Japan,PC,0.0,1.0,Japan,,,1,1,1,1,Japan,False,2020,lexus_is,3.220540902168473,0.1424588370329336,ICE,0,0,14707.14,3594.0,260.0,23.0,0.8821136085198792,,1.1787105855307944,lexus,False,True,1,True,True,True,True
2021_lexus_is,J,2021,Japan,PC,0.05,0.95,Japan,,,1,1,1,1,Japan,False,2021,lexus_is,3.0174765015459233,0.159472977590822,ICE,0,0,13422.96,3748.0,260.0,23.0,0.9067306144627012,,1.1329362836920225,lexus,False,True,1,True,True,True,True
2022_lexus_is,J,2022,Japan,PC,0.0,1.0,Japan,,,1,1,1,1,Japan,False,2022,lexus_is,2.980531401938668,0.1547602384235954,ICE,0,0,13422.96,3847.0,311.0,22.0,1.0863662179074403,,1.2063253999739498,lexus,False,True,1,True,True,True,True
2023_lexus_is,J,2023,Japan,PC,0.0,1.0,Japan,,,1,1,1,1,Japan,False,2023,lexus_is,2.9146415396948138,0.1562214417041365,ICE,0,0,13422.96,3748.0,311.0,23.0,1.1606611667741318,,1.1685816287687563,lexus,False,True,1,True,True,True,True
2024_lexus_is,J,2024,Japan,PC,0.0,1.0,Japan,,,1,1,1,1,Japan,False,2024,lexus_is,2.697453027705733,0.1746587557111467,ICE,0,0,13422.96,3748.0,260.0,23.0,1.2505060900333225,,1.22610340756905,lexus,False,True,1,True,True,True,True
2018_lexus_lc,J,2018,Japan,PC,0.0,1.0,Japan,,,1,1,1,1,Japan,False,2018,lexus_lc,8.049600031781496,0.0729890991571853,ICE,0,0,14167.44,4280.0,471.0,19.0,0.9122563353409684,,1.090866211405912,lexus,False,True,1,True,True,True,True
2021_lexus_lc,J,2021,Japan,PC,0.0,1.0,Japan,,,2,2,2,1,Japan,True,2021,lexus_lc,7.456610951439016,0.0836823501152995,ICE,0,0,14167.44,4340.0,471.0,19.0,0.9067306144627012,,1.1329362836920225,lexus,False,True,1,True,True,True,True
2024_lexus_lc,J,2024,Japan,PC,0.0,1.0,Japan,,,2,2,2,1,Japan,True,2024,lexus_lc,6.798023555523741,0.0860275239224908,ICE,0,0,14167.44,4340.0,471.0,18.0,1.2505060900333225,,1.22610340756905,lexus,False,True,1,True,True,True,True
2016_lexus_ls,J,2016,Japan,PC,0.0,1.0,Japan,,,1,1,1,1,Japan,False,2016,lexus_ls,6.837580370986666,0.0824710763544767,ICE,0,0,14760.0,4277.0,386.0,19.0,0.8987878531868756,,1.0814600807837655,lexus,False,True,1,True,True,True,True
2017_lexus_ls,J,2017,Japan,PC,0.05,0.95,Japan,,,1,1,1,1,Japan,False,2017,lexus_ls,6.687691575154008,0.0835144440506546,ICE,0,0,14789.52,4277.0,386.0,19.0,0.9266557391109638,,1.0889583645033811,lexus,False,True,1,True,True,True,True
2018_lexus_ls,J,2018,Japan,PC,0.0,1.0,Japan,,,1,1,1,1,Japan,False,2018,lexus_ls,6.76864275881071,0.0831840751111578,ICE,0,0,15416.28,4850.0,416.0,23.0,0.9122563353409684,,1.090866211405912,lexus,False,True,1,True,True,True,True
2019_lexus_ls,J,2019,Japan,PC,0.0,1.0,Japan,,,1,1,1,1,Japan,False,2019,lexus_ls,6.6929868109711945,0.0821045835126774,ICE,0,0,15416.28,4850.0,416.0,23.0,0.900578655324746,,1.1122065556989225,lexus,False,True,1,True,True,True,True
2020_lexus_ls,,2020,Japan,PC,0.0,1.0,Japan,,,1,1,1,1,Japan,False,2020,lexus_ls,6.649009291700074,0.0770807265651388,ICE,0,0,15416.28,4795.0,416.0,23.0,0.8821136085198792,,1.1787105855307944,lexus,False,True,1,True,True,True,True
2021_lexus_ls,J,2021,Japan,PC,0.0,1.0,Japan,,,1,1,1,1,Japan,False,2021,lexus_ls,6.311455437124911,0.0893506241044044,ICE,0,0,15416.28,4839.0,416.0,22.0,0.9067306144627012,,1.1329362836920225,lexus,False,True,1,True,True,True,True
2022_lexus_ls,J,2022,Japan,PC,0.0,1.0,Japan,,,1,1,1,1,Japan,False,2022,lexus_ls,5.876282635630875,0.085402265036056,ICE,0,0,15416.28,4872.0,416.0,21.5,1.0863662179074403,,1.2063253999739498,lexus,False,True,1,True,True,True,True
2023_lexus_ls,J,2023,Japan,PC,0.0,1.0,Japan,,,1,1,1,1,Japan,False,2023,lexus_ls,5.702161420338795,0.0908406170618782,ICE,0,0,15416.28,4839.0,416.0,22.0,1.1606611667741318,,1.1685816287687563,lexus,False,True,1,True,True,True,True
2024_lexus_ls,J,2024,Japan,PC,0.0,1.0,Japan,,,1,1,1,1,Japan,False,2024,lexus_ls,5.627320139009977,0.0980828970075638,ICE,0,0,15416.28,4883.0,416.0,21.5,1.2505060900333225,,1.22610340756905,lexus,False,True,1,True,True,True,True
2017_lexus_lx,J,2017,Japan,PC,0.0,1.0,Japan,,,1,1,1,1,Japan,False,2017,lexus_lx,8.042674531389215,0.0745938197570617,ICE,0,0,15600.0,6000.0,383.0,15.0,0.9266557391109638,,1.0889583645033811,lexus,False,True,1,True,True,True,True
2018_lexus_lx,J,2018,Japan,PC,0.0,1.0,Japan,,,1,1,1,1,Japan,False,2018,lexus_lx,7.915655300277276,0.0746345920267705,ICE,0,0,15600.0,6000.0,383.0,15.0,0.9122563353409684,,1.090866211405912,lexus,False,True,1,True,True,True,True
2019_lexus_lx,J,2019,Japan,PC,0.0,1.0,Japan,,,1,1,1,1,Japan,False,2019,lexus_lx,7.340811391058205,0.0815234727392385,ICE,0,0,15600.0,5800.0,383.0,15.0,0.900578655324746,,1.1122065556989225,lexus,False,True,1,True,True,True,True
2020_lexus_lx,J,2020,Japan,PC,0.0,1.0,Japan,,,1,1,1,1,Japan,False,2020,lexus_lx,7.253292253841774,0.084126651233978,ICE,0,0,15600.0,5800.0,383.0,14.0,0.8821136085198792,,1.1787105855307944,lexus,False,True,1,True,True,True,True
2021_lexus_lx,J,2021,Japan,PC,0.0,1.0,Japan,,,1,1,1,1,Japan,False,2021,lexus_lx,6.915475924770095,0.0903520625747571,ICE,0,0,15600.0,5800.0,383.0,14.0,0.9067306144627012,,1.1329362836920225,lexus,False,True,1,True,True,True,True
2022_lexus_lx,J,2022,Japan,PC,0.0,1.0,Japan,,,1,1,1,1,Japan,False,2022,lexus_lx,7.3354457638399495,0.0755683393631002,ICE,0,0,15699.15,5665.0,409.0,19.0,1.0863662179074403,,1.2063253999739498,lexus,False,True,1,True,True,True,True
2023_lexus_lx,J,2023,Japan,MPV,0.0,1.0,Japan,,,1,1,1,1,Japan,False,2023,lexus_lx,7.307730162356006,0.0779515606638705,ICE,0,0,15699.15,5665.0,409.0,19.0,1.1606611667741318,,1.1685816287687563,lexus,False,True,1,True,True,True,True
2024_lexus_lx,J,2024,Japan,MPV,0.0,1.0,Japan,,,1,1,1,1,Japan,False,2024,lexus_lx,7.408954104796567,0.0815542748002893,ICE,0,0,15699.15,5665.0,409.0,19.0,1.2505060900333225,,1.22610340756905,lexus,False,True,1,True,True,True,True
2016_lexus_nx,J,2016,Japan,MPV,0.0,1.0,Japan,,,1,1,1,1,Japan,False,2016,lexus_nx,3.049095956497129,0.1509165108460477,ICE,0,0,15294.97,3940.0,235.0,25.0,0.8987878531868756,,1.0814600807837655,lexus,False,True,1,True,True,True,True
2017_lexus_nx,J,2017,Japan,MPV,0.05,0.95,Japan,,,1,1,1,1,Japan,False,2017,lexus_nx,3.007094892884055,0.1522777643277755,ICE,0,0,15294.97,3940.0,235.0,25.0,0.9266557391109638,,1.0889583645033811,lexus,False,True,1,True,True,True,True
2018_lexus_nx,J,2018,Japan,MPV,0.05,0.95,Japan,,,1,1,1,1,Japan,False,2018,lexus_nx,3.00935010599436,0.1471479494117416,ICE,0,0,15294.97,3940.0,235.0,25.0,0.9122563353409684,,1.090866211405912,lexus,False,True,1,True,True,True,True
2019_lexus_nx,J,2019,Japan,MPV,0.05,0.95,Japan,,,1,1,1,1,Japan,False,2019,lexus_nx,2.9814448939893516,0.1509331652861744,ICE,0,0,15294.97,3940.0,235.0,25.0,0.900578655324746,,1.1122065556989225,lexus,False,True,1,True,True,True,True
2020_lexus_nx,J,2020,Japan,MPV,0.05,0.95,Japan,,,1,1,1,1,Japan,False,2020,lexus_nx,3.0463989337228643,0.1494205526708864,ICE,0,0,15328.53,3940.0,235.0,25.0,0.8821136085198792,,1.1787105855307944,lexus,False,True,1,True,True,True,True
2021_lexus_nx,J,2021,Japan,MPV,0.05,0.95,Japan,,,1,1,1,1,Japan,False,2021,lexus_nx,2.87729106651494,0.1641089935912796,ICE,0,0,15294.97,3940.0,235.0,25.0,0.9067306144627012,,1.1329362836920225,lexus,False,True,1,True,True,True,True
2022_lexus_nx,J,2022,Japan,MPV,0.125,0.775,Japan,,,2,2,2,1,Japan,True,2022,lexus_nx,2.9062105877074016,0.1652950260131603,ICE,0,0,13468.9,3790.0,203.0,28.0,1.0863662179074403,,1.2063253999739498,lexus,False,True,1,True,True,True,True
2023_lexus_nx,J,2023,Japan,MPV,0.35,0.5,Japan,,,1,1,1,1,Japan,False,2023,lexus_nx,2.796180255322051,0.1603596047307582,ICE,0,0,13468.9,3790.0,203.0,28.0,1.1606611667741318,,1.1685816287687563,lexus,False,True,1,True,True,True,True
2024_lexus_nx,J,2024,Japan,MPV,0.4,0.5,Japan,,,2,2,2,1,Japan,True,2024,lexus_nx,2.7088913901952076,0.17029587699314,ICE,0,0,13468.9,3790.0,203.0,28.0,1.2505060900333225,,1.22610340756905,lexus,False,True,1,True,True,True,True
2016_lexus_nxhybrid,J,2016,Japan,MPV,0.0,1.0,Japan,,,1,1,1,1,Japan,False,2016,lexus_nxhybrid,3.1437526430592837,0.1985027742218703,Hybrid,0,1,15294.97,4055.0,194.0,33.0,0.8987878531868756,,1.0814600807837655,lexus,False,True,1,True,True,True,True
2017_lexus_nxhybrid,J,2017,Japan,MPV,0.0,1.0,Japan,,,1,1,1,1,Japan,False,2017,lexus_nxhybrid,3.207499107839862,0.1648734908205403,Hybrid,0,1,15294.97,4180.0,194.0,31.0,0.9266557391109638,,1.0889583645033811,lexus,False,True,1,True,True,True,True
2018_lexus_nxhybrid,J,2018,Japan,MPV,0.0,1.0,Japan,,,1,1,1,1,Japan,False,2018,lexus_nxhybrid,3.013376627308766,0.1671700886988488,Hybrid,0,1,15294.97,4180.0,194.0,31.0,0.9122563353409684,,1.090866211405912,lexus,False,True,1,True,True,True,True
2019_lexus_nxhybrid,J,2019,Japan,MPV,0.0,1.0,Japan,,,1,1,1,1,Japan,False,2019,lexus_nxhybrid,3.026777515334228,0.1591092564967479,Hybrid,0,1,15294.97,4180.0,194.0,31.0,0.900578655324746,,1.1122065556989225,lexus,False,True,1,True,True,True,True
2020_lexus_nxhybrid,J,2020,Japan,MPV,0.0,1.0,Japan,,,1,1,1,1,Japan,False,2020,lexus_nxhybrid,2.7596594480847942,0.2355399442474806,Hybrid,0,1,15328.53,4180.0,194.0,31.0,0.8821136085198792,,1.1787105855307944,lexus,False,True,1,True,True,True,True
2021_lexus_nxhybrid,J,2021,Japan,MPV,0.05,0.95,Japan,,,1,1,1,1,Japan,False,2021,lexus_nxhybrid,2.804436033963924,0.201503936298864,Hybrid,0,1,15294.97,4180.0,194.0,31.0,0.9067306144627012,,1.1329362836920225,lexus,False,True,1,True,True,True,True
2022_lexus_nxhybrid,J,2022,Japan,MPV,0.3,0.55,Japan,,,1,1,1,1,Japan,False,2022,lexus_nxhybrid,3.139289313023217,0.1715622796644638,Hybrid,0,1,13468.9,4080.0,239.0,39.0,1.0863662179074403,,1.2063253999739498,lexus,False,True,1,True,True,True,True
2023_lexus_nxhybrid,J,2023,Japan,MPV,0.2,0.725,Japan,,,2,2,2,1,Japan,True,2023,lexus_nxhybrid,3.0588636923648984,0.1790751767008432,Hybrid,0,1,13468.9,4080.0,239.0,39.0,1.1606611667741318,,1.1685816287687563,lexus,False,True,1,True,True,True,True
2024_lexus_nxhybrid,J,2024,Japan,MPV,0.0,1.0,Japan,,,1,1,1,1,Japan,False,2024,lexus_nxhybrid,2.999118720385744,0.1997339806437061,Hybrid,0,1,13468.9,4080.0,239.0,39.0,1.2505060900333225,,1.22610340756905,lexus,False,True,1,True,True,True,True
2016_lexus_rc,J,2016,Japan,PC,0.0,1.0,Japan,,,1,1,1,1,Japan,False,2016,lexus_rc,3.6348417684940597,0.1361529161362165,ICE,0,0,15061.2,3748.0,255.0,22.0,0.8987878531868756,,1.0814600807837655,lexus,False,True,1,True,True,True,True
2017_lexus_rc,J,2017,Japan,PC,0.05,0.95,Japan,,,1,1,1,1,Japan,False,2017,lexus_rc,3.5837464556023804,0.1334512675424385,ICE,0,0,15061.2,3748.0,255.0,22.0,0.9266557391109638,,1.0889583645033811,lexus,False,True,1,True,True,True,True
2018_lexus_rc,J,2018,Japan,PC,0.0,1.0,Japan,,,1,1,1,1,Japan,False,2018,lexus_rc,3.57207504752235,0.1313768865763243,ICE,0,0,15061.2,3748.0,311.0,23.0,0.9122563353409684,,1.090866211405912,lexus,False,True,1,True,True,True,True
2020_lexus_rc,J,2020,Japan,PC,0.0,1.0,Japan,,,1,1,1,1,Japan,False,2020,lexus_rc,3.509655790244801,0.1334121227864566,ICE,0,0,14910.999999999998,3748.0,260.0,23.0,0.8821136085198792,,1.1787105855307944,lexus,False,True,1,True,True,True,True
2021_lexus_rc,J,2021,Japan,PC,0.0,1.0,Japan,,,1,1,1,1,Japan,False,2021,lexus_rc,3.430829889424084,0.1456845694313692,ICE,0,0,14910.999999999998,3748.0,260.0,23.0,0.9067306144627012,,1.1329362836920225,lexus,False,True,1,True,True,True,True
2022_lexus_rc,J,2022,Japan,PC,0.0,1.0,Japan,,,1,1,1,1,Japan,False,2022,lexus_rc,3.131706513725671,0.1545959313522352,ICE,0,0,14910.999999999998,3748.0,260.0,23.0,1.0863662179074403,,1.2063253999739498,lexus,False,True,1,True,True,True,True
2023_lexus_rc,J,2023,Japan,PC,0.0,1.0,Japan,,,1,1,1,1,Japan,False,2023,lexus_rc,3.151000421504952,0.1489293443030397,ICE,0,0,14910.999999999998,3748.0,260.0,23.0,1.1606611667741318,,1.1685816287687563,lexus,False,True,1,True,True,True,True
2024_lexus_rc,J,2024,Japan,PC,0.0,1.0,Japan,,,1,1,1,1,Japan,False,2024,lexus_rc,3.0863282475348157,0.1584812810037777,ICE,0,0,14910.999999999998,3748.0,260.0,23.0,1.2505060900333225,,1.22610340756905,lexus,False,True,1,True,True,True,True
2016_lexus_rx,CN,2016,Japan,MPV,0.425,0.47500000000000003,Japan,,,2,2,2,1,Japan,True,2016,lexus_rx,3.7343507389676227,0.1266464198490891,ICE,0,0,14360.499999999998,4387.0,295.0,22.0,0.8987878531868756,,1.0814600807837655,lexus,False,True,1,True,True,True,True
2017_lexus_rx,"US, J",2017,Japan,MPV,0.5,0.4,Japan,,,1,1,1,1,Japan,False,2017,lexus_rx,3.7843206893692227,0.1228914766475252,ICE,0,0,14360.499999999998,4387.0,295.0,22.0,0.9266557391109638,,1.0889583645033811,lexus,False,True,1,True,True,True,True
2018_lexus_rx,J,2018,Japan,MPV,0.5,0.35,Japan,,,1,1,1,1,Japan,False,2018,lexus_rx,4.0965832549523835,0.1154872567053941,ICE,0,0,14360.499999999998,4387.0,295.0,22.0,0.9122563353409684,,1.090866211405912,lexus,False,True,1,True,True,True,True
2019_lexus_rx,J,2019,Japan,MPV,0.2166666666666667,0.75,Japan,,,3,3,3,1,Japan,True,2019,lexus_rx,4.0333349581273135,0.1194704572343009,ICE,0,0,14360.499999999998,4387.0,295.0,22.0,0.900578655324746,,1.1122065556989225,lexus,False,True,1,True,True,True,True
2020_lexus_rx,CAN,2020,Canada,MPV,0.30000000000000004,0.6499999999999999,Japan,,,2,2,2,1,Japan,True,2020,lexus_rx,3.929580771400591,0.1188838030995511,ICE,0,0,14360.499999999998,4387.0,295.0,22.0,0.8821136085198792,,1.1787105855307944,lexus,False,True,1,True,True,True,True
2021_lexus_rx,CAN,2021,Japan,MPV,0.225,0.65,Japan,,,2,2,2,1,Japan,True,2021,lexus_rx,3.717372376560829,0.1271732432355304,ICE,0,0,14360.499999999998,4387.0,295.0,22.0,0.9067306144627012,,1.1329362836920225,lexus,False,True,1,True,True,True,True
2022_lexus_rx,CAN,2022,Canada,MPV,0.275,0.625,Japan,,,2,2,2,1,Japan,True,2022,lexus_rx,3.402652677346908,0.1379799297872893,ICE,0,0,14360.499999999998,4387.0,295.0,22.0,1.0863662179074403,,1.2063253999739498,lexus,False,True,1,True,True,True,True
2023_lexus_rx,CAN,2023,Canada,MPV,0.4,0.45,Japan,,,1,1,1,1,Japan,False,2023,lexus_rx,3.516542212189459,0.1288908305582725,ICE,0,0,14552.999999999998,4155.0,275.0,25.0,1.1606611667741318,,1.1685816287687563,lexus,False,True,1,True,True,True,True
2024_lexus_rx,CN,2024,Canada,MPV,0.275,0.65,Japan,,,2,2,2,1,Japan,True,2024,lexus_rx,3.410257987385328,0.1397969853786767,ICE,0,0,14552.999999999998,4155.0,275.0,25.0,1.2505060900333225,,1.22610340756905,lexus,False,True,1,True,True,True,True
2017_lexus_rxhybrid,"CN, J",2017,Japan,MPV,0.35,0.55,Japan,,,1,1,1,1,Japan,False,2017,lexus_rxhybrid,4.492770919901503,0.1239141477181628,Hybrid,0,1,14360.499999999998,4740.0,308.0,30.0,0.9266557391109638,,1.0889583645033811,lexus,False,True,1,True,True,True,True
2018_lexus_rxhybrid,CN,2018,Japan,MPV,0.35,0.55,Japan,,,1,1,1,1,Japan,False,2018,lexus_rxhybrid,4.202690052408592,0.1203627989526744,Hybrid,0,1,14688.74,4905.0,308.0,29.0,0.9122563353409684,,1.090866211405912,lexus,False,True,1,True,True,True,True
2019_lexus_rxhybrid,CAN,2019,Japan,MPV,0.35,0.55,Japan,,,1,1,1,1,Japan,False,2019,lexus_rxhybrid,4.091960481243603,0.1338378946703974,Hybrid,0,1,14360.499999999998,4740.0,308.0,30.0,0.900578655324746,,1.1122065556989225,lexus,False,True,1,True,True,True,True
2020_lexus_rxhybrid,CAN,2020,Canada,MPV,0.175,0.775,Japan,,,2,2,2,1,Japan,True,2020,lexus_rxhybrid,3.955034491193647,0.1449552739435118,Hybrid,0,1,14360.499999999998,4740.0,308.0,30.0,0.8821136085198792,,1.1787105855307944,lexus,False,True,1,True,True,True,True
2021_lexus_rxhybrid,CAN,2021,Japan,MPV,0.15,0.775,Japan,,,2,2,2,1,Japan,True,2021,lexus_rxhybrid,3.8161745625942727,0.1495531777849573,Hybrid,0,1,14360.499999999998,4740.0,308.0,30.0,0.9067306144627012,,1.1329362836920225,lexus,False,True,1,True,True,True,True
2022_lexus_rxhybrid,CAN,2022,Japan,MPV,0.175,0.725,Japan,,,2,2,2,1,Japan,True,2022,lexus_rxhybrid,3.464451072691471,0.1513100933654176,Hybrid,0,1,14360.499999999998,4740.0,308.0,30.0,1.0863662179074403,,1.2063253999739498,lexus,False,True,1,True,True,True,True
2023_lexus_rxhybrid,CAN,2023,Canada,MPV,0.45,0.35,Japan,,,1,1,1,1,Japan,False,2023,lexus_rxhybrid,3.406440521782378,0.1689745901625947,Hybrid,0,1,14552.999999999998,4455.0,246.0,36.0,1.1606611667741318,,1.1685816287687563,lexus,False,True,1,True,True,True,True
2024_lexus_rxhybrid,CN,2024,Canada,MPV,0.4,0.45,Japan,,,1,1,1,1,Japan,False,2024,lexus_rxhybrid,3.6602721864829393,0.154699243381594,Hybrid,0,1,14552.999999999998,4455.0,246.0,36.0,1.2505060900333225,,1.22610340756905,lexus,False,True,1,True,True,True,True
2023_lexus_rzev,J,2023,Japan,MPV,0.0,1.0,Japan,,,1,1,1,1,Japan,False,2023,lexus_rzev,4.087714023160603,0.1202902715357039,Electric,1,0,14114.319999999998,4564.0,308.0,95.0,1.1606611667741318,,1.1685816287687563,lexus,False,True,1,True,True,True,True
2024_lexus_rzev,J,2024,Japan,MPV,0.0,1.0,Japan,,,1,1,1,1,Japan,False,2024,lexus_rzev,3.7896406447045776,0.1454723867631419,Electric,1,0,14114.319999999998,4332.0,201.0,105.0,1.2505060900333225,,1.22610340756905,lexus,False,True,1,True,True,True,True
2020_lexus_ux,J,2020,Japan,MPV,0.0,1.0,Japan,,,1,1,1,1,Japan,False,2020,lexus_ux,2.426152251971768,0.1797779224286495,ICE,0,0,12814.8,3307.0,169.0,33.0,0.8821136085198792,,1.1787105855307944,lexus,False,True,1,True,True,True,True
2021_lexus_ux,J,2021,Japan,MPV,0.0,1.0,Japan,,,1,1,1,1,Japan,False,2021,lexus_ux,2.36236265798673,0.1814342404657442,ICE,0,0,12814.8,3307.0,169.0,32.0,0.9067306144627012,,1.1329362836920225,lexus,False,True,1,True,True,True,True
2022_lexus_ux,J,2022,Japan,MPV,0.0,1.0,Japan,,,1,1,1,1,Japan,False,2022,lexus_ux,2.265174230587625,0.1919301088513982,ICE,0,0,12814.8,3307.0,169.0,32.0,1.0863662179074403,,1.2063253999739498,lexus,False,True,1,True,True,True,True
2020_lexus_uxhybrid,J,2020,Japan,MPV,0.0,1.0,Japan,,,1,1,1,1,Japan,False,2020,lexus_uxhybrid,2.2870050349170308,0.2761243773743714,Hybrid,0,1,12814.8,3605.0,181.0,39.0,0.8821136085198792,,1.1787105855307944,lexus,False,True,1,True,True,True,True
2021_lexus_uxhybrid,J,2021,Japan,MPV,0.05,0.95,Japan,,,1,1,1,1,Japan,False,2021,lexus_uxhybrid,2.449881602558586,0.22614878136144,Hybrid,0,1,12814.8,3605.0,181.0,39.0,0.9067306144627012,,1.1329362836920225,lexus,False,True,1,True,True,True,True
2022_lexus_uxhybrid,J,2022,Japan,MPV,0.0,1.0,Japan,,,1,1,1,1,Japan,False,2022,lexus_uxhybrid,2.2043224165448168,0.2384937932803156,Hybrid,0,1,12814.8,3605.0,181.0,39.0,1.0863662179074403,,1.2063253999739498,lexus,False,True,1,True,True,True,True
2023_lexus_uxhybrid,J,2023,Japan,MPV,0.0,1.0,Japan,,,1,1,1,1,Japan,False,2023,lexus_uxhybrid,2.236297702968498,0.2393901838881896,Hybrid,0,1,12814.8,3483.0,181.0,42.0,1.1606611667741318,,1.1685816287687563,lexus,False,True,1,True,True,True,True
2024_lexus_uxhybrid,J,2024,Japan,MPV,0.0,1.0,Japan,,,1,1,1,1,Japan,False,2024,lexus_uxhybrid,2.100261869661802,0.2684297706847564,Hybrid,0,1,12814.8,3483.0,181.0,42.0,1.2505060900333225,,1.22610340756905,lexus,False,True,1,True,True,True,True
2016_lincoln_mkt,CN,2016,Canada,MPV,0.56,0.15,Mexico,,,1,1,1,1,Mexico,False,2016,lincoln_mkt,3.908367046005086,0.1079416133022809,ICE,0,0,17791.32,4822.0,334.0,18.0,1.1776719005700578,,1.0814600807837655,lincoln,False,True,1,True,True,True,True
2017_lincoln_mkt,CN,2017,Canada,MPV,0.56,0.15,Mexico,,,1,1,1,1,Mexico,False,2017,lincoln_mkt,3.9902815744601177,0.1082797718673266,ICE,0,0,17791.32,4793.5,334.0,18.0,1.1942325974251164,,1.0889583645033811,lincoln,False,True,1,True,True,True,True
2018_lincoln_mkt,CN,2018,Canada,MPV,0.6,0.15,Mexico,,,1,1,1,1,Mexico,False,2018,lincoln_mkt,3.8898224824685093,0.1094500996188442,ICE,0,0,17791.32,4793.5,334.0,18.0,1.2142868409974832,,1.090866211405912,lincoln,False,True,1,True,True,True,True
2016_lincoln_mkz,M,2016,Mexico,PC,0.25,0.6,Mexico,,,1,1,1,1,Mexico,False,2016,lincoln_mkz,3.337844696600259,0.1193080000525231,ICE,0,0,16168.53,3719.0,240.0,25.0,1.1776719005700578,,1.0814600807837655,lincoln,False,True,1,True,True,True,True
2017_lincoln_mkz,M,2017,Mexico,PC,0.25,0.6,Mexico,,,1,1,1,1,Mexico,False,2017,lincoln_mkz,3.372056866806776,0.1209215076037668,ICE,0,0,16151.87,3719.0,245.0,23.0,1.1942325974251164,,1.0889583645033811,lincoln,False,True,1,True,True,True,True
2018_lincoln_mkz,M,2018,Mexico,PC,0.26,0.6,Mexico,,,1,1,1,1,Mexico,False,2018,lincoln_mkz,3.340116752344982,0.1190359573038129,ICE,0,0,16168.53,3739.0,245.0,23.0,1.2142868409974832,,1.090866211405912,lincoln,False,True,1,True,True,True,True
2019_lincoln_mkz,MX,2019,Mexico,PC,0.23,0.6,Mexico,,,2,2,2,1,Mexico,True,2019,lincoln_mkz,3.690497643148915,0.1150819404548501,ICE,0,0,16151.87,3739.0,245.0,23.0,1.2155041135485891,,1.1122065556989225,lincoln,False,True,1,True,True,True,True
2020_lincoln_mkz,MX,2020,Mexico,PC,0.25,0.6,Mexico,,,1,1,1,1,Mexico,False,2020,lincoln_mkz,3.4255032435403883,0.1198607702817975,ICE,0,0,16168.53,3739.0,245.0,23.0,1.3557071430827963,,1.1787105855307944,lincoln,False,True,1,True,True,True,True
2019_lincoln_nautilus,CAN,2019,Canada,MPV,0.4,0.15,Mexico,,,1,1,1,1,Mexico,False,2019,lincoln_nautilus,4.047275077531863,0.1065745193248685,ICE,0,0,16358.999999999998,4142.0,250.0,22.0,1.2155041135485891,,1.1122065556989225,lincoln,False,True,2,False,True,True,False
2020_lincoln_nautilus,US,2020,Canada,MPV,0.45,0.15,Mexico,,,1,1,1,1,Mexico,False,2020,lincoln_nautilus,4.192015772144458,0.1023413137877151,ICE,0,0,16358.999999999998,4305.0,250.0,22.0,1.3557071430827963,,1.1787105855307944,lincoln,False,True,2,False,True,True,False
2021_lincoln_nautilus,CAN,2021,Canada,MPV,0.4,0.15,Mexico,,,1,1,1,1,Mexico,False,2021,lincoln_nautilus,4.081688079391938,0.1032286082429229,ICE,0,0,16358.999999999998,4300.0,250.0,22.0,1.2791561848447872,,1.1329362836920225,lincoln,False,True,2,False,True,True,False
2022_lincoln_nautilus,CN,2022,Canada,MPV,0.45,0.15,Mexico,,,1,1,1,1,Mexico,False,2022,lincoln_nautilus,3.815128188570208,0.1109879621427167,ICE,0,0,16358.999999999998,4300.0,250.0,22.0,1.27000323878321,,1.2063253999739498,lincoln,False,True,2,False,True,True,False
2024_lincoln_nautilus,CH,2024,China,MPV,0.13,0.86,China,,,1,1,1,1,China,False,2024,lincoln_nautilus,3.6629007742002466,0.114461998049231,ICE,0,0,16499.28,4349.0,250.0,24.0,1.1557614129762386,,1.22610340756905,lincoln,False,True,2,False,True,True,False
2019_maserati_ghibli,I,2019,Italy,PC,0.04,0.71,Italy,,,1,1,1,1,Italy,False,2019,maserati_ghibli,7.050477469282878,0.0692792158669103,ICE,0,0,16399.66,3990.0,424.0,19.0,0.9911015224344233,,1.1122065556989225,maserati,False,True,1,True,True,True,True
2021_maserati_ghibli,I,2021,Italy,PC,0.03,0.74,Italy,,,1,1,1,1,Italy,False,2021,maserati_ghibli,6.459097246556125,0.0731937765111184,ICE,0,0,16399.66,3990.0,424.0,20.0,0.9380866465504657,,1.1329362836920225,maserati,False,True,1,True,True,True,True
2022_maserati_ghibli,I,2022,Italy,PC,0.03,0.75,Italy,,,1,1,1,1,Italy,False,2022,maserati_ghibli,6.280554547727912,0.0710637883469144,ICE,0,0,16399.66,4122.0,424.0,20.0,1.0536197956263276,,1.2063253999739498,maserati,False,True,1,True,True,True,True
2019_maserati_levante,I,2019,Italy,MPV,0.02,0.67,Italy,,,1,1,1,1,Italy,False,2019,maserati_levante,7.534969770173612,0.0653597213910082,ICE,0,0,16745.0,4650.0,424.0,17.0,0.9911015224344233,,1.1122065556989225,maserati,False,True,1,True,True,True,True
2021_maserati_levante,I,2021,Italy,MPV,0.02,0.7,Italy,,,1,1,1,1,Italy,False,2021,maserati_levante,6.98330693516535,0.0659572392693427,ICE,0,0,16745.0,4994.0,424.0,18.0,0.9380866465504657,,1.1329362836920225,maserati,False,True,1,True,True,True,True
2022_maserati_levante,I,2022,Italy,MPV,0.02,0.71,Italy,,,1,1,1,1,Italy,False,2022,maserati_levante,7.463617612351686,0.0641428284250576,ICE,0,0,16745.0,4994.0,424.0,18.0,1.0536197956263276,,1.2063253999739498,maserati,False,True,1,True,True,True,True
2023_maserati_levante,I,2023,Italy,MPV,0.02,0.71,Italy,,,1,1,1,1,Italy,False,2023,maserati_levante,7.358429179552003,0.0670222911957411,ICE,0,0,16745.0,4994.0,424.0,18.0,1.0261214117788637,,1.1685816287687563,maserati,False,True,1,True,True,True,True
2016_mazda_3,J,2016,Japan,PC,0.05,0.625,Japan,0.6,Mexico,2,2,2,2,Japan | Mexico,True,2016,mazda_3,1.7246113461922778,0.1986960909273836,ICE,0,0,12747.21,2931.0,155.0,33.0,0.8987878531868756,1.1776719005700578,1.0814600807837655,mazda,False,True,2,False,True,False,False
2017_mazda_3,M,2017,Mexico,PC,0.05,0.65,Mexico,0.5499999999999999,Japan,2,2,2,2,Japan | Mexico,True,2017,mazda_3,1.7292589092472321,0.1960619632370237,ICE,0,0,12414.92,2967.0,155.0,31.0,1.1942325974251164,0.9266557391109638,1.0889583645033811,mazda,False,True,2,False,True,False,False
2018_mazda_3,J,2018,Japan,PC,0.0,0.9,Japan,,,1,1,1,1,Japan,False,2018,mazda_3,1.5495401238700128,0.2122226707289656,ICE,0,0,12747.21,3013.0,184.0,30.0,0.9122563353409684,,1.090866211405912,mazda,False,True,2,False,True,True,False
2019_mazda_3,J,2019,Japan,PC,0.025,0.65,Mexico,0.5,Japan,2,2,2,2,Japan | Mexico,True,2019,mazda_3,1.906950879645163,0.1835655011182281,ICE,0,0,12973.45,3082.0,186.0,30.0,1.2155041135485891,0.900578655324746,1.1122065556989225,mazda,False,True,2,False,True,False,False
2020_mazda_3,J,2020,Mexico,PC,0.025,0.7,Mexico,0.5,Japan,2,2,2,2,Japan | Mexico,True,2020,mazda_3,1.901455662186172,0.1889228553364711,ICE,0,0,12414.92,3082.0,186.0,29.0,1.3557071430827963,0.8821136085198792,1.1787105855307944,mazda,False,True,2,False,True,False,False
2021_mazda_3,J,2021,Japan,PC,0.025,0.65,Mexico,0.47500000000000003,Japan,2,2,2,2,Japan | Mexico,True,2021,mazda_3,1.784082463240462,0.1999894966454855,ICE,0,0,12973.45,3261.0,186.0,28.0,1.2791561848447872,0.9067306144627012,1.1329362836920225,mazda,False,True,2,False,True,False,False
2022_mazda_3,J,2022,Japan,PC,0.025,0.7,Mexico,0.525,Japan,2,2,2,2,Japan | Mexico,True,2022,mazda_3,1.754914280115952,0.2017104385378383,ICE,0,0,12973.45,3100.0,186.0,29.0,1.27000323878321,1.0863662179074403,1.2063253999739498,mazda,False,True,2,False,True,False,False
2023_mazda_3,J,2023,Japan,PC,0.025,0.65,Mexico,0.55,Japan,2,2,2,2,Japan | Mexico,True,2023,mazda_3,1.744167312371532,0.204824221357075,ICE,0,0,12414.92,3148.0,191.0,30.0,1.120546305774649,1.1606611667741318,1.1685816287687563,mazda,False,True,2,False,True,False,False
2024_mazda_3,J,2024,Japan,PC,0.05,0.7,Mexico,0.5,Japan,2,2,2,2,Japan | Mexico,True,2024,mazda_3,1.6304617217933102,0.2120752405354701,ICE,0,0,12973.45,3146.0,191.0,30.0,1.155006961401666,1.2505060900333225,1.22610340756905,mazda,False,True,2,False,True,False,False
2016_mazda_6,J,2016,Japan,PC,0.0,0.95,Japan,,,1,1,1,1,Japan,False,2016,mazda_6,1.93117328580068,0.1832873177866552,ICE,0,0,13864.6,3250.0,184.0,31.0,0.8987878531868756,,1.0814600807837655,mazda,False,True,1,True,True,True,True
2017_mazda_6,J,2017,Japan,PC,0.0,0.95,Japan,,,1,1,1,1,Japan,False,2017,mazda_6,1.9106917773524421,0.1833048559513334,ICE,0,0,13864.6,3305.0,184.0,29.0,0.9266557391109638,,1.0889583645033811,mazda,False,True,1,True,True,True,True
2020_mazda_6,J,2020,Japan,PC,0.0,0.9,Japan,,,1,1,1,1,Japan,False,2020,mazda_6,2.139287306135638,0.173074112775588,ICE,0,0,15859.21,3509.5,218.5,27.5,0.8821136085198792,,1.1787105855307944,mazda,False,True,1,True,True,True,True
2021_mazda_6,J,2021,Japan,PC,0.0,0.9,Japan,,,1,1,1,1,Japan,False,2021,mazda_6,2.183139891156541,0.1727148445540652,ICE,0,0,15859.21,3582.0,227.0,26.0,0.9067306144627012,,1.1329362836920225,mazda,False,True,1,True,True,True,True
2016_mazda_cx3,J,2016,Japan,PC,0.0,0.85,Japan,,,1,1,1,1,Japan,False,2016,mazda_cx3,1.739395149343966,0.1978994491227428,ICE,0,0,11713.68,2809.0,146.0,31.0,0.8987878531868756,,1.0814600807837655,mazda,False,True,1,True,True,True,True
2017_mazda_cx3,J,2017,Japan,PC,0.0,0.85,Japan,,,1,1,1,1,Japan,False,2017,mazda_cx3,1.7026990909350208,0.1981363370463515,ICE,0,0,11713.68,2809.0,146.0,31.0,0.9266557391109638,,1.0889583645033811,mazda,False,True,1,True,True,True,True
2018_mazda_cx3,J,2018,Japan,PC,0.0,0.85,Japan,,,1,1,1,1,Japan,False,2018,mazda_cx3,1.677647669965717,0.1991632852009127,ICE,0,0,11713.68,2809.0,146.0,31.0,0.9122563353409684,,1.090866211405912,mazda,False,True,1,True,True,True,True
2019_mazda_cx3,J,2019,Japan,PC,0.0,0.9,Japan,,,1,1,1,1,Japan,False,2019,mazda_cx3,1.662159447293416,0.202087324714628,ICE,0,0,11713.68,2809.0,148.0,31.0,0.900578655324746,,1.1122065556989225,mazda,False,True,1,True,True,True,True
2021_mazda_cx3,J,2021,Japan,PC,0.0,0.85,Japan,,,1,1,1,1,Japan,False,2021,mazda_cx3,1.448406397622759,0.2293184468312777,ICE,0,0,11713.68,2922.5,148.0,30.0,0.9067306144627012,,1.1329362836920225,mazda,False,True,1,True,True,True,True
2020_mazda_cx30,,2020,Mexico,PC,0.05,0.65,Mexico,0.15,Japan,1,1,1,1,Mexico,False,2020,mazda_cx30,1.87988219497891,0.188616747721232,ICE,0,0,12231.1,3252.0,186.0,28.0,1.3557071430827963,0.8821136085198792,1.1787105855307944,mazda,False,True,1,True,True,True,True
2021_mazda_cx30,M,2021,Mexico,PC,0.05,0.65,Mexico,0.15,Japan,1,1,1,1,Mexico,False,2021,mazda_cx30,2.0233154458066522,0.1817576977175675,ICE,0,0,12231.1,3388.0,186.0,27.0,1.2791561848447872,0.9067306144627012,1.1329362836920225,mazda,False,True,1,True,True,True,True
2022_mazda_cx30,M,2022,Mexico,PC,0.05,0.65,Mexico,0.2,Japan,1,1,1,1,Mexico,False,2022,mazda_cx30,1.8422356096816102,0.1957582737357913,ICE,0,0,12231.1,3388.0,186.0,26.0,1.27000323878321,1.0863662179074403,1.2063253999739498,mazda,False,True,1,True,True,True,True
2023_mazda_cx30,M,2023,Mexico,PC,0.05,0.65,Mexico,0.25,Japan,1,1,1,1,Mexico,False,2023,mazda_cx30,1.800552579107331,0.1995547579723104,ICE,0,0,12231.1,3424.0,191.0,29.0,1.120546305774649,1.1606611667741318,1.1685816287687563,mazda,False,True,1,True,True,True,True
2016_mazda_cx5,J,2016,Japan,MPV,0.0,0.95,Japan,,,2,2,2,1,Japan,True,2016,mazda_cx5,2.059442960556677,0.1729082454473927,ICE,0,0,12981.320000000002,3433.0,184.0,29.0,0.8987878531868756,,1.0814600807837655,mazda,False,True,1,True,True,True,True
2017_mazda_cx5,J,2017,Japan,MPV,0.0,0.9,Japan,,,1,1,1,1,Japan,False,2017,mazda_cx5,2.369358713180983,0.1519858815250069,ICE,0,0,12984.75,3527.0,187.0,27.0,0.9266557391109638,,1.0889583645033811,mazda,False,True,1,True,True,True,True
2018_mazda_cx5,J,2018,Japan,MPV,0.0,0.9,Japan,,,1,1,1,1,Japan,False,2018,mazda_cx5,2.049571711087011,0.1716542986239443,ICE,0,0,12984.75,3563.0,187.0,28.0,0.9122563353409684,,1.090866211405912,mazda,False,True,1,True,True,True,True
2019_mazda_cx5,J,2019,Japan,MPV,0.0,0.9,Japan,,,1,1,1,1,Japan,False,2019,mazda_cx5,2.344831246340899,0.1579812420340497,ICE,0,0,14919.03,3679.0,187.0,26.0,0.900578655324746,,1.1122065556989225,mazda,False,True,1,True,True,True,True
2020_mazda_cx5,J,2020,Japan,MPV,0.0,0.9,Japan,,,1,1,1,1,Japan,False,2020,mazda_cx5,2.138252909835111,0.1728883853675772,ICE,0,0,14919.03,3679.0,187.0,26.0,0.8821136085198792,,1.1787105855307944,mazda,False,True,1,True,True,True,True
2021_mazda_cx5,J,2021,Japan,MPV,0.0,0.9,Japan,,,1,1,1,1,Japan,False,2021,mazda_cx5,2.206580216902804,0.1715879407479464,ICE,0,0,14919.03,3691.0,187.0,26.0,0.9067306144627012,,1.1329362836920225,mazda,False,True,1,True,True,True,True
2022_mazda_cx5,J,2022,Japan,MPV,0.0,0.9,Japan,,,1,1,1,1,Japan,False,2022,mazda_cx5,2.035446979726582,0.1816992311890426,ICE,0,0,15002.329999999998,3717.0,187.0,26.0,1.0863662179074403,,1.2063253999739498,mazda,False,True,1,True,True,True,True
2023_mazda_cx5,J,2023,Japan,MPV,0.0,0.85,Japan,,,1,1,1,1,Japan,False,2023,mazda_cx5,1.9608933770200199,0.1893792831426225,ICE,0,0,15002.329999999998,3717.0,187.0,26.0,1.1606611667741318,,1.1685816287687563,mazda,False,True,1,True,True,True,True
2024_mazda_cx5,J,2024,Japan,MPV,0.05,0.9,Japan,,,1,1,1,1,Japan,False,2024,mazda_cx5,2.0245380744292527,0.1861088281363732,ICE,0,0,15002.329999999998,3783.0,187.0,28.0,1.2505060900333225,,1.22610340756905,mazda,False,True,1,True,True,True,True
2016_mazda_cx9,J,2016,Japan,MPV,0.0,0.9,Japan,,,1,1,1,1,Japan,False,2016,mazda_cx9,3.280619626005159,0.1204272022207023,ICE,0,0,15453.5,4301.0,250.0,23.0,0.8987878531868756,,1.0814600807837655,mazda,False,True,1,True,True,True,True
2017_mazda_cx9,J,2017,Japan,MPV,0.0,0.9,Japan,,,1,1,1,1,Japan,False,2017,mazda_cx9,3.125894307339712,0.1232089316113541,ICE,0,0,15453.5,4235.5,250.0,23.5,0.9266557391109638,,1.0889583645033811,mazda,False,True,1,True,True,True,True
2018_mazda_cx9,J,2018,Japan,MPV,0.0,0.9,Japan,,,1,1,1,1,Japan,False,2018,mazda_cx9,2.9414758766730182,0.1309327733591076,ICE,0,0,15453.5,4263.5,250.0,23.5,0.9122563353409684,,1.090866211405912,mazda,False,True,1,True,True,True,True
2019_mazda_cx9,J,2019,Japan,MPV,0.0,0.9,Japan,,,1,1,1,1,Japan,False,2019,mazda_cx9,2.910142091282299,0.1333809277272396,ICE,0,0,15453.5,4300.0,250.0,23.5,0.900578655324746,,1.1122065556989225,mazda,False,True,1,True,True,True,True
2020_mazda_cx9,J,2020,Japan,MPV,0.0,0.9,Japan,,,1,1,1,1,Japan,False,2020,mazda_cx9,2.899978563109149,0.1371314318591271,ICE,0,0,15453.5,4306.5,250.0,23.5,0.8821136085198792,,1.1787105855307944,mazda,False,True,1,True,True,True,True
2021_mazda_cx9,J,2021,Japan,MPV,0.0,0.9,Japan,,,1,1,1,1,Japan,False,2021,mazda_cx9,2.998283618999587,0.1334722266961441,ICE,0,0,15453.5,4322.5,250.0,23.5,0.9067306144627012,,1.1329362836920225,mazda,False,True,1,True,True,True,True
2022_mazda_cx9,J,2022,Japan,MPV,0.0,0.9,Japan,,,1,1,1,1,Japan,False,2022,mazda_cx9,2.912763420766047,0.1365040145905051,ICE,0,0,17327.86,4409.0,250.0,23.0,1.0863662179074403,,1.2063253999739498,mazda,False,True,1,True,True,True,True
2023_mazda_cx9,J,2023,Japan,MPV,0.0,0.9,Japan,,,1,1,1,1,Japan,False,2023,mazda_cx9,3.0190627286747542,0.1341802146945986,ICE,0,0,17327.86,4409.0,250.0,23.0,1.1606611667741318,,1.1685816287687563,mazda,False,True,1,True,True,True,True
2017_mazda_mx5miata,J,2017,Japan,PC,0.0,0.9,Japan,,,1,1,1,1,Japan,False,2017,mazda_mx5miata,2.604730559343925,0.1463308522618623,ICE,0,0,10525.03,2445.0,155.0,29.0,0.9266557391109638,,1.0889583645033811,mazda,False,True,1,True,True,True,True
2018_mazda_mx5miata,J,2018,Japan,PC,0.0,0.9,Japan,,,1,1,1,1,Japan,False,2018,mazda_mx5miata,2.411989963528246,0.1536717665594643,ICE,0,0,10525.03,2381.0,155.0,29.0,0.9122563353409684,,1.090866211405912,mazda,False,True,1,True,True,True,True
2019_mazda_mx5miata,J,2019,Japan,PC,0.0,0.9,Japan,,,1,1,1,1,Japan,False,2019,mazda_mx5miata,2.5517156343608036,0.1488472605720034,ICE,0,0,10525.03,2388.0,181.0,29.0,0.900578655324746,,1.1122065556989225,mazda,False,True,1,True,True,True,True
2022_mazda_mx5miata,J,2022,Japan,PC,0.0,0.9,Japan,,,1,1,1,1,Japan,False,2022,mazda_mx5miata,2.181998594358547,0.1721000621637016,ICE,0,0,10525.03,2372.0,181.0,29.0,1.0863662179074403,,1.2063253999739498,mazda,False,True,1,True,True,True,True
2023_mazda_mx5miata,J,2023,Japan,PC,0.0,0.9,Japan,,,1,1,1,1,Japan,False,2023,mazda_mx5miata,2.130503332232191,0.1774504059634619,ICE,0,0,10525.03,2372.0,181.0,29.0,1.1606611667741318,,1.1685816287687563,mazda,False,True,1,True,True,True,True
2024_mazda_mx5miata,J,2024,Japan,PC,0.0,0.85,Japan,,,1,1,1,1,Japan,False,2024,mazda_mx5miata,2.172596063662354,0.1723383260930345,ICE,0,0,10525.03,2389.0,181.0,29.0,1.2505060900333225,,1.22610340756905,mazda,False,True,1,True,True,True,True
2020_mercedesbenz_a,MX,2020,Mexico,PC,0.035,0.565,Germany,0.46,Mexico,2,2,2,2,Germany | Mexico,True,2020,mercedesbenz_a,2.7043148664215098,0.1514177612913869,ICE,0,0,14041.44,3395.0,188.0,28.0,0.9713856336917915,1.3557071430827963,1.1787105855307944,mercedesbenz,False,True,1,True,True,False,False
2021_mercedesbenz_a,MX,2021,Mexico,PC,0.02,0.585,Germany,0.37,Mexico,2,2,2,1,Germany,True,2021,mercedesbenz_a,2.665329110631431,0.145106030587666,ICE,0,0,14041.44,3395.0,188.0,28.0,0.9380866465504657,1.2791561848447872,1.1329362836920225,mercedesbenz,False,True,1,True,True,True,True
2022_mercedesbenz_a,MX,2022,Germany,PC,0.02,0.585,Germany,0.37,Mexico,2,2,2,1,Germany,True,2022,mercedesbenz_a,2.354102410869154,0.1681355817104528,ICE,0,0,14041.44,3340.0,188.0,28.0,1.0536197956263276,1.27000323878321,1.2063253999739498,mercedesbenz,False,True,1,True,True,True,True
2022_mercedesbenz_amggt,G,2022,Germany,PC,0.0,0.8350000000000001,Germany,,,4,4,4,1,Germany,True,2022,mercedesbenz_amggt,7.351423530809012,0.0692810709206733,ICE,0,0,16234.8,4597.0,395.5,21.0,1.0536197956263276,,1.2063253999739498,mercedesbenz,False,True,1,True,True,True,True
2023_mercedesbenz_amggt,G,2023,Germany,PC,0.0,0.85,Germany,,,2,2,2,1,Germany,True,2023,mercedesbenz_amggt,7.733019034935715,0.0682299047605066,ICE,0,0,16234.8,4597.0,429.0,21.0,1.0261214117788637,,1.1685816287687563,mercedesbenz,False,True,1,True,True,True,True
2024_mercedesbenz_amggt,G,2024,Germany,PC,0.0,0.5,Germany,,,1,1,1,1,Germany,False,2024,mercedesbenz_amggt,7.658375263213783,0.0738378042491718,ICE,0,0,16234.8,4508.0,429.0,21.0,1.025067361218186,,1.22610340756905,mercedesbenz,False,True,1,True,True,True,True
2017_mercedesbenz_c,G,2017,Germany,PC,0.23555555555555557,0.4955555555555555,Germany,,,10,9,9,1,Germany,True,2017,mercedesbenz_c,3.717979928683456,0.1196221801781899,ICE,0,0,14667.75,3638.0,241.0,26.0,0.9821469223782773,,1.0889583645033811,mercedesbenz,False,True,1,True,True,True,True
2018_mercedesbenz_c,G,2018,Germany,PC,0.17454545454545453,0.5945454545454546,Germany,0.29500000000000004,South Africa,11,11,11,1,Germany,True,2018,mercedesbenz_c,4.513325669641323,0.1028442810231108,ICE,0,0,14667.75,3799.5,301.5,24.0,0.9395051898480684,1.037228478974251,1.090866211405912,mercedesbenz,False,True,1,True,True,True,True
2019_mercedesbenz_c,G,2019,Germany,PC,0.15166666666666667,0.5716666666666667,Germany,0.34,South Africa,12,12,12,2,Germany | South Africa,True,2019,mercedesbenz_c,4.520050050041419,0.1060136844697462,ICE,0,0,14670.435,3855.0,320.0,23.0,0.9911015224344233,1.1324167507364065,1.1122065556989225,mercedesbenz,False,True,1,True,True,False,False
2020_mercedesbenz_c,G,2020,Germany,PC,0.19727272727272727,0.5645454545454546,Germany,0.32999999999999996,South Africa,11,11,11,2,Germany | South Africa,True,2020,mercedesbenz_c,4.688452552587608,0.1053366438228946,ICE,0,0,14673.120000000004,3887.0,385.0,22.0,0.9713856336917915,1.2900066271069885,1.1787105855307944,mercedesbenz,False,True,1,True,True,False,False
2021_mercedesbenz_c,G,2021,Germany,PC,0.021111111111111112,0.6977777777777778,Germany,0.30000000000000004,South Africa,9,9,9,2,Germany | South Africa,True,2021,mercedesbenz_c,4.397833767050929,0.1130958324772454,ICE,0,0,14673.120000000004,3874.0,385.0,22.0,0.9380866465504657,1.1583006718192992,1.1329362836920225,mercedesbenz,False,True,1,True,True,False,False
2022_mercedesbenz_c,G,2022,Germany,PC,0.021111111111111112,0.6977777777777778,Germany,0.30000000000000004,South Africa,9,9,9,2,Germany | South Africa,True,2022,mercedesbenz_c,3.5413798017819795,0.122632142890587,ICE,0,0,14649.3,3880.0,255.0,25.0,1.0536197956263276,1.2819141065838269,1.2063253999739498,mercedesbenz,False,True,1,True,True,False,False
2023_mercedesbenz_c,G,2023,Germany,PC,0.0,0.7285714285714286,Germany,0.4,South Africa,7,7,7,2,Germany | South Africa,True,2023,mercedesbenz_c,4.02014409531966,0.1127013958995269,ICE,0,0,14673.120000000004,3935.0,255.0,23.0,1.0261214117788637,1.4460650624670521,1.1685816287687563,mercedesbenz,False,True,1,True,True,False,False
2024_mercedesbenz_c,SA,2024,South Africa,PC,0.0,0.2,Germany,0.1,South Africa,1,1,1,1,Germany,False,2024,mercedesbenz_c,3.1894132400377178,0.137569177699978,ICE,0,0,14960.0,3957.0,255.0,27.0,1.025067361218186,1.4365355312591834,1.22610340756905,mercedesbenz,False,True,1,True,True,True,True
2017_mercedesbenz_chybrid,G,2017,South Africa,PC,0.6,0.2,Germany,,,1,1,1,1,Germany,False,2017,mercedesbenz_chybrid,3.900452564348147,0.1240479543458905,Hybrid,0,1,14667.75,4057.0,275.0,30.0,0.9821469223782773,,1.0889583645033811,mercedesbenz,False,True,1,True,True,True,True
2018_mercedesbenz_chybrid,US,2018,South Africa,PC,0.51,0.38,Germany,,,1,1,1,1,Germany,False,2018,mercedesbenz_chybrid,3.9945717563535785,0.1164460346112794,Hybrid,0,1,14667.75,3924.0,275.0,30.0,0.9395051898480684,,1.090866211405912,mercedesbenz,False,True,1,True,True,True,True
2016_mercedesbenz_cla,H,2016,Hungary,PC,0.0,0.49,Hungary,0.35,Germany,1,1,1,1,Hungary,False,2016,mercedesbenz_cla,2.8793689782568848,0.143666171136626,ICE,0,0,14584.0,3384.0,208.0,27.0,1.007843102037894,1.002357729317206,1.0814600807837655,mercedesbenz,False,True,2,False,True,True,False
2017_mercedesbenz_cla,G,2017,Hungary,PC,0.0,0.42,Germany,0.27,Hungary,1,1,1,1,Germany,False,2017,mercedesbenz_cla,2.85008633249264,0.143170248300348,ICE,0,0,14584.0,3395.0,208.0,27.0,0.9821469223782773,0.982461164740945,1.0889583645033811,mercedesbenz,False,True,2,False,True,True,False
2018_mercedesbenz_cla,G,2018,Hungary,PC,0.0,0.63,Germany,0.18,Hungary,1,1,1,1,Germany,False,2018,mercedesbenz_cla,2.6379773191092633,0.1452843199272744,ICE,0,0,14584.0,3274.0,208.0,29.0,0.9395051898480684,0.9673477547367386,1.090866211405912,mercedesbenz,False,True,2,False,True,True,False
2019_mercedesbenz_cla,HUN,2019,Hungary,PC,0.0,0.61,Germany,0.18,Hungary,1,1,1,1,Germany,False,2019,mercedesbenz_cla,2.5933473089856127,0.1546918210234052,ICE,0,0,14584.0,3274.0,208.0,29.0,0.9911015224344233,1.0405520302864868,1.1122065556989225,mercedesbenz,False,True,2,False,True,True,False
2020_mercedesbenz_cla,H,2020,Hungary,PC,0.0,0.64,Germany,,,3,3,3,1,Germany,True,2020,mercedesbenz_cla,3.410358631432136,0.1293853732822732,ICE,0,0,14535.89,3494.0,261.5,25.0,0.9713856336917915,,1.1787105855307944,mercedesbenz,False,True,2,False,True,True,False
2021_mercedesbenz_cla,H,2021,Hungary,PC,0.0,0.61,Germany,0.15,Hungary,3,3,3,1,Germany,True,2021,mercedesbenz_cla,3.3402696724798258,0.1289704722665609,ICE,0,0,14535.89,3494.0,261.5,25.0,0.9380866465504657,1.0852329510529566,1.1329362836920225,mercedesbenz,False,True,2,False,True,True,False
2022_mercedesbenz_cla,H,2022,Hungary,PC,0.0,0.61,Germany,0.15,Hungary,3,3,3,1,Germany,True,2022,mercedesbenz_cla,2.7660851045991155,0.1502056068961793,ICE,0,0,14528.02,3483.0,221.0,24.0,1.0536197956263276,1.3338792775634771,1.2063253999739498,mercedesbenz,False,True,2,False,True,True,False
2023_mercedesbenz_cla,H,2023,Hungary,PC,0.0,0.61,Germany,0.15,Hungary,3,3,3,1,Germany,True,2023,mercedesbenz_cla,2.729350299122586,0.1513905317284274,ICE,0,0,14528.02,3483.0,221.0,24.0,1.0261214117788637,1.2640431503673937,1.1685816287687563,mercedesbenz,False,True,2,False,True,True,False
2024_mercedesbenz_cla,H,2024,Hungary,PC,0.0,0.25,Germany,0.10000000000000002,Hungary,3,3,3,1,Germany,True,2024,mercedesbenz_cla,2.904132332882744,0.1495590971061135,ICE,0,0,14528.02,3616.0,221.0,24.0,1.025067361218186,1.3091596334117943,1.22610340756905,mercedesbenz,False,True,2,False,True,True,False
2016_mercedesbenz_cls,G,2016,Germany,PC,0.0,0.64,Germany,,,1,1,1,1,Germany,False,2016,mercedesbenz_cls,6.53711836376416,0.0773704949859687,ICE,0,0,15890.65,4211.0,365.5,21.5,1.002357729317206,,1.0814600807837655,mercedesbenz,False,True,1,True,True,True,True
2017_mercedesbenz_cls,G,2017,Germany,PC,0.0,0.75,Germany,,,3,3,3,1,Germany,True,2017,mercedesbenz_cls,6.419467149096981,0.0836622970273146,ICE,0,0,15890.65,4173.5,365.5,20.5,0.9821469223782773,,1.0889583645033811,mercedesbenz,False,True,1,True,True,True,True
2019_mercedesbenz_cls,G,2019,Germany,PC,0.0,0.82,Germany,,,1,1,1,1,Germany,False,2019,mercedesbenz_cls,6.072503097826845,0.0862424643766341,ICE,0,0,16226.65,4255.0,362.0,26.0,0.9911015224344233,,1.1122065556989225,mercedesbenz,False,True,1,True,True,True,True
2020_mercedesbenz_cls,G,2020,Germany,PC,0.0,0.82,Germany,,,1,1,1,1,Germany,False,2020,mercedesbenz_cls,6.050932198684564,0.0879895330117467,ICE,0,0,16006.6,4255.0,362.0,26.0,0.9713856336917915,,1.1787105855307944,mercedesbenz,False,True,1,True,True,True,True
2021_mercedesbenz_cls,G,2021,Germany,PC,0.0,0.82,Germany,,,1,1,1,1,Germany,False,2021,mercedesbenz_cls,5.787184626199172,0.0910146089903575,ICE,0,0,16006.6,4255.0,362.0,25.0,0.9380866465504657,,1.1329362836920225,mercedesbenz,False,True,1,True,True,True,True
2022_mercedesbenz_cls,G,2022,Germany,PC,0.0,0.82,Germany,,,1,1,1,1,Germany,False,2022,mercedesbenz_cls,5.399141088125971,0.0859419945832611,ICE,0,0,16006.6,4255.0,362.0,25.0,1.0536197956263276,,1.2063253999739498,mercedesbenz,False,True,1,True,True,True,True
2016_mercedesbenz_e,G,2016,Germany,PC,0.0,0.705,Germany,,,2,2,2,1,Germany,True,2016,mercedesbenz_e,5.406969996807181,0.0889496412951869,ICE,0,0,15656.15,4145.0,329.0,23.0,1.002357729317206,,1.0814600807837655,mercedesbenz,False,True,1,True,True,True,True
2017_mercedesbenz_e,G,2017,Germany,PC,0.0,0.7257142857142858,Germany,,,7,7,7,1,Germany,True,2017,mercedesbenz_e,5.139349445115352,0.0968567381374358,ICE,0,0,15755.94,4095.5,329.0,23.0,0.9821469223782773,,1.0889583645033811,mercedesbenz,False,True,1,True,True,True,True
2018_mercedesbenz_e,G,2018,Germany,PC,0.0,0.8014285714285715,Germany,,,7,7,7,1,Germany,True,2018,mercedesbenz_e,5.335212375417598,0.0915831667021581,ICE,0,0,15755.94,4101.0,329.0,22.0,0.9395051898480684,,1.090866211405912,mercedesbenz,False,True,1,True,True,True,True
2019_mercedesbenz_e,G,2019,Germany,PC,0.0,0.7985714285714286,Germany,,,7,7,7,1,Germany,True,2019,mercedesbenz_e,5.527582845535627,0.0929695117067509,ICE,0,0,15587.740000000002,4249.5,362.0,23.0,0.9911015224344233,,1.1122065556989225,mercedesbenz,False,True,1,True,True,True,True
2020_mercedesbenz_e,G,2020,Germany,PC,0.0,0.7885714285714285,Germany,,,7,7,7,1,Germany,True,2020,mercedesbenz_e,5.964819664614653,0.0877475630906298,ICE,0,0,15755.94,4332.0,362.0,23.0,0.9713856336917915,,1.1787105855307944,mercedesbenz,False,True,1,True,True,True,True
2021_mercedesbenz_e,G,2021,Germany,PC,0.0,0.7985714285714286,Germany,,,7,7,7,1,Germany,True,2021,mercedesbenz_e,5.343522904924694,0.096138424258984,ICE,0,0,15796.59,4341.0,362.0,25.0,0.9380866465504657,,1.1329362836920225,mercedesbenz,False,True,1,True,True,True,True
2022_mercedesbenz_e,G,2022,Germany,PC,0.0,0.7985714285714286,Germany,,,7,7,7,1,Germany,True,2022,mercedesbenz_e,5.041980906913967,0.0909557969766509,ICE,0,0,15608.065,4321.0,362.0,24.0,1.0536197956263276,,1.2063253999739498,mercedesbenz,False,True,1,True,True,True,True
2023_mercedesbenz_e,G,2023,Germany,PC,0.0,0.7985714285714286,Germany,,,7,7,7,1,Germany,True,2023,mercedesbenz_e,5.286418781675364,0.0886348649510681,ICE,0,0,15608.065,4354.0,362.0,24.0,1.0261214117788637,,1.1685816287687563,mercedesbenz,False,True,1,True,True,True,True
2023_mercedesbenz_eqbev,G,2023,Hungary,MPV,0.0,0.1,Hungary,,,1,1,1,1,Hungary,False,2023,mercedesbenz_eqbev,3.848484567330337,0.1250540038442343,Electric,1,0,14659.8,4630.0,225.0,92.75,1.2640431503673937,,1.1685816287687563,mercedesbenz,False,True,2,False,True,True,False
2024_mercedesbenz_eqbev,H,2024,Hungary,MPV,0.0,0.15,Germany,0.1,Hungary,1,1,1,1,Germany,False,2024,mercedesbenz_eqbev,3.7985186504386945,0.1179248644179341,Electric,1,0,14659.8,4796.0,225.0,87.0,1.025067361218186,1.3091596334117943,1.22610340756905,mercedesbenz,False,True,2,False,True,True,False
2023_mercedesbenz_eqesedanev,G,2023,Germany,PC,0.0,0.35,Germany,,,1,1,1,1,Germany,False,2023,mercedesbenz_eqesedanev,5.427942270862477,0.1041776975960249,Electric,1,0,16303.32,5424.0,288.0,73.0,1.0261214117788637,,1.1685816287687563,mercedesbenz,False,True,1,True,True,True,True
2024_mercedesbenz_eqesedanev,G,2024,Germany,PC,0.0,0.35,Germany,,,1,1,1,1,Germany,False,2024,mercedesbenz_eqesedanev,5.314696124369459,0.0969596560363778,Electric,1,0,16303.32,5434.0,288.0,73.0,1.025067361218186,,1.22610340756905,mercedesbenz,False,True,1,True,True,True,True
2023_mercedesbenz_eqesuvev,US,2023,Germany,PC,0.1,0.1,Germany,,,1,1,1,1,Germany,False,2023,mercedesbenz_eqesuvev,5.43731704673144,0.1026304937231065,Electric,1,0,16143.45,5635.0,288.0,74.0,1.0261214117788637,,1.1685816287687563,mercedesbenz,False,True,1,True,True,True,True
2024_mercedesbenz_eqesuvev,US,2024,Germany,PC,0.1,0.1,Germany,,,1,1,1,1,Germany,False,2024,mercedesbenz_eqesuvev,5.3505586507016165,0.0908661170349851,Electric,1,0,16143.45,5576.0,288.0,74.0,1.025067361218186,,1.22610340756905,mercedesbenz,False,True,1,True,True,True,True
2023_mercedesbenz_eqssedanev,G,2023,Germany,PC,0.0,0.8,Germany,,,1,1,1,1,Germany,False,2023,mercedesbenz_eqssedanev,7.6979627716414525,0.0784993770208917,Electric,1,0,17359.38,5856.0,355.0,94.0,1.0261214117788637,,1.1685816287687563,mercedesbenz,False,True,1,True,True,True,True
2024_mercedesbenz_eqssedanev,G,2024,Germany,PC,0.0,0.35,Germany,,,1,1,1,1,Germany,False,2024,mercedesbenz_eqssedanev,7.449105585015323,0.0819506627501185,Electric,1,0,17359.38,5754.0,355.0,96.0,1.025067361218186,,1.22610340756905,mercedesbenz,False,True,1,True,True,True,True
2016_mercedesbenz_gla,G,2016,Germany,PC,0.0,0.65,Germany,,,1,1,1,1,Germany,False,2016,mercedesbenz_gla,2.8421372871705843,0.1408615794152563,ICE,0,0,13842.44,3362.0,208.0,28.0,1.002357729317206,,1.0814600807837655,mercedesbenz,False,True,1,True,True,True,True
2017_mercedesbenz_gla,G,2017,Germany,MPV,0.0,0.73,Germany,,,1,1,1,1,Germany,False,2017,mercedesbenz_gla,2.912318839535642,0.1357664887624098,ICE,0,0,13842.44,3428.0,208.0,26.0,0.9821469223782773,,1.0889583645033811,mercedesbenz,False,True,1,True,True,True,True
2018_mercedesbenz_gla,G,2018,Germany,MPV,0.0,0.83,Germany,,,1,1,1,1,Germany,False,2018,mercedesbenz_gla,2.897442170738777,0.1328187452016281,ICE,0,0,13842.44,3428.0,208.0,26.0,0.9395051898480684,,1.090866211405912,mercedesbenz,False,True,1,True,True,True,True
2019_mercedesbenz_gla,G,2019,Germany,MPV,0.0,0.8,Germany,,,2,2,2,1,Germany,True,2019,mercedesbenz_gla,2.773456850754514,0.1438366840999763,ICE,0,0,13842.44,3362.0,208.0,26.5,0.9911015224344233,,1.1122065556989225,mercedesbenz,False,True,1,True,True,True,True
2020_mercedesbenz_gla,G,2020,Germany,MPV,0.0,0.8049999999999999,Germany,,,2,2,2,1,Germany,True,2020,mercedesbenz_gla,2.662208942359226,0.1512154066295632,ICE,0,0,13842.44,3296.0,208.0,28.0,0.9713856336917915,,1.1787105855307944,mercedesbenz,False,True,1,True,True,True,True
2021_mercedesbenz_gla,G,2021,Germany,MPV,0.0,0.73,Germany,,,2,2,2,1,Germany,True,2021,mercedesbenz_gla,2.885341840445852,0.1369937906075074,ICE,0,0,13801.2,3494.0,221.0,27.0,0.9380866465504657,,1.1329362836920225,mercedesbenz,False,True,1,True,True,True,True
2022_mercedesbenz_gla,G,2022,Germany,MPV,0.0,0.73,Germany,,,2,2,2,1,Germany,True,2022,mercedesbenz_gla,2.622009510555807,0.156709098418993,ICE,0,0,13801.2,3560.0,221.0,26.0,1.0536197956263276,,1.2063253999739498,mercedesbenz,False,True,1,True,True,True,True
2023_mercedesbenz_gla,G,2023,Germany,MPV,0.0,0.73,Germany,,,2,2,2,1,Germany,True,2023,mercedesbenz_gla,2.595133317718839,0.1553307465266927,ICE,0,0,13801.2,3560.0,221.0,26.0,1.0261214117788637,,1.1685816287687563,mercedesbenz,False,True,1,True,True,True,True
2024_mercedesbenz_gla,G,2024,Germany,MPV,0.0,0.35,Germany,,,2,2,2,1,Germany,True,2024,mercedesbenz_gla,2.824416002820436,0.1474394391158308,ICE,0,0,13801.2,3726.0,221.0,24.0,1.025067361218186,,1.22610340756905,mercedesbenz,False,True,1,True,True,True,True
2020_mercedesbenz_glb,MX,2020,Mexico,MPV,0.05,0.44,Germany,0.4,Mexico,1,1,1,1,Germany,False,2020,mercedesbenz_glb,2.868875066581234,0.1440537836520943,ICE,0,0,14500.8,3638.0,221.0,26.0,0.9713856336917915,1.3557071430827963,1.1787105855307944,mercedesbenz,False,True,1,True,True,True,True
2021_mercedesbenz_glb,MX,2021,Mexico,MPV,0.05,0.44,Germany,0.4,Mexico,1,1,1,1,Germany,False,2021,mercedesbenz_glb,3.037492063822138,0.1327714306744747,ICE,0,0,14500.8,3759.0,221.0,26.0,0.9380866465504657,1.2791561848447872,1.1329362836920225,mercedesbenz,False,True,1,True,True,True,True
2022_mercedesbenz_glb,MX,2022,Mexico,MPV,0.05,0.44,Germany,0.4,Mexico,1,1,1,1,Germany,False,2022,mercedesbenz_glb,2.79566621276542,0.1495796175035998,ICE,0,0,14500.8,3759.0,221.0,25.0,1.0536197956263276,1.27000323878321,1.2063253999739498,mercedesbenz,False,True,1,True,True,True,True
2023_mercedesbenz_glb,MX,2023,Mexico,MPV,0.05,0.44,Germany,0.4,Mexico,1,1,1,1,Germany,False,2023,mercedesbenz_glb,2.769390147414521,0.1482111141772271,ICE,0,0,14500.8,3759.0,221.0,25.0,1.0261214117788637,1.120546305774649,1.1685816287687563,mercedesbenz,False,True,1,True,True,True,True
2024_mercedesbenz_glb,M,2024,Mexico,MPV,0.0,0.15,Germany,0.1,Mexico,1,1,1,1,Germany,False,2024,mercedesbenz_glb,3.030736074130882,0.1400709055521811,ICE,0,0,14500.8,3902.0,221.0,23.0,1.025067361218186,1.155006961401666,1.22610340756905,mercedesbenz,False,True,1,True,True,True,True
2016_mercedesbenz_glc,G,2016,Germany,MPV,0.0,0.71,Germany,,,1,1,1,1,Germany,False,2016,mercedesbenz_glc,3.374593203268223,0.1226419580378836,ICE,0,0,15122.250000000002,3892.0,241.0,24.0,1.002357729317206,,1.0814600807837655,mercedesbenz,False,True,1,True,True,True,True
2017_mercedesbenz_glc,G,2017,Germany,PC,0.0,0.72,Germany,,,4,4,4,1,Germany,True,2017,mercedesbenz_glc,3.951720114736574,0.1106030679613165,ICE,0,0,15138.75,4133.0,241.0,24.0,0.9821469223782773,,1.0889583645033811,mercedesbenz,False,True,1,True,True,True,True
2018_mercedesbenz_glc,G,2018,Germany,MPV,0.0,0.7933333333333332,Germany,,,9,9,9,1,Germany,True,2018,mercedesbenz_glc,4.361265339123389,0.1014617356630238,ICE,0,0,15138.75,4139.0,301.5,22.0,0.9395051898480684,,1.090866211405912,mercedesbenz,False,True,1,True,True,True,True
2019_mercedesbenz_glc,G,2019,Germany,MPV,0.0,0.7825000000000001,Germany,,,8,8,8,1,Germany,True,2019,mercedesbenz_glc,3.684810042600863,0.1165439022832782,ICE,0,0,15130.5,4001.0,241.0,23.5,0.9911015224344233,,1.1122065556989225,mercedesbenz,False,True,1,True,True,True,True
2020_mercedesbenz_glc,G,2020,Germany,MPV,0.065,0.7249999999999999,Germany,,,8,8,8,1,Germany,True,2020,mercedesbenz_glc,4.907727104970575,0.0993016527714636,ICE,0,0,15163.500000000002,4140.0,385.0,21.0,0.9713856336917915,,1.1787105855307944,mercedesbenz,False,True,1,True,True,True,True
2021_mercedesbenz_glc,G,2021,Germany,MPV,0.05777777777777778,0.7122222222222222,Germany,,,9,9,9,1,Germany,True,2021,mercedesbenz_glc,4.695785853119737,0.1035988485538759,ICE,0,0,15138.75,4191.0,385.0,20.0,0.9380866465504657,,1.1329362836920225,mercedesbenz,False,True,1,True,True,True,True
2022_mercedesbenz_glc,G,2022,Germany,PC,0.03272727272727272,0.7390909090909091,Germany,,,11,11,11,1,Germany,True,2022,mercedesbenz_glc,3.212171070032711,0.1347657494736176,ICE,0,0,15122.250000000002,3891.0,255.0,24.0,1.0536197956263276,,1.2063253999739498,mercedesbenz,False,True,1,True,True,True,True
2023_mercedesbenz_glc,G,2023,Germany,MPV,0.0,0.7725,Germany,,,8,8,8,1,Germany,True,2023,mercedesbenz_glc,3.322962090067194,0.1299023361452247,ICE,0,0,15171.69,3891.0,255.0,22.0,1.0261214117788637,,1.1685816287687563,mercedesbenz,False,True,1,True,True,True,True
2024_mercedesbenz_glc,G,2024,Germany,MPV,0.0,0.3,Germany,,,2,2,2,1,Germany,True,2024,mercedesbenz_glc,3.237014863571539,0.1335478766726482,ICE,0,0,15171.69,4277.0,255.0,27.0,1.025067361218186,,1.22610340756905,mercedesbenz,False,True,1,True,True,True,True
2019_mercedesbenz_glchybrid,G,2019,Finland,MPV,0.0,0.76,Germany,,,1,1,1,1,Germany,False,2019,mercedesbenz_glchybrid,4.18542295786198,0.1084570201428021,Hybrid,0,1,15122.250000000002,4564.0,320.0,25.0,0.9911015224344233,,1.1122065556989225,mercedesbenz,False,True,1,True,True,True,True
2020_mercedesbenz_glchybrid,G,2020,Germany,MPV,0.0,0.79,Germany,,,1,1,1,1,Germany,False,2020,mercedesbenz_glchybrid,4.245891004749285,0.1066587061584121,Hybrid,0,1,15122.250000000002,4555.0,315.0,25.0,0.9713856336917915,,1.1787105855307944,mercedesbenz,False,True,1,True,True,True,True
2020_mercedesbenz_gle,US,2020,Germany,MPV,0.576,0.27599999999999997,Germany,,,5,5,5,1,Germany,True,2020,mercedesbenz_gle,4.611731402853351,0.1039265382360776,ICE,0,0,16496.070000000003,4696.0,255.0,22.0,0.9713856336917915,,1.1787105855307944,mercedesbenz,False,True,1,True,True,True,True
2021_mercedesbenz_gle,US,2021,Germany,PC,0.49857142857142855,0.32,Germany,,,7,7,7,1,Germany,True,2021,mercedesbenz_gle,5.339537443132032,0.0944683668961648,ICE,0,0,16496.070000000003,5047.5,395.5,21.0,0.9380866465504657,,1.1329362836920225,mercedesbenz,False,True,1,True,True,True,True
2022_mercedesbenz_gle,US,2022,Germany,PC,0.49857142857142855,0.32,Germany,,,7,7,7,1,Germany,True,2022,mercedesbenz_gle,5.049098646594694,0.0969234830733391,ICE,0,0,16496.070000000003,5047.5,395.5,20.5,1.0536197956263276,,1.2063253999739498,mercedesbenz,False,True,1,True,True,True,True
2023_mercedesbenz_gle,US,2023,Germany,PC,0.49857142857142855,0.32,Germany,,,7,7,7,1,Germany,True,2023,mercedesbenz_gle,5.049096772925009,0.0946455365563591,ICE,0,0,16496.070000000003,5047.5,395.5,20.0,1.0261214117788637,,1.1685816287687563,mercedesbenz,False,True,1,True,True,True,True
2024_mercedesbenz_gle,US,2024,Germany,PC,0.09999999999999999,0.25,Germany,,,7,7,7,1,Germany,True,2024,mercedesbenz_gle,5.978255805604185,0.0878396642635545,ICE,0,0,16462.11,5127.0,429.0,17.0,1.025067361218186,,1.22610340756905,mercedesbenz,False,True,1,True,True,True,True
2024_mercedesbenz_glehybrid,US,2024,Germany,MPV,0.1,0.25,Germany,,,1,1,1,1,Germany,False,2024,mercedesbenz_glehybrid,4.721387475192976,0.1008109455805956,Hybrid,0,1,16462.11,5754.0,381.0,21.0,1.025067361218186,,1.22610340756905,mercedesbenz,False,True,1,True,True,True,True
2017_mercedesbenz_gls,US,2017,Germany,MPV,0.6,0.26,Germany,,,3,3,3,1,Germany,True,2017,mercedesbenz_gls,6.1077172369972885,0.0805732165698178,ICE,0,0,16994.879999999997,5335.0,362.0,17.5,0.9821469223782773,,1.0889583645033811,mercedesbenz,False,True,1,True,True,True,True
2018_mercedesbenz_gls,US,2018,Germany,MPV,0.61,0.29,Germany,,,3,3,3,1,Germany,True,2018,mercedesbenz_gls,8.326906748045667,0.0708472881951776,ICE,0,0,17079.18,5578.0,449.0,16.0,0.9395051898480684,,1.090866211405912,mercedesbenz,False,True,1,True,True,True,True
2019_mercedesbenz_gls,US,2019,Germany,MPV,0.6,0.28,Germany,,,3,3,3,1,Germany,True,2019,mercedesbenz_gls,8.27149381835598,0.0679750271940464,ICE,0,0,17028.6,5578.0,449.0,16.0,0.9911015224344233,,1.1122065556989225,mercedesbenz,False,True,1,True,True,True,True
2020_mercedesbenz_gls,US,2020,Germany,MPV,0.6,0.3,Germany,,,3,3,3,1,Germany,True,2020,mercedesbenz_gls,6.303316973629206,0.0846920548112749,ICE,0,0,17404.5,5701.0,362.0,21.0,0.9713856336917915,,1.1787105855307944,mercedesbenz,False,True,1,True,True,True,True
2022_mercedesbenz_gls,US,2022,Germany,MPV,0.4875,0.36,Germany,,,4,4,4,1,Germany,True,2022,mercedesbenz_gls,8.917037039922075,0.0692813127477694,ICE,0,0,17412.989999999998,5881.0,516.5,18.0,1.0536197956263276,,1.2063253999739498,mercedesbenz,False,True,1,True,True,True,True
2023_mercedesbenz_gls,US,2023,Germany,MPV,0.4875,0.36,Germany,,,4,4,4,1,Germany,True,2023,mercedesbenz_gls,8.813823443260887,0.0711862757678098,ICE,0,0,17412.989999999998,5897.5,516.5,17.5,1.0261214117788637,,1.1685816287687563,mercedesbenz,False,True,1,True,True,True,True
2024_mercedesbenz_gls,US,2024,Germany,MPV,0.1,0.25,Germany,,,4,4,4,1,Germany,True,2024,mercedesbenz_gls,7.823383057913236,0.07542372464637,ICE,0,0,17404.5,5875.0,510.0,16.0,1.025067361218186,,1.22610340756905,mercedesbenz,False,True,1,True,True,True,True
2016_mercedesbenz_metris,US,2016,Spain,MPV,0.005,0.695,Spain,0.12,Germany,2,2,2,1,Spain,True,2016,mercedesbenz_metris,2.568394274502862,0.1534888218638196,ICE,0,0,17871.92,4536.0,208.0,22.0,1.002357729317206,1.002357729317206,1.0814600807837655,mercedesbenz,False,True,1,True,True,True,True
2017_mercedesbenz_metris,US,2017,Spain,MPV,0.005,0.705,Spain,0.12,Germany,2,2,2,1,Spain,True,2017,mercedesbenz_metris,2.451298910754918,0.1548333119996484,ICE,0,0,17871.92,4850.0,208.0,22.0,0.9821469223782773,0.9821469223782773,1.0889583645033811,mercedesbenz,False,True,1,True,True,True,True
2018_mercedesbenz_metris,US,2018,Spain,MPV,0.005,0.705,Spain,0.12,Germany,2,2,2,1,Germany,True,2018,mercedesbenz_metris,2.423857055559114,0.1425505142659174,ICE,0,0,17871.92,4222.0,208.0,22.0,0.9395051898480684,0.9395051898480684,1.090866211405912,mercedesbenz,False,True,1,True,True,True,True
2020_mercedesbenz_metris,US,2020,Spain,MPV,0.195,0.485,Spain,0.195,Germany,2,2,2,1,Spain,True,2020,mercedesbenz_metris,2.44461504290253,0.1565629173343225,ICE,0,0,17871.92,4222.0,208.0,22.0,0.9713856336917915,0.9713856336917915,1.1787105855307944,mercedesbenz,False,True,1,True,True,True,True
2022_mercedesbenz_metris,US,2022,Spain,MPV,0.195,0.485,Spain,0.195,Germany,2,2,2,1,Spain,True,2022,mercedesbenz_metris,2.376017089550389,0.1733996528373889,ICE,0,0,18269.27,4178.0,208.0,21.0,1.0536197956263276,1.0536197956263276,1.2063253999739498,mercedesbenz,False,True,1,True,True,True,True
2023_mercedesbenz_metris,US,2023,Spain,MPV,0.194,0.54,Spain,0.07,Germany,5,5,5,1,Spain,True,2023,mercedesbenz_metris,2.695206140263306,0.1380341849214602,ICE,0,0,17871.92,4178.0,208.0,20.0,1.0261214117788637,1.0261214117788637,1.1685816287687563,mercedesbenz,False,True,1,True,True,True,True
2024_mercedesbenz_s,G,2024,Germany,PC,0.0,0.3833333333333333,Germany,,,3,3,3,1,Germany,True,2024,mercedesbenz_s,9.058394662118133,0.0643814999423171,ICE,0,0,17280.6,4784.0,496.0,21.0,1.025067361218186,,1.22610340756905,mercedesbenz,False,True,1,True,True,True,True
2017_mercedesbenz_shybrid,G,2017,Germany,PC,0.0,0.79,Germany,,,3,3,3,1,Germany,True,2017,mercedesbenz_shybrid,8.711776549450686,0.0673373903091904,Hybrid,0,1,17325.350000000002,5115.0,436.0,42.0,0.9821469223782773,,1.0889583645033811,mercedesbenz,False,True,1,True,True,True,True
2020_mercedesbenz_sl,G,2020,Germany,PC,0.0,0.81,Germany,,,3,3,3,1,Germany,True,2020,mercedesbenz_sl,7.717138332509244,0.0739577132704044,ICE,0,0,15057.98,3825.0,362.0,22.0,0.9713856336917915,,1.1787105855307944,mercedesbenz,False,True,1,True,True,True,True
2017_mercedesbenz_slc,G,2017,Germany,PC,0.0,0.81,Germany,,,2,2,2,1,Germany,True,2017,mercedesbenz_slc,4.693463518484714,0.1032105255887996,ICE,0,0,12873.05,3418.5,301.5,25.0,0.9821469223782773,,1.0889583645033811,mercedesbenz,False,True,1,True,True,True,True
2018_mercedesbenz_slc,G,2018,Germany,PC,0.0,0.84,Germany,,,2,2,2,1,Germany,True,2018,mercedesbenz_slc,4.891352331707862,0.0953379003097543,ICE,0,0,12861.2,3296.0,241.0,27.0,0.9395051898480684,,1.090866211405912,mercedesbenz,False,True,1,True,True,True,True
2019_mercedesbenz_slc,G,2019,Germany,PC,0.0,0.85,Germany,,,2,2,2,1,Germany,True,2019,mercedesbenz_slc,4.694091787873557,0.1024422691565933,ICE,0,0,12873.05,3418.5,301.5,25.0,0.9911015224344233,,1.1122065556989225,mercedesbenz,False,True,1,True,True,True,True
2020_mercedesbenz_slc,G,2020,Germany,PC,0.0,0.87,Germany,,,2,2,2,1,Germany,True,2020,mercedesbenz_slc,5.182689411132245,0.0983176350634063,ICE,0,0,12861.2,3384.0,241.0,25.0,0.9713856336917915,,1.1787105855307944,mercedesbenz,False,True,1,True,True,True,True
2017_mini_cooper,UK,2017,United Kingdom,PC,0.05,0.38,Germany,0.25,United Kingdom,5,5,5,1,Germany,True,2017,mini_cooper,2.054869964756334,0.181079114705644,ICE,0,0,11978.14,2895.0,189.0,27.0,0.9821469223782773,1.1870476642616914,1.0889583645033811,mini,False,True,2,False,True,True,False
2018_mini_cooper,UK,2018,United Kingdom,PC,0.05,0.37,Germany,0.25,United Kingdom,5,5,5,1,Germany,True,2018,mini_cooper,2.0668816942856068,0.1798321820968695,ICE,0,0,11978.14,2895.0,189.0,27.0,0.9395051898480684,1.14511758777269,1.090866211405912,mini,False,True,2,False,True,True,False
2019_mini_cooper,UK,2019,United Kingdom,PC,0.05,0.38,Germany,0.25,United Kingdom,5,5,5,1,Germany,True,2019,mini_cooper,2.044122936706955,0.1801448792742422,ICE,0,0,12023.8,3035.0,189.0,26.5,0.9911015224344233,1.1969299844480323,1.1122065556989225,mini,False,True,2,False,True,True,False
2020_mini_cooper,UK,2020,United Kingdom,PC,0.05,0.38,Germany,0.21250000000000002,United Kingdom,5,5,5,1,Germany,True,2020,mini_cooper,2.307391872559785,0.1711733615120539,ICE,0,0,12023.8,3120.0,189.0,29.0,0.9713856336917915,1.1916659758947017,1.1787105855307944,mini,False,True,2,False,True,True,False
2021_mini_cooper,UK,2021,United Kingdom,PC,0.05,0.33999999999999997,Germany,0.2,United Kingdom,5,5,5,1,Germany,True,2021,mini_cooper,2.007953158923113,0.1872516989613599,ICE,0,0,11978.14,2882.5,189.0,29.0,0.9380866465504657,1.110793624471738,1.1329362836920225,mini,False,True,2,False,True,True,False
2022_mini_cooper,UK,2022,United Kingdom,PC,0.012,0.306,Germany,0.19000000000000003,United Kingdom,5,5,5,1,Germany,True,2022,mini_cooper,1.9100657678654689,0.1893568659892236,ICE,0,0,12030.15,2937.0,189.0,29.0,1.0536197956263276,1.2394886864691033,1.2063253999739498,mini,False,True,2,False,True,True,False
2023_mini_cooper,UK,2023,United Kingdom,PC,0.004,0.3275,United Kingdom,0.21200000000000002,Germany,5,5,5,1,Germany,True,2023,mini_cooper,2.114507016972173,0.1799323012626245,ICE,0,0,12724.025,3238.0,189.0,28.0,1.2291566175495652,1.0261214117788637,1.1685816287687563,mini,False,True,2,False,True,True,False
2024_mini_cooper,UK,2024,United Kingdom,PC,0.0,0.274,Germany,0.18000000000000002,United Kingdom,5,5,5,1,Germany,True,2024,mini_cooper,2.116401791725169,0.1784955614874948,ICE,0,0,12030.15,2937.0,189.0,28.5,1.025067361218186,1.195355565201299,1.22610340756905,mini,False,True,2,False,True,True,False
2019_mitsubishi_eclipsecross,J,2019,Japan,MPV,0.0,0.954,Japan,,,5,5,5,1,Japan,True,2019,mitsubishi_eclipsecross,1.8969460364482909,0.1876877625311955,ICE,0,0,12328.74,3472.0,152.0,25.0,0.900578655324746,,1.1122065556989225,mitsubishi,False,True,1,True,True,True,True
2020_mitsubishi_eclipsecross,J,2020,Japan,MPV,0.0025,0.945,Japan,,,8,8,8,1,Japan,True,2020,mitsubishi_eclipsecross,1.895626780010057,0.1928280565138956,ICE,0,0,12328.74,3373.0,152.0,26.0,0.8821136085198792,,1.1787105855307944,mitsubishi,False,True,1,True,True,True,True
2022_mitsubishi_eclipsecross,J,2022,Japan,MPV,0.0025,0.9612499999999999,Japan,,,8,8,8,1,Japan,True,2022,mitsubishi_eclipsecross,1.6830089535689319,0.2110261665980169,ICE,0,0,12726.9,3362.0,152.0,26.0,1.0863662179074403,,1.2063253999739498,mitsubishi,False,True,1,True,True,True,True
2023_mitsubishi_eclipsecross,J,2023,Japan,MPV,0.00125,0.94875,Japan,,,8,8,8,1,Japan,True,2023,mitsubishi_eclipsecross,1.686802572680238,0.2126903291809551,ICE,0,0,12726.9,3488.5,152.0,25.0,1.1606611667741318,,1.1685816287687563,mitsubishi,False,True,1,True,True,True,True
2024_mitsubishi_eclipsecross,J,2024,Japan,MPV,0.0,1.0,Japan,,,6,6,6,1,Japan,True,2024,mitsubishi_eclipsecross,1.7389515797592738,0.2075310019045954,ICE,0,0,12726.9,3472.0,152.0,25.0,1.2505060900333225,,1.22610340756905,mitsubishi,False,True,1,True,True,True,True
2016_mitsubishi_lancer,J,2016,Japan,PC,0.01,0.97,Japan,,,1,1,1,1,Japan,False,2016,mitsubishi_lancer,1.6002311630877961,0.2093255652584205,ICE,0,0,12637.74,3059.5,168.0,26.0,0.8987878531868756,,1.0814600807837655,mitsubishi,False,True,1,True,True,True,True
2017_mitsubishi_lancer,J,2017,Japan,PC,0.01,0.9466666666666667,Japan,,,3,3,3,1,Japan,True,2017,mitsubishi_lancer,1.497098509245145,0.2178503829897471,ICE,0,0,12637.74,2954.0,148.0,28.0,0.9266557391109638,,1.0889583645033811,mitsubishi,False,True,1,True,True,True,True
2017_mitsubishi_mirage,TH,2017,Thailand,PC,0.0,0.9440000000000002,Thailand,,,5,5,5,1,Thailand,True,2017,mitsubishi_mirage,0.957671098307608,0.316728782798376,ICE,0,0,9800.64,2056.5,78.0,37.5,0.9910094558137441,,1.0889583645033811,mitsubishi,False,True,2,False,True,True,False
2018_mitsubishi_mirage,TH,2018,Thailand,PC,0.0,0.9028571428571427,Thailand,0.15,Japan,7,7,7,1,Thailand,True,2018,mitsubishi_mirage,0.91718021488429,0.3341920980909039,ICE,0,0,9800.64,2073.0,78.0,39.0,0.9434271502340129,0.9122563353409684,1.090866211405912,mitsubishi,False,True,2,False,True,True,False
2019_mitsubishi_mirage,T,2019,Thailand,PC,0.0,0.9085714285714285,Turkey,,,8,7,7,1,Turkey,True,2019,mitsubishi_mirage,0.993538956547184,0.3158244039362788,ICE,0,0,9800.64,2084.0,78.0,39.0,2.0859564407953943,,1.1122065556989225,mitsubishi,False,True,2,False,True,True,False
2021_mitsubishi_mirage,TH,2021,Thailand,PC,0.0,0.9099999999999999,Thailand,,,10,10,10,1,Thailand,True,2021,mitsubishi_mirage,0.962008025326878,0.321814046959557,ICE,0,0,9931.84,2095.0,78.0,39.0,0.9337000112480783,,1.1329362836920225,mitsubishi,False,True,2,False,True,True,False
2022_mitsubishi_mirage,TH,2022,Thailand,PC,0.0,0.892,Thailand,,,10,10,10,1,Thailand,True,2022,mitsubishi_mirage,0.782505245499526,0.4069282069928941,ICE,0,0,9931.84,2095.0,78.0,39.0,1.0237573076138158,,1.2063253999739498,mitsubishi,False,True,2,False,True,True,False
2023_mitsubishi_mirage,TH,2023,Thailand,PC,0.0,0.898,Thailand,,,10,10,10,1,Thailand,True,2023,mitsubishi_mirage,0.833398496477318,0.3750585492812837,ICE,0,0,9931.84,2095.0,78.0,39.0,1.0161900402103508,,1.1685816287687563,mitsubishi,False,True,2,False,True,True,False
2024_mitsubishi_mirage,TH,2024,Thailand,PC,0.0,0.9077777777777778,Thailand,,,9,9,9,1,Thailand,True,2024,mitsubishi_mirage,0.635016111331002,0.5263310539081538,ICE,0,0,9931.84,2095.0,78.0,39.0,1.0305369674736915,,1.22610340756905,mitsubishi,False,True,2,False,True,True,False
2016_mitsubishi_outlander,J,2016,Japan,MPV,0.0,0.985,Japan,,,2,2,2,1,Japan,True,2016,mitsubishi_outlander,2.0547234735054327,0.1675404554070742,ICE,0,0,13176.24,3494.0,166.0,26.0,0.8987878531868756,,1.0814600807837655,mitsubishi,False,True,1,True,True,True,True
2017_mitsubishi_outlander,J,2017,Japan,MPV,0.005,0.93,Japan,,,2,2,2,1,Japan,True,2017,mitsubishi_outlander,2.0496951578988423,0.1685632359306491,ICE,0,0,13176.24,3472.0,166.0,26.0,0.9266557391109638,,1.0889583645033811,mitsubishi,False,True,1,True,True,True,True
2018_mitsubishi_outlander,J,2018,Japan,MPV,0.002,0.9833333333333331,Japan,,,16,15,15,1,Japan,True,2018,mitsubishi_outlander,2.048278089242387,0.1699607297761397,ICE,0,0,13176.24,3494.0,166.0,26.0,0.9122563353409684,,1.090866211405912,mitsubishi,False,True,1,True,True,True,True
2019_mitsubishi_outlander,J,2019,Japan,MPV,0.001,0.9650000000000001,Japan,,,10,10,10,1,Japan,True,2019,mitsubishi_outlander,2.0761069497471722,0.1702471120940345,ICE,0,0,13176.24,3472.0,166.0,26.0,0.900578655324746,,1.1122065556989225,mitsubishi,False,True,1,True,True,True,True
2020_mitsubishi_outlander,J,2020,Japan,MPV,0.0024000000000000002,0.9572000000000002,Japan,,,25,25,25,1,Japan,True,2020,mitsubishi_outlander,2.083853194885628,0.172383154194987,ICE,0,0,13176.24,3472.0,166.0,26.0,0.8821136085198792,,1.1787105855307944,mitsubishi,False,True,1,True,True,True,True
2022_mitsubishi_outlander,J,2022,Japan,MPV,0.007826086956521738,0.9465217391304349,Japan,,,23,23,23,1,Japan,True,2022,mitsubishi_outlander,2.138369833608546,0.1700402709946781,ICE,0,0,15647.760000000002,3697.5,181.0,26.5,1.0863662179074403,,1.2063253999739498,mitsubishi,False,True,1,True,True,True,True
2023_mitsubishi_outlander,J,2023,Japan,MPV,0.014193548387096775,0.9087096774193549,Japan,,,31,31,31,1,Japan,True,2023,mitsubishi_outlander,2.109126706951083,0.1719019074144137,ICE,0,0,15647.760000000002,3714.0,181.0,26.0,1.1606611667741318,,1.1685816287687563,mitsubishi,False,True,1,True,True,True,True
2024_mitsubishi_outlander,J,2024,Japan,MPV,0.041999999999999996,0.841,Japan,,,10,10,10,1,Japan,True,2024,mitsubishi_outlander,2.162628158136497,0.1689601741220552,ICE,0,0,15647.760000000002,3714.0,181.0,26.0,1.2505060900333225,,1.22610340756905,mitsubishi,False,True,1,True,True,True,True
2017_mitsubishi_outlandersport,J,2017,Japan,MPV,0.0,0.9559999999999998,Japan,,,6,5,5,1,Japan,True,2017,mitsubishi_outlandersport,1.762971655085207,0.1966401778453579,ICE,0,0,12227.95,3142.0,148.0,25.0,0.9266557391109638,,1.0889583645033811,mitsubishi,False,True,1,True,True,True,True
2018_mitsubishi_outlandersport,J,2018,Japan,MPV,0.0025,0.9775000000000004,Japan,,,16,16,16,1,Japan,True,2018,mitsubishi_outlandersport,1.7516084826622418,0.1964416101101712,ICE,0,0,12256.47,3142.0,148.0,25.0,0.9122563353409684,,1.090866211405912,mitsubishi,False,True,1,True,True,True,True
2019_mitsubishi_outlandersport,J,2019,Japan,MPV,0.0009090909090909091,0.9818181818181819,Japan,,,11,11,11,1,Japan,True,2019,mitsubishi_outlandersport,1.753854002831718,0.1980342171901396,ICE,0,0,12256.47,3142.0,148.0,26.0,0.900578655324746,,1.1122065556989225,mitsubishi,False,True,1,True,True,True,True
2020_mitsubishi_outlandersport,J,2020,Japan,MPV,0.0025,0.9700000000000001,Japan,,,8,8,8,1,Japan,True,2020,mitsubishi_outlandersport,1.838823426340194,0.1974563765380883,ICE,0,0,12256.47,3153.0,148.0,26.0,0.8821136085198792,,1.1787105855307944,mitsubishi,False,True,1,True,True,True,True
2021_mitsubishi_outlandersport,J,2021,Japan,MPV,0.0,0.9360000000000002,Japan,,,5,5,5,1,Japan,True,2021,mitsubishi_outlandersport,1.7381877597882638,0.2032278894368742,ICE,0,0,12256.47,3208.0,148.0,26.5,0.9067306144627012,,1.1329362836920225,mitsubishi,False,True,1,True,True,True,True
2022_mitsubishi_outlandersport,J,2022,Japan,MPV,0.0,0.97,Japan,,,2,2,2,1,Japan,True,2022,mitsubishi_outlandersport,1.613182020398548,0.2170116610362385,ICE,0,0,12256.47,3208.0,148.0,26.5,1.0863662179074403,,1.2063253999739498,mitsubishi,False,True,1,True,True,True,True
2024_mitsubishi_outlandersport,J,2024,Japan,MPV,0.0014285714285714286,0.9385714285714286,Japan,,,7,7,7,1,Japan,True,2024,mitsubishi_outlandersport,1.592108036165408,0.2207950166639643,ICE,0,0,12256.47,3263.0,148.0,26.0,1.2505060900333225,,1.22610340756905,mitsubishi,False,True,1,True,True,True,True
2016_nissan_370z,J,2016,Japan,PC,0.025,0.975,Japan,,,2,2,2,1,Japan,True,2016,nissan_370z,3.508475978556491,0.1237175811011018,ICE,0,0,12160.499999999998,3371.0,332.0,21.0,0.8987878531868756,,1.0814600807837655,nissan,False,True,1,True,True,True,True
2017_nissan_370z,J,2017,Japan,PC,0.025,0.975,Japan,,,2,2,2,1,Japan,True,2017,nissan_370z,3.4209176680191478,0.1274299897259005,ICE,0,0,12160.499999999998,3392.0,332.0,21.0,0.9266557391109638,,1.0889583645033811,nissan,False,True,1,True,True,True,True
2018_nissan_370z,J,2018,Japan,PC,0.025,0.825,Japan,0.3,Germany,2,2,2,1,Japan,True,2018,nissan_370z,3.1495873641855248,0.1325791841392938,ICE,0,0,12160.499999999998,3402.0,332.0,21.0,0.9122563353409684,0.9395051898480684,1.090866211405912,nissan,False,True,1,True,True,True,True
2019_nissan_370z,J,2019,Japan,PC,0.025,0.8,Japan,0.35,Germany,2,2,2,1,Japan,True,2019,nissan_370z,3.1649713859067767,0.1353008413319077,ICE,0,0,12160.499999999998,3439.0,332.0,21.0,0.900578655324746,0.9911015224344233,1.1122065556989225,nissan,False,True,1,True,True,True,True
2020_nissan_370z,J,2020,Japan,PC,0.025,0.8,Japan,0.35,Germany,2,2,2,1,Japan,True,2020,nissan_370z,2.6628826510285117,0.1558069644970963,ICE,0,0,12160.499999999998,3399.5,332.0,21.0,0.8821136085198792,0.9713856336917915,1.1787105855307944,nissan,False,True,1,True,True,True,True
2018_nissan_altima,US,2018,Mexico,PC,0.55,0.15,Mexico,,,2,2,2,1,Mexico,True,2018,nissan_altima,1.9699946016549998,0.1944435305451026,ICE,0,0,13816.8,3254.0,179.0,31.0,1.2142868409974832,,1.090866211405912,nissan,False,True,1,True,True,True,True
2017_nissan_armada,J,2017,Japan,MPV,0.05,0.95,Japan,,,1,1,1,1,Japan,False,2017,nissan_armada,4.29969703838346,0.1044010658467705,ICE,0,0,16691.11,5716.0,390.0,16.0,0.9266557391109638,,1.0889583645033811,nissan,False,True,1,True,True,True,True
2018_nissan_armada,J,2018,Japan,MPV,0.05,0.95,Japan,,,1,1,1,1,Japan,False,2018,nissan_armada,4.309978488422234,0.1019872309479834,ICE,0,0,16691.11,5716.0,390.0,16.0,0.9122563353409684,,1.090866211405912,nissan,False,True,1,True,True,True,True
2019_nissan_armada,J,2019,Japan,MPV,0.05,0.95,Japan,,,2,2,2,1,Japan,True,2019,nissan_armada,4.308321401089966,0.1043813706324888,ICE,0,0,16691.11,5726.0,390.0,16.0,0.900578655324746,,1.1122065556989225,nissan,False,True,1,True,True,True,True
2020_nissan_armada,J,2020,Japan,MPV,0.05,0.95,Japan,,,2,2,2,1,Japan,True,2020,nissan_armada,4.279627609232544,0.1064472050234894,ICE,0,0,16691.11,5713.0,390.0,16.0,0.8821136085198792,,1.1787105855307944,nissan,False,True,1,True,True,True,True
2021_nissan_armada,J,2021,Japan,MPV,0.05,0.95,Japan,,,1,1,1,1,Japan,False,2021,nissan_armada,4.436033971771478,0.0990360510239854,ICE,0,0,16691.11,5792.0,400.0,16.0,0.9067306144627012,,1.1329362836920225,nissan,False,True,1,True,True,True,True
2022_nissan_armada,J,2022,Japan,MPV,0.05,0.95,Japan,,,2,2,2,1,Japan,True,2022,nissan_armada,4.200291737405529,0.1018959644649218,ICE,0,0,16691.11,5789.0,400.0,16.0,1.0863662179074403,,1.2063253999739498,nissan,False,True,1,True,True,True,True
2023_nissan_armada,J,2023,Japan,MPV,0.05,0.95,Japan,,,1,1,1,1,Japan,False,2023,nissan_armada,4.108130604971944,0.1066247330927109,ICE,0,0,16691.11,5789.0,400.0,16.0,1.1606611667741318,,1.1685816287687563,nissan,False,True,1,True,True,True,True
2024_nissan_armada,J,2024,Japan,MPV,0.05,0.9,Japan,,,1,1,1,1,Japan,False,2024,nissan_armada,4.296599120676521,0.1021310587070707,ICE,0,0,16691.11,5789.0,400.0,16.0,1.2505060900333225,,1.22610340756905,nissan,False,True,1,True,True,True,True
2016_nissan_juke,J,2016,Japan,MPV,0.0,1.0,Japan,,,1,1,1,1,Japan,False,2016,nissan_juke,1.969234540653584,0.1968741198330032,ICE,0,0,11286.8,3026.0,188.0,28.0,0.8987878531868756,,1.0814600807837655,nissan,False,True,1,True,True,True,True
2017_nissan_juke,J,2017,Japan,MPV,0.0,1.0,Japan,,,1,1,1,1,Japan,False,2017,nissan_juke,1.911778463433492,0.2037383298714742,ICE,0,0,11286.8,3026.0,188.0,28.0,0.9266557391109638,,1.0889583645033811,nissan,False,True,1,True,True,True,True
2019_nissan_kicks,M,2019,Mexico,PC,0.15,0.5,Mexico,,,1,1,1,1,Mexico,False,2019,nissan_kicks,1.380532865898951,0.268078139011074,ICE,0,0,11718.63,2654.0,122.0,33.0,1.2155041135485891,,1.1122065556989225,nissan,False,True,1,True,True,True,True
2020_nissan_kicks,MX,2020,Mexico,PC,0.2,0.6,Mexico,,,1,1,1,1,Mexico,False,2020,nissan_kicks,1.409899372085569,0.2562384937024931,ICE,0,0,11718.63,2707.0,122.0,33.0,1.3557071430827963,,1.1787105855307944,nissan,False,True,1,True,True,True,True
2021_nissan_kicks,MX,2021,Mexico,PC,0.15,0.7,Mexico,,,1,1,1,1,Mexico,False,2021,nissan_kicks,1.371865250426024,0.2686839515079436,ICE,0,0,11718.63,2734.0,122.0,33.0,1.2791561848447872,,1.1329362836920225,nissan,False,True,1,True,True,True,True
2022_nissan_kicks,MX,2022,Mexico,PC,0.15,0.65,Mexico,,,1,1,1,1,Mexico,False,2022,nissan_kicks,1.296673644583066,0.2670849853620287,ICE,0,0,11718.63,2738.0,122.0,33.0,1.27000323878321,,1.2063253999739498,nissan,False,True,1,True,True,True,True
2023_nissan_kicks,M ,2023,Mexico,PC,0.15,0.6,Mexico,,,1,1,1,1,Mexico,False,2023,nissan_kicks,1.240444284204324,0.2896293248605879,ICE,0,0,11753.28,2737.0,122.0,33.0,1.120546305774649,,1.1685816287687563,nissan,False,True,1,True,True,True,True
2024_nissan_kicks,M,2024,Mexico,PC,0.15,0.65,Mexico,,,1,1,1,1,Mexico,False,2024,nissan_kicks,1.247941989829,0.2880121449615354,ICE,0,0,11718.63,2685.0,122.0,33.0,1.155006961401666,,1.22610340756905,nissan,False,True,1,True,True,True,True
2016_nissan_maxima,US,2016,Mexico,PC,0.5,0.2,Mexico,0.15,Japan,1,1,1,1,Mexico,False,2016,nissan_maxima,3.157874242262429,0.1354832834776116,ICE,0,0,14112.96,3533.0,300.0,25.0,1.1776719005700578,0.8987878531868756,1.0814600807837655,nissan,False,True,2,False,True,True,False
2016_nissan_nv200,M,2016,Mexico,Truck,0.15,0.55,Mexico,0.15,Japan,1,1,0,0,,False,2016,nissan_nv200,1.663883866111191,0.2256683421627077,ICE,0,0,12687.03,3260.0,131.0,25.0,1.1776719005700578,0.8987878531868756,1.0814600807837655,nissan,False,True,1,True,False,True,False
2017_nissan_nv200,M,2017,Mexico,Truck,0.175,0.5,Mexico,0.22499999999999998,Japan,2,2,2,1,Mexico,True,2017,nissan_nv200,1.637673373635481,0.238126635795773,ICE,0,0,12687.03,3260.0,131.0,25.0,1.1942325974251164,0.9266557391109638,1.0889583645033811,nissan,False,True,1,True,True,True,True
2018_nissan_nv200,M,2018,Mexico,Truck,0.15000000000000002,0.525,Mexico,0.22499999999999998,Japan,2,2,2,1,Mexico,True,2018,nissan_nv200,1.637337917776736,0.2255584101907274,ICE,0,0,12687.03,3271.5,131.0,25.0,1.2142868409974832,0.9122563353409684,1.090866211405912,nissan,False,True,1,True,True,True,True
2019_nissan_nv200,M,2019,Mexico,Truck,0.175,0.575,Mexico,0.25,Japan,2,2,2,1,Mexico,True,2019,nissan_nv200,1.695597937504163,0.2148559554748201,ICE,0,0,12687.03,3271.0,131.0,25.0,1.2155041135485891,0.900578655324746,1.1122065556989225,nissan,False,True,1,True,True,True,True
2020_nissan_nv200,MX,2020,Mexico,Truck,0.2,0.65,Mexico,0.15,Japan,1,1,1,1,Mexico,False,2020,nissan_nv200,1.6819778439576618,0.2210808239271765,ICE,0,0,12687.03,3280.5,131.0,25.0,1.3557071430827963,0.8821136085198792,1.1787105855307944,nissan,False,True,1,True,True,True,True
2021_nissan_nv200,MX,2021,Mexico,Truck,0.2,0.6,Mexico,0.15,Japan,1,1,1,1,Mexico,False,2021,nissan_nv200,1.624658758964469,0.230911956922303,ICE,0,0,12687.03,3278.0,131.0,25.0,1.2791561848447872,0.9067306144627012,1.1329362836920225,nissan,False,True,1,True,True,True,True
2016_nissan_quest,J,2016,Japan,MPV,0.0,1.0,Japan,,,1,1,1,1,Japan,False,2016,nissan_quest,2.587321374540136,0.1420850430882978,ICE,0,0,15582.08,4387.0,260.0,23.0,0.8987878531868756,,1.0814600807837655,nissan,False,True,1,True,True,True,True
2017_nissan_quest,J,2017,Japan,MPV,0.0,0.9,Japan,,,1,1,1,1,Japan,False,2017,nissan_quest,2.512254323076868,0.1492743355562066,ICE,0,0,15582.08,4383.0,260.0,22.0,0.9266557391109638,,1.0889583645033811,nissan,False,True,1,True,True,True,True
2016_nissan_rogue,US,2016,Japan,MPV,0.2,0.31249999999999994,Japan,0.21250000000000002,Korea,4,4,4,2,Japan | Korea,True,2016,nissan_rogue,1.962336357386612,0.1980726156533084,ICE,0,0,13198.520000000002,3481.0,170.0,28.0,0.8987878531868756,1.0263627340670805,1.0814600807837655,nissan,False,True,1,True,True,False,False
2018_nissan_rogue,US,2018,Japan,MPV,0.20000000000000004,0.3499999999999999,Japan,0.20000000000000004,Korea,3,3,3,1,Japan,True,2018,nissan_rogue,2.0390391806540107,0.1926946536532322,ICE,0,0,13357.8,3580.0,170.0,27.0,0.9122563353409684,0.9727758973078001,1.090866211405912,nissan,False,True,1,True,True,True,True
2019_nissan_rogue,US,2019,Japan,MPV,0.25,0.3,Japan,,,2,2,2,1,Japan,True,2019,nissan_rogue,2.015666739151826,0.1979683573112842,ICE,0,0,13357.8,3583.0,170.0,27.0,0.900578655324746,,1.1122065556989225,nissan,False,True,1,True,True,True,True
2020_nissan_rogue,US,2020,Japan,MPV,0.20000000000000004,0.3,Japan,0.15,Korea,3,3,3,1,Japan,True,2020,nissan_rogue,1.966471767564628,0.2008358838592924,ICE,0,0,13357.8,3551.0,170.0,29.0,0.8821136085198792,1.0436033635364879,1.1787105855307944,nissan,False,True,1,True,True,True,True
2021_nissan_rogue,US,2021,Japan,MPV,0.3,0.35,Japan,,,2,2,2,1,Japan,True,2021,nissan_rogue,2.047891864502259,0.1964027936304606,ICE,0,0,13249.2,3494.0,181.0,29.0,0.9067306144627012,,1.1329362836920225,nissan,False,True,1,True,True,True,True
2022_nissan_rogue,US,2022,Japan,MPV,0.3,0.4000000000000001,Japan,,,3,3,3,1,Japan,True,2022,nissan_rogue,1.976253447195373,0.1955455832876528,ICE,0,0,13249.2,3578.0,201.0,32.0,1.0863662179074403,,1.2063253999739498,nissan,False,True,1,True,True,True,True
2018_nissan_roguesport,J,2018,Japan,MPV,0.0,1.0,Japan,,,1,1,1,1,Japan,False,2018,nissan_roguesport,1.7529924348706811,0.2176561120234345,ICE,0,0,12464.52,3309.0,141.0,27.5,0.9122563353409684,,1.090866211405912,nissan,False,True,1,True,True,True,True
2019_nissan_roguesport,J,2019,Japan,MPV,0.0,0.95,Japan,,,2,2,2,1,Japan,True,2019,nissan_roguesport,1.7347380248556121,0.2246835213617045,ICE,0,0,12464.52,3331.0,141.0,28.0,0.900578655324746,,1.1122065556989225,nissan,False,True,1,True,True,True,True
2020_nissan_roguesport,J,2020,Japan,MPV,0.0,0.95,Japan,,,1,1,1,1,Japan,False,2020,nissan_roguesport,1.7808145193847011,0.2190283539836803,ICE,0,0,12493.44,3433.0,141.0,28.0,0.8821136085198792,,1.1787105855307944,nissan,False,True,1,True,True,True,True
2021_nissan_roguesport,J,2021,Japan,MPV,0.0,0.95,Japan,,,1,1,1,1,Japan,False,2021,nissan_roguesport,1.740366436442454,0.2265684962208671,ICE,0,0,12493.44,3397.0,141.0,28.0,0.9067306144627012,,1.1329362836920225,nissan,False,True,1,True,True,True,True
2022_nissan_roguesport,J,2022,Japan,MPV,0.0,0.95,Japan,,,1,1,1,1,Japan,False,2022,nissan_roguesport,1.66449644695372,0.2251457867058477,ICE,0,0,12493.44,3439.0,141.0,28.0,1.0863662179074403,,1.2063253999739498,nissan,False,True,1,True,True,True,True
2016_nissan_sentra,M,2016,Mexico,PC,0.15,0.6,Mexico,,,2,2,2,1,Mexico,True,2016,nissan_sentra,1.316477816874631,0.2658909178207201,ICE,0,0,12619.53,2858.0,130.0,32.0,1.1776719005700578,,1.0814600807837655,nissan,False,True,1,True,True,True,True
2017_nissan_sentra,M,2017,Mexico,PC,0.13333333333333333,0.5166666666666666,Mexico,0.3,Japan,3,3,3,1,Mexico,True,2017,nissan_sentra,1.586566783410773,0.2368412941956919,ICE,0,0,12647.25,2943.0,130.0,30.0,1.1942325974251164,0.9266557391109638,1.0889583645033811,nissan,False,True,1,True,True,True,True
2018_nissan_sentra,M,2018,Mexico,PC,0.18000000000000002,0.49000000000000005,Mexico,0.35,Japan,5,5,5,1,Mexico,True,2018,nissan_sentra,1.610306230153375,0.2314823156669503,ICE,0,0,12647.25,2943.0,130.0,30.0,1.2142868409974832,0.9122563353409684,1.090866211405912,nissan,False,True,1,True,True,True,True
2019_nissan_sentra,M,2019,Mexico,PC,0.15,0.55,Mexico,0.3,Japan,4,4,4,1,Mexico,True,2019,nissan_sentra,1.421668066451006,0.2622213195545538,ICE,0,0,12619.53,2921.0,124.0,32.0,1.2155041135485891,0.900578655324746,1.1122065556989225,nissan,False,True,1,True,True,True,True
2020_nissan_sentra,MX,2020,Mexico,PC,0.1,0.6,Mexico,0.15,Japan,1,1,1,1,Mexico,False,2020,nissan_sentra,1.386075583546757,0.2569606563331567,ICE,0,0,13063.05,3047.0,149.0,33.0,1.3557071430827963,0.8821136085198792,1.1787105855307944,nissan,False,True,1,True,True,True,True
2021_nissan_sentra,MX,2021,Mexico,PC,0.15,0.6,Mexico,,,1,1,1,1,Mexico,False,2021,nissan_sentra,1.312674244972059,0.2703012241657197,ICE,0,0,13063.05,3038.0,149.0,33.0,1.2791561848447872,,1.1329362836920225,nissan,False,True,1,True,True,True,True
2022_nissan_sentra,MX,2022,Mexico,PC,0.15,0.6,Mexico,,,1,1,1,1,Mexico,False,2022,nissan_sentra,1.23286012454891,0.2759827563157622,ICE,0,0,13063.05,3038.0,149.0,33.0,1.27000323878321,,1.2063253999739498,nissan,False,True,1,True,True,True,True
2023_nissan_sentra,M ,2023,Mexico,PC,0.15,0.65,Mexico,,,1,1,1,1,Mexico,False,2023,nissan_sentra,1.163282705242579,0.3017838130568602,ICE,0,0,13063.05,3038.0,149.0,33.0,1.120546305774649,,1.1685816287687563,nissan,False,True,1,True,True,True,True
2024_nissan_sentra,M,2024,Mexico,PC,0.15,0.65,Mexico,,,1,1,1,1,Mexico,False,2024,nissan_sentra,1.184367886163384,0.2909709108958636,ICE,0,0,13077.35,3038.0,149.0,34.0,1.155006961401666,,1.22610340756905,nissan,False,True,1,True,True,True,True
2016_nissan_versa,M,2016,Mexico,PC,0.175,0.625,Mexico,,,2,2,2,1,Mexico,True,2016,nissan_versa,0.908174683791827,0.3449639843282815,ICE,0,0,11699.18,2437.0,109.0,35.0,1.1776719005700578,,1.0814600807837655,nissan,False,True,1,True,True,True,True
2017_nissan_versa,M,2017,Mexico,PC,0.15,0.6,Mexico,,,2,2,2,1,Mexico,True,2017,nissan_versa,0.886994597544541,0.3508070752946499,ICE,0,0,11699.18,2437.0,109.0,34.0,1.1942325974251164,,1.0889583645033811,nissan,False,True,1,True,True,True,True
2018_nissan_versa,M,2018,Mexico,PC,0.1,0.6,Mexico,,,2,2,2,1,Mexico,True,2018,nissan_versa,0.8725520542138571,0.3512537690823644,ICE,0,0,11699.18,2475.0,109.0,34.0,1.2142868409974832,,1.090866211405912,nissan,False,True,1,True,True,True,True
2019_nissan_versa,M,2019,Mexico,PC,0.15,0.65,Mexico,,,3,3,3,1,Mexico,True,2019,nissan_versa,0.8470689643665109,0.3740375288378429,ICE,0,0,11699.18,2466.0,109.0,34.0,1.2155041135485891,,1.1122065556989225,nissan,False,True,1,True,True,True,True
2020_nissan_versa,MX,2020,Mexico,PC,0.2,0.6,Mexico,,,2,2,2,1,Mexico,True,2020,nissan_versa,1.0357246064442909,0.3145492186198431,ICE,0,0,12124.5,2650.0,122.0,35.0,1.3557071430827963,,1.1787105855307944,nissan,False,True,1,True,True,True,True
2021_nissan_versa,MX,2021,Mexico,PC,0.15,0.7,Mexico,,,1,1,1,1,Mexico,False,2021,nissan_versa,0.967836087574086,0.3353262634238838,ICE,0,0,12124.5,2650.0,122.0,35.0,1.2791561848447872,,1.1329362836920225,nissan,False,True,1,True,True,True,True
2022_nissan_versa,MX,2022,Mexico,PC,0.2,0.65,Mexico,,,2,2,2,1,Mexico,True,2022,nissan_versa,0.932275685333024,0.332533252402076,ICE,0,0,12124.5,2650.0,122.0,35.0,1.27000323878321,,1.2063253999739498,nissan,False,True,1,True,True,True,True
2023_nissan_versa,M ,2023,Mexico,PC,0.15,0.7,Mexico,,,2,2,2,1,Mexico,True,2023,nissan_versa,0.873663307185517,0.3636097832716174,ICE,0,0,12124.5,2650.0,122.0,35.0,1.120546305774649,,1.1685816287687563,nissan,False,True,1,True,True,True,True
2024_nissan_versa,M,2024,Mexico,PC,0.15,0.7,Mexico,,,2,2,2,1,Mexico,True,2024,nissan_versa,0.886746878637608,0.3603686043018089,ICE,0,0,12124.5,2650.0,122.0,35.0,1.155006961401666,,1.22610340756905,nissan,False,True,1,True,True,True,True
2018_nissan_versanote,M,2018,Mexico,PC,0.15,0.65,Mexico,,,1,1,1,1,Mexico,False,2018,nissan_versanote,1.079765097850814,0.3066640682790099,ICE,0,0,10872.1,2491.0,109.0,34.0,1.2142868409974832,,1.090866211405912,nissan,False,True,1,True,True,True,True
2019_nissan_versanote,M,2019,Mexico,PC,0.15,0.65,Mexico,,,1,1,1,1,Mexico,False,2019,nissan_versanote,1.023728968011625,0.3326258563848253,ICE,0,0,10872.1,2491.0,109.0,34.0,1.2155041135485891,,1.1122065556989225,nissan,False,True,1,True,True,True,True
2023_nissan_z,J,2023,Japan,PC,0.0,0.95,Japan,,,1,1,1,1,Japan,False,2023,nissan_z,3.4616188215264683,0.1271927609210155,ICE,0,0,12516.24,3536.0,400.0,20.0,1.1606611667741318,,1.1685816287687563,nissan,False,True,1,True,True,True,True
2024_nissan_z,J,2024,Japan,PC,0.0,0.9,Japan,,,1,1,1,1,Japan,False,2024,nissan_z,3.1454714777034236,0.1320749848330434,ICE,0,0,12516.24,3542.5,400.0,21.0,1.2505060900333225,,1.22610340756905,nissan,False,True,1,True,True,True,True
2021_polestar_2ev,CH,2021,China,PC,0.01,0.95,China,0.05,Sweden,1,1,1,1,China,False,2021,polestar_2ev,4.731377271078592,0.0968046315606282,Electric,1,0,14159.53,4680.0,408.0,92.0,1.0355659429715673,1.0168024371539435,1.1329362836920225,polestar,False,True,1,True,True,True,True
2022_polestar_2ev,CH,2022,China,PC,0.01,0.95,China,0.05,Thailand,2,2,2,1,China,True,2022,polestar_2ev,3.3521048384019805,0.1357160344922292,Electric,1,0,14159.53,4527.0,319.5,98.0,1.0818418893654085,1.0237573076138158,1.2063253999739498,polestar,False,True,1,True,True,True,True
2024_polestar_2ev,CH,2024,China,PC,0.0,0.95,China,,,2,2,2,1,China,True,2024,polestar_2ev,3.7108862249095633,0.1117838191613267,Electric,1,0,14159.53,4658.0,421.0,106.0,1.1557614129762386,,1.22610340756905,polestar,False,True,1,True,True,True,True
2016_porsche_boxster,G,2016,Germany,PC,0.049999999999999996,0.7000000000000001,Germany,,,6,6,6,1,Germany,True,2016,porsche_boxster,5.574140646985953,0.082162700780558,ICE,0,0,12208.98,2921.0,290.0,24.0,1.002357729317206,,1.0814600807837655,porsche,False,True,1,True,True,True,True
2017_porsche_boxster,G,2017,Germany,PC,0.0,0.71,Germany,,,2,2,2,1,Germany,True,2017,porsche_boxster,4.909886425326072,0.0932691661946387,ICE,0,0,13533.4,2944.0,300.0,24.0,0.9821469223782773,,1.0889583645033811,porsche,False,True,1,True,True,True,True
2018_porsche_boxster,G,2018,Germany,PC,0.0,0.75,Germany,,,2,2,2,1,Germany,True,2018,porsche_boxster,6.091203120271165,0.0754167400139324,ICE,0,0,13533.4,2988.0,350.0,24.0,0.9395051898480684,,1.090866211405912,porsche,False,True,1,True,True,True,True
2019_porsche_boxster,G,2019,Germany,PC,0.0,0.7633333333333333,Germany,,,3,3,3,1,Germany,True,2019,porsche_boxster,6.100733509179558,0.0781373382884297,ICE,0,0,13533.4,2988.0,350.0,24.0,0.9911015224344233,,1.1122065556989225,porsche,False,True,1,True,True,True,True
2021_porsche_boxster,"Stuttgart,
Germany",2021,Germany,PC,0.0,0.7500000000000001,Germany,,,10,10,10,1,Germany,True,2021,porsche_boxster,5.9285143063898,0.0839164228663137,ICE,0,0,13533.4,3072.0,350.0,21.0,0.9380866465504657,,1.1329362836920225,porsche,False,True,1,True,True,True,True
2022_porsche_boxster,"Stuttgart,
Germany",2022,Germany,PC,0.0,0.7500000000000001,Germany,,,10,10,10,1,Germany,True,2022,porsche_boxster,5.55398518017774,0.0805242801682501,ICE,0,0,13533.4,3072.0,350.0,21.0,1.0536197956263276,,1.2063253999739498,porsche,False,True,1,True,True,True,True
2024_porsche_boxster,G,2024,Germany,PC,0.0,0.75,Germany,,,3,3,3,1,Germany,True,2024,porsche_boxster,5.480170615173774,0.0881570002137905,ICE,0,0,13533.4,3045.5,325.0,22.0,1.025067361218186,,1.22610340756905,porsche,False,True,1,True,True,True,True
2016_porsche_cayenne,G,2016,Germany,MPV,0.05000000000000001,0.5999999999999999,Germany,,,12,12,12,1,Germany,True,2016,porsche_cayenne,5.682997796104714,0.076254497924349,ICE,0,0,16281.72,4642.0,300.0,21.0,1.002357729317206,,1.0814600807837655,porsche,False,True,2,False,True,True,False
2017_porsche_cayenne,G,2017,Germany,MPV,0.049999999999999996,0.6,Germany,,,6,6,6,1,Germany,True,2017,porsche_cayenne,6.852737593272891,0.0699547140050269,ICE,0,0,16281.72,4597.0,420.0,20.0,0.9821469223782773,,1.0889583645033811,porsche,False,True,2,False,True,True,False
2018_porsche_cayenne,G,2018,Germany,MPV,0.0,0.53,Slovakia,0.3157142857142857,Germany,7,7,7,1,Slovakia,True,2018,porsche_cayenne,6.792195165078302,0.0702470556075891,ICE,0,0,16281.72,4597.0,420.0,19.0,0.9395051898480684,0.9395051898480684,1.090866211405912,porsche,False,True,2,False,True,True,False
2019_porsche_cayenne,G,2019,Slovakia,MPV,0.0,0.38999999999999996,Germany,0.26333333333333336,Slovakia,3,3,3,1,Germany,True,2019,porsche_cayenne,7.157722046689726,0.0684574837051303,ICE,0,0,16735.68,4454.0,440.0,20.0,0.9911015224344233,0.9911015224344233,1.1122065556989225,porsche,False,True,2,False,True,True,False
2020_porsche_cayenne,"Bratislava, Slovakia",2020,Slovakia,PC,0.008333333333333333,0.3766666666666667,Germany,0.31,Slovakia,6,6,6,2,Germany | Slovakia,True,2020,porsche_cayenne,7.156252267366162,0.0730122547303056,ICE,0,0,16761.600000000002,4725.0,434.0,20.0,0.9713856336917915,0.9713856336917915,1.1787105855307944,porsche,False,True,2,False,True,False,False
2021_porsche_cayenne,"Bratislava,
Slovakia",2021,Slovakia,MPV,0.0025,0.42874999999999996,Germany,0.245,Slovakia,8,8,8,1,Germany,True,2021,porsche_cayenne,7.31959834872672,0.0690025235830038,ICE,0,0,16761.600000000002,4740.0,434.0,19.0,0.9380866465504657,0.9380866465504657,1.1329362836920225,porsche,False,True,2,False,True,True,False
2022_porsche_cayenne,"Bratislava,
Slovakia",2022,Slovakia,MPV,0.0025,0.42874999999999996,Germany,0.245,Slovakia,8,8,8,1,Germany,True,2022,porsche_cayenne,6.943407445117921,0.0704330970420053,ICE,0,0,16770.24,4732.5,434.0,18.0,1.0536197956263276,1.0536197956263276,1.2063253999739498,porsche,False,True,2,False,True,True,False
2024_porsche_cayenne,SL,2024,Slovakia,MPV,0.0,0.38,Germany,0.27999999999999997,Slovakia,5,5,5,1,Germany,True,2024,porsche_cayenne,6.260602714752244,0.0792540686156487,ICE,0,0,16765.920000000002,4807.0,408.0,18.0,1.025067361218186,1.025067361218186,1.22610340756905,porsche,False,True,2,False,True,True,False
2016_porsche_cayennehybrid,G,2016,Germany,MPV,0.05,0.6,Germany,,,2,2,2,1,Germany,True,2016,porsche_cayennehybrid,7.063929269593475,0.0734007646549401,Hybrid,0,1,16281.72,5181.0,416.0,34.5,1.002357729317206,,1.0814600807837655,porsche,False,True,1,True,True,True,True
2017_porsche_cayennehybrid,G,2017,Germany,MPV,0.05,0.6,Germany,,,2,2,2,1,Germany,True,2017,porsche_cayennehybrid,7.103081007614563,0.0666017110070874,Hybrid,0,1,16281.72,5181.0,416.0,34.0,0.9821469223782773,,1.0889583645033811,porsche,False,True,1,True,True,True,True
2020_porsche_cayennehybrid,"Bratislava, Slovakia",2020,Slovakia,PC,0.0,0.435,Germany,0.2625,Slovakia,4,4,4,1,Germany,True,2020,porsche_cayennehybrid,7.344572414555305,0.0717420005785671,Hybrid,0,1,16761.600000000002,5265.0,455.0,21.0,0.9713856336917915,0.9713856336917915,1.1787105855307944,porsche,False,True,1,True,True,True,True
2022_porsche_cayennehybrid,"Bratislava,
Slovakia",2022,Slovakia,MPV,0.0,0.37,Germany,0.24,Slovakia,1,1,1,1,Germany,False,2022,porsche_cayennehybrid,6.981086041927801,0.0699257236512341,Hybrid,0,1,16761.600000000002,5265.0,455.0,21.0,1.0536197956263276,1.0536197956263276,1.2063253999739498,porsche,False,True,1,True,True,True,True
2024_porsche_cayennehybrid,SL,2024,Slovakia,MPV,0.0,0.32499999999999996,Germany,0.25,Slovakia,2,2,2,1,Germany,True,2024,porsche_cayennehybrid,6.956476758767247,0.0708585032153893,Hybrid,0,1,16770.24,5377.0,512.0,18.0,1.025067361218186,1.025067361218186,1.22610340756905,porsche,False,True,1,True,True,True,True
2016_porsche_cayman,G,2016,Germany,PC,0.05,0.7,Germany,,,4,4,4,1,Germany,True,2016,porsche_cayman,5.832938537292376,0.0785065205604664,ICE,0,0,12208.98,2910.0,325.0,24.0,1.002357729317206,,1.0814600807837655,porsche,False,True,1,True,True,True,True
2017_porsche_cayman,G,2017,Germany,PC,0.0,0.68,Germany,,,2,2,2,1,Germany,True,2017,porsche_cayman,4.7130468262567256,0.0957095285820464,ICE,0,0,13533.4,2944.0,300.0,24.0,0.9821469223782773,,1.0889583645033811,porsche,False,True,1,True,True,True,True
2018_porsche_cayman,G,2018,Germany,PC,0.0,0.73,Germany,,,2,2,2,1,Germany,True,2018,porsche_cayman,5.897923057534896,0.0769849111941401,ICE,0,0,13533.4,2988.0,350.0,24.0,0.9395051898480684,,1.090866211405912,porsche,False,True,1,True,True,True,True
2019_porsche_cayman,G,2019,Germany,PC,0.0,0.7433333333333333,Germany,,,3,3,3,1,Germany,True,2019,porsche_cayman,5.9122682205991515,0.0795434851306279,ICE,0,0,13533.4,2988.0,350.0,24.0,0.9911015224344233,,1.1122065556989225,porsche,False,True,1,True,True,True,True
2021_porsche_cayman,"Stuttgart,
Germany",2021,Germany,PC,0.0,0.7316666666666668,Germany,,,12,12,12,1,Germany,True,2021,porsche_cayman,5.7536453814398305,0.0849703943595304,ICE,0,0,13533.4,3086.0,350.0,22.0,0.9380866465504657,,1.1329362836920225,porsche,False,True,1,True,True,True,True
2022_porsche_cayman,"Stuttgart,
Germany",2022,Germany,PC,0.0,0.7316666666666668,Germany,,,12,12,12,1,Germany,True,2022,porsche_cayman,5.390102670975424,0.0818082050136968,ICE,0,0,13533.4,3086.0,350.0,22.0,1.0536197956263276,,1.2063253999739498,porsche,False,True,1,True,True,True,True
2024_porsche_cayman,G,2024,Germany,PC,0.0,0.725,Germany,,,4,4,4,1,Germany,True,2024,porsche_cayman,5.544218905668066,0.0861161621082074,ICE,0,0,13533.4,3086.0,350.0,22.0,1.025067361218186,,1.22610340756905,porsche,False,True,1,True,True,True,True
2016_porsche_macan,G,2016,Germany,MPV,0.05000000000000001,0.65,Germany,,,3,3,3,1,Germany,True,2016,porsche_macan,5.785460072928377,0.0737243089934543,ICE,0,0,15252.09,4178.0,370.0,19.0,1.002357729317206,,1.0814600807837655,porsche,False,True,1,True,True,True,True
2017_porsche_macan,G,2017,Germany,MPV,0.0,0.7649999999999999,Germany,,,4,4,4,1,Germany,True,2017,porsche_macan,5.394416039664786,0.0824371453204181,ICE,0,0,15239.7,4145.0,350.0,19.0,0.9821469223782773,,1.0889583645033811,porsche,False,True,1,True,True,True,True
2018_porsche_macan,G,2018,Germany,MPV,0.0,0.704,Germany,0.15,Hungary,5,5,5,1,Germany,True,2018,porsche_macan,5.375200296523937,0.0836700411062855,ICE,0,0,15239.7,4145.0,350.0,19.0,0.9395051898480684,0.9673477547367386,1.090866211405912,porsche,False,True,1,True,True,True,True
2019_porsche_macan,G,2019,Germany,MPV,0.0,0.64,Germany,0.18,Hungary,3,3,3,1,Germany,True,2019,porsche_macan,4.548623578726816,0.0953873888069285,ICE,0,0,15272.74,4196.0,298.0,20.5,0.9911015224344233,1.0405520302864868,1.1122065556989225,porsche,False,True,1,True,True,True,True
2020_porsche_macan,"Leipzig,
Germanv",2020,Germany,MPV,0.0,0.575,Germany,0.17333333333333334,Hungary,4,4,4,1,Germany,True,2020,porsche_macan,4.937451692471345,0.0923208899210364,ICE,0,0,15272.74,4293.0,348.0,20.0,0.9713856336917915,1.1026166547036238,1.1787105855307944,porsche,False,True,1,True,True,True,True
2021_porsche_macan,"Leipzig,
Germanv",2021,Germany,MPV,0.0,0.64,Germany,0.15,Hungary,4,4,4,1,Germany,True,2021,porsche_macan,4.77123233862011,0.0937353938313894,ICE,0,0,15272.74,4293.0,348.0,20.0,0.9380866465504657,1.0852329510529566,1.1329362836920225,porsche,False,True,1,True,True,True,True
2022_porsche_macan,"Leipzig,
Germanv",2022,Germany,MPV,0.0,0.64,Germany,0.15,Hungary,4,4,4,1,Germany,True,2022,porsche_macan,4.808160286404547,0.0920214998454002,ICE,0,0,15371.86,4350.0,375.0,19.0,1.0536197956263276,1.3338792775634771,1.2063253999739498,porsche,False,True,1,True,True,True,True
2024_porsche_macan,G,2024,Germany,MPV,0.0,0.6166666666666667,Germany,0.15,Hungary,3,3,3,1,Germany,True,2024,porsche_macan,4.49026779257645,0.1062485285687677,ICE,0,0,15371.86,4187.0,261.0,21.0,1.025067361218186,1.3091596334117943,1.22610340756905,porsche,False,True,1,True,True,True,True
2016_porsche_panamera,G,2016,Germany,PC,0.05000000000000001,0.7,Germany,,,13,13,13,1,Germany,True,2016,porsche_panamera,9.130279225299155,0.059424986629028,ICE,0,0,16423.68,4123.0,420.0,21.0,1.002357729317206,,1.0814600807837655,porsche,False,True,1,True,True,True,True
2017_porsche_panamera,G,2017,Germany,PC,0.0,0.6599999999999999,Germany,,,7,7,7,1,Germany,True,2017,porsche_panamera,8.850301400369982,0.0669948976084006,ICE,0,0,16937.760000000002,4194.5,385.0,23.0,0.9821469223782773,,1.0889583645033811,porsche,False,True,1,True,True,True,True
2018_porsche_panamera,G,2018,Germany,PC,0.0,0.6719999999999999,Germany,0.16,Hungary,10,10,10,1,Germany,True,2018,porsche_panamera,9.159498310848624,0.0578222825359896,ICE,0,0,16937.760000000002,4221.0,440.0,23.0,0.9395051898480684,0.9673477547367386,1.090866211405912,porsche,False,True,1,True,True,True,True
2020_porsche_panamera,"Leipzig,
Germany",2020,Germany,PC,0.0014285714285714286,0.6357142857142858,Germany,,,14,14,14,1,Germany,True,2020,porsche_panamera,9.272584737760551,0.0580924622372729,ICE,0,0,16937.760000000002,4386.0,440.0,21.0,0.9713856336917915,,1.1787105855307944,porsche,False,True,1,True,True,True,True
2022_porsche_panamera,"Leipzig,
Germany",2022,Germany,PC,0.0,0.6433333333333333,Germany,,,6,6,6,1,Germany,True,2022,porsche_panamera,8.090528290864542,0.0609047814762161,ICE,0,0,16957.64,4403.0,443.0,19.0,1.0536197956263276,,1.2063253999739498,porsche,False,True,1,True,True,True,True
2018_porsche_panamerahybrid,G,2018,Germany,PC,0.0,0.65,Germany,,,6,6,6,1,Germany,True,2018,porsche_panamerahybrid,9.243408588673786,0.0592379540665782,Hybrid,0,1,16937.760000000002,4960.0,457.0,22.0,0.9395051898480684,,1.090866211405912,porsche,False,True,1,True,True,True,True
2021_porsche_taycanev,"Stuttgart,
Germanv",2021,Germany,PC,0.0,0.5275000000000001,Germany,0.22999999999999998,Poland,4,4,4,1,Germany,True,2021,porsche_taycanev,8.986390809544298,0.0683973091364737,Electric,1,0,16511.3,5033.0,562.0,76.0,0.9380866465504657,1.02451695636026,1.1329362836920225,porsche,False,True,1,True,True,True,True
2020_ram_1500classic,Warren MI USA    Saltillo Mexico (Reg. Cab),2020,Mexico,Truck,0.55,0.29,Mexico,,,1,1,1,1,Mexico,False,2020,ram_1500classic,2.893487555223921,0.1431485900958467,ICE,0,0,18182.6,4933.0,395.0,17.0,1.3557071430827963,,1.1787105855307944,ram,False,True,1,True,True,True,True
2020_ram_promaster,Bursa Turkey,2020,Mexico,MPV,0.34,0.44,Turkey,0.18,Italy,1,1,1,1,Turkey,False,2020,ram_promaster,2.4784496254539787,0.2038755229525026,ICE,0,0,20857.12,4662.0,280.0,21.0,2.5766850889814563,0.9713856336917915,1.1787105855307944,ram,False,True,1,True,True,True,True
2021_ram_promaster,Bursa Turkey,2021,Mexico,MPV,0.34,0.44,Turkey,0.18,Italy,1,1,1,1,Turkey,False,2021,ram_promaster,2.577348605709985,0.2080895283654824,ICE,0,0,20857.12,4768.0,280.0,21.0,3.2538161031089237,0.9380866465504657,1.1329362836920225,ram,False,True,1,True,True,True,True
2022_ram_promaster,Bursa Turkey,2022,Mexico,MPV,0.34,0.44,Turkey,0.18,Italy,1,1,1,1,Turkey,False,2022,ram_promaster,2.7333684524079898,0.2028883814408243,ICE,0,0,21847.76,4657.5,280.0,21.0,6.08412078478601,1.0536197956263276,1.2063253999739498,ram,False,True,1,True,True,True,True
2023_ram_promaster,Bursa Turkey,2023,Mexico,MPV,0.34,0.44,Turkey,0.18,Italy,1,1,1,1,Turkey,False,2023,ram_promaster,3.109836359568685,0.1707614684426818,ICE,0,0,21823.36,4746.5,276.0,21.0,8.72738665178185,1.0261214117788637,1.1685816287687563,ram,False,True,1,True,True,True,True
2016_smart_fortwo,F,2016,France,PC,0.0,0.44,Germany,0.15,Japan,1,1,1,1,Germany,False,2016,smart_fortwo,1.136365558289264,0.2870198682667674,ICE,0,0,6949.549999999999,1984.0,89.0,36.0,1.002357729317206,0.8987878531868756,1.0814600807837655,smart,False,True,2,False,True,True,False
2017_smart_fortwo,F,2017,France,PC,0.0,0.42,France,0.16999999999999998,Germany,2,2,2,1,Germany,True,2017,smart_fortwo,1.372640038162245,0.2318435866536122,ICE,0,0,7904.45,1984.0,89.0,35.0,0.9821469223782773,0.9821469223782773,1.0889583645033811,smart,False,True,2,False,True,True,False
2016_subaru_brz,J,2016,Japan,PC,0.0,0.95,Japan,,,1,1,1,1,Japan,False,2016,subaru_brz,2.244396482317234,0.1703571583453901,ICE,0,0,11652.33,2774.0,200.0,25.0,0.8987878531868756,,1.0814600807837655,subaru,False,True,1,True,True,True,True
2017_subaru_brz,J,2017,Japan,PC,0.0,0.95,Japan,,,1,1,1,1,Japan,False,2017,subaru_brz,2.206265239120071,0.1746539191374555,ICE,0,0,11652.33,2793.0,205.0,24.0,0.9266557391109638,,1.0889583645033811,subaru,False,True,1,True,True,True,True
2018_subaru_brz,J,2018,Japan,PC,0.0,0.9,Japan,,,1,1,1,1,Japan,False,2018,subaru_brz,2.213742692987249,0.1754451142758001,ICE,0,0,11652.33,2798.0,205.0,24.0,0.9122563353409684,,1.090866211405912,subaru,False,True,1,True,True,True,True
2020_subaru_brz,J,2020,Japan,PC,0.0,0.9,Japan,,,1,1,1,1,Japan,False,2020,subaru_brz,2.2403803372304107,0.1830163582847628,ICE,0,0,11652.33,2833.0,205.0,24.0,0.8821136085198792,,1.1787105855307944,subaru,False,True,1,True,True,True,True
2022_subaru_brz,J,2022,Japan,PC,0.0,0.9,Japan,,,1,1,1,1,Japan,False,2022,subaru_brz,1.9015465116939758,0.2064706677152195,ICE,0,0,11736.21,2835.0,228.0,22.0,1.0863662179074403,,1.2063253999739498,subaru,False,True,1,True,True,True,True
2023_subaru_brz,J,2023,Japan,PC,0.0,0.9,Japan,,,1,1,1,1,Japan,False,2023,subaru_brz,1.844608859225231,0.211985787321739,ICE,0,0,11736.21,2835.0,228.0,22.0,1.1606611667741318,,1.1685816287687563,subaru,False,True,1,True,True,True,True
2024_subaru_brz,J,2024,Japan,PC,0.0,0.85,Japan,,,1,1,1,1,Japan,False,2024,subaru_brz,1.969003806937104,0.2028659019669123,ICE,0,0,11736.21,2837.0,228.0,22.0,1.2505060900333225,,1.22610340756905,subaru,False,True,1,True,True,True,True
2016_subaru_crosstrek,J,2016,Japan,MPV,0.0,0.9,Japan,,,1,1,1,1,Japan,False,2016,subaru_crosstrek,1.8614314490871988,0.1942748994331624,ICE,0,0,13700.64,3186.0,148.0,29.0,0.8987878531868756,,1.0814600807837655,subaru,False,True,1,True,True,True,True
2017_subaru_crosstrek,J,2017,Japan,MPV,0.0,0.9,Japan,,,1,1,1,1,Japan,False,2017,subaru_crosstrek,1.821103646329045,0.1984065132211461,ICE,0,0,13823.28,3186.0,148.0,29.0,0.9266557391109638,,1.0889583645033811,subaru,False,True,1,True,True,True,True
2018_subaru_crosstrek,J,2018,Japan,MPV,0.05,0.9,Japan,,,1,1,1,1,Japan,False,2018,subaru_crosstrek,1.776405118412481,0.2023352489552748,ICE,0,0,13888.2,3186.0,152.0,29.0,0.9122563353409684,,1.090866211405912,subaru,False,True,1,True,True,True,True
2019_subaru_crosstrek,,2019,Japan,MPV,0.0,0.9,Japan,,,1,1,1,1,Japan,False,2019,subaru_crosstrek,1.7485365005380809,0.2105037892415323,ICE,0,0,13888.2,3186.0,152.0,29.0,0.900578655324746,,1.1122065556989225,subaru,False,True,1,True,True,True,True
2021_subaru_crosstrek,J,2021,Japan,MPV,0.0,0.85,Japan,,,1,1,1,1,Japan,False,2021,subaru_crosstrek,1.67905468101612,0.2209650133844189,ICE,0,0,12531.5,3223.0,152.0,29.0,0.9067306144627012,,1.1329362836920225,subaru,False,True,1,True,True,True,True
2022_subaru_crosstrek,J,2022,Japan,MPV,0.05,0.85,Japan,,,1,1,1,1,Japan,False,2022,subaru_crosstrek,1.596916465987406,0.2309512475565881,ICE,0,0,13943.5,3223.0,152.0,29.0,1.0863662179074403,,1.2063253999739498,subaru,False,True,1,True,True,True,True
2023_subaru_crosstrek,J,2023,Japan,MPV,0.05,0.85,Japan,,,1,1,1,1,Japan,False,2023,subaru_crosstrek,1.5514867248392399,0.2370720496659543,ICE,0,0,13943.5,3223.0,152.0,29.0,1.1606611667741318,,1.1685816287687563,subaru,False,True,1,True,True,True,True
2024_subaru_crosstrek,J,2024,Japan,MPV,0.25,0.6,Japan,,,2,2,2,1,Japan,True,2024,subaru_crosstrek,1.8613248291238091,0.2076851747997195,ICE,0,0,14006.160000000002,3349.0,182.0,29.0,1.2505060900333225,,1.22610340756905,subaru,False,True,1,True,True,True,True
2021_subaru_crosstrekhybrid,J,2021,Japan,MPV,0.0,0.9,Japan,,,1,1,1,1,Japan,False,2021,subaru_crosstrekhybrid,2.6655770948426687,0.1625276656243102,Hybrid,0,1,12531.5,3717.0,148.0,35.0,0.9067306144627012,,1.1329362836920225,subaru,False,True,1,True,True,True,True
2022_subaru_crosstrekhybrid,J,2022,Japan,MPV,0.0,0.9,Japan,,,1,1,1,1,Japan,False,2022,subaru_crosstrekhybrid,2.4147536040197872,0.1794547681878605,Hybrid,0,1,14049.4,3717.0,148.0,30.0,1.0863662179074403,,1.2063253999739498,subaru,False,True,1,True,True,True,True
2023_subaru_crosstrekhybrid,J,2023,Japan,MPV,0.0,0.9,Japan,,,1,1,1,1,Japan,False,2023,subaru_crosstrekhybrid,2.339389902134581,0.1837030793990902,Hybrid,0,1,14049.4,3717.0,148.0,35.0,1.1606611667741318,,1.1685816287687563,subaru,False,True,1,True,True,True,True
2016_subaru_forester,J,2016,Japan,MPV,0.0,0.85,Japan,,,1,1,1,1,Japan,False,2016,subaru_forester,2.379167954676088,0.163297792986049,ICE,0,0,14472.0,3419.0,170.0,27.0,0.8987878531868756,,1.0814600807837655,subaru,False,True,1,True,True,True,True
2017_subaru_forester,J,2017,Japan,MPV,0.0,0.9,Japan,,,1,1,1,1,Japan,False,2017,subaru_forester,2.054599095206433,0.1826045123207891,ICE,0,0,14520.0,3422.0,170.0,28.0,0.9266557391109638,,1.0889583645033811,subaru,False,True,1,True,True,True,True
2018_subaru_forester,J,2018,Japan,MPV,0.0,0.9,Japan,,,1,1,1,1,Japan,False,2018,subaru_forester,2.10472396343815,0.1845157365277907,ICE,0,0,14610.75,3422.0,170.0,24.0,0.9122563353409684,,1.090866211405912,subaru,False,True,1,True,True,True,True
2021_subaru_forester,J,2021,Japan,MPV,0.0,0.85,Japan,,,1,1,1,1,Japan,False,2021,subaru_forester,1.948017499230885,0.1986040920895561,ICE,0,0,14731.89,3525.0,182.0,29.0,0.9067306144627012,,1.1329362836920225,subaru,False,True,1,True,True,True,True
2022_subaru_forester,J,2022,Japan,MPV,0.05,0.8,Japan,,,1,1,1,1,Japan,False,2022,subaru_forester,1.9777506936909108,0.1982393463598688,ICE,0,0,14853.509999999998,3538.0,182.0,29.0,1.0863662179074403,,1.2063253999739498,subaru,False,True,1,True,True,True,True
2023_subaru_forester,J,2023,Japan,MPV,0.05,0.8,Japan,,,1,1,1,1,Japan,False,2023,subaru_forester,1.920175483073382,0.2027510718951624,ICE,0,0,14853.509999999998,3538.0,182.0,29.0,1.1606611667741318,,1.1685816287687563,subaru,False,True,1,True,True,True,True
2024_subaru_forester,J,2024,Japan,MPV,0.0,0.8,Japan,,,1,1,1,1,Japan,False,2024,subaru_forester,1.918292673663069,0.2031673552443649,ICE,0,0,14853.509999999998,3538.0,182.0,29.0,1.2505060900333225,,1.22610340756905,subaru,False,True,1,True,True,True,True
2016_subaru_impreza,J,2016,Japan,PC,0.0,0.9,Japan,,,1,1,1,1,Japan,False,2016,subaru_impreza,1.6923526165233471,0.2064020366752967,ICE,0,0,11919.0,3076.0,148.0,31.0,0.8987878531868756,,1.0814600807837655,subaru,False,True,1,True,True,True,True
2024_subaru_impreza,J,2024,Japan,PC,0.05,0.8,Japan,,,1,1,1,1,Japan,False,2024,subaru_impreza,1.4111739909531409,0.2527023869454983,ICE,0,0,13990.28,3249.0,152.0,30.0,1.2505060900333225,,1.22610340756905,subaru,False,True,1,True,True,True,True
2016_subaru_wrx,J,2016,Japan,PC,0.0,0.85,Japan,,,1,1,1,1,Japan,False,2016,subaru_wrx,2.5959982951970737,0.1518441576043587,ICE,0,0,14273.010000000002,3450.0,268.0,21.0,0.8987878531868756,,1.0814600807837655,subaru,False,True,1,True,True,True,True
2017_subaru_wrx,J,2017,Japan,PC,0.0,0.85,Japan,,,1,1,1,1,Japan,False,2017,subaru_wrx,2.529845101510857,0.1558934791212913,ICE,0,0,14273.010000000002,3391.0,268.0,21.0,0.9266557391109638,,1.0889583645033811,subaru,False,True,1,True,True,True,True
2018_subaru_wrx,J,2018,Japan,PC,0.0,0.9,Japan,,,1,1,1,1,Japan,False,2018,subaru_wrx,2.511107692273865,0.1579355255060685,ICE,0,0,12789.63,3460.0,268.0,21.0,0.9122563353409684,,1.090866211405912,subaru,False,True,1,True,True,True,True
2019_subaru_wrx,,2019,Japan,PC,0.0,0.9,Japan,,,1,1,1,1,Japan,False,2019,subaru_wrx,2.62686313653281,0.1588869571868366,ICE,0,0,14273.010000000002,3474.0,268.0,21.0,0.900578655324746,,1.1122065556989225,subaru,False,True,1,True,True,True,True
2020_subaru_wrx,J,2020,Japan,PC,0.0,0.9,Japan,,,1,1,1,1,Japan,False,2020,subaru_wrx,2.610606272163408,0.1614243308163612,ICE,0,0,14273.010000000002,3450.0,268.0,21.0,0.8821136085198792,,1.1787105855307944,subaru,False,True,1,True,True,True,True
2021_subaru_wrx,J,2021,Japan,PC,0.0,0.9,Japan,,,1,1,1,1,Japan,False,2021,subaru_wrx,2.4801297036518193,0.1657805846133801,ICE,0,0,14273.010000000002,3450.0,268.0,21.0,0.9067306144627012,,1.1329362836920225,subaru,False,True,1,True,True,True,True
2022_subaru_wrx,J,2022,Japan,PC,0.0,0.85,Japan,,,1,1,1,1,Japan,False,2022,subaru_wrx,2.1958614746732943,0.1814261251702234,ICE,0,0,14575.34,3410.5,271.0,22.0,1.0863662179074403,,1.2063253999739498,subaru,False,True,1,True,True,True,True
2023_subaru_wrx,J,2023,Japan,PC,0.0,0.85,Japan,,,1,1,1,1,Japan,False,2023,subaru_wrx,2.16440467789795,0.1846834019604931,ICE,0,0,14575.34,3414.0,271.0,22.0,1.1606611667741318,,1.1685816287687563,subaru,False,True,1,True,True,True,True
2024_subaru_wrx,J,2024,Japan,PC,0.0,0.85,Japan,,,1,1,1,1,Japan,False,2024,subaru_wrx,2.338797242247622,0.1744802307620252,ICE,0,0,14575.34,3429.0,271.0,22.0,1.2505060900333225,,1.22610340756905,subaru,False,True,1,True,True,True,True
2016_toyota_4runner,J,2016,Japan,MPV,0.0,1.0,Japan,,,1,1,1,1,Japan,False,2016,toyota_4runner,3.271862768918195,0.1408586143311621,ICE,0,0,14455.06,4675.0,270.0,18.0,0.8987878531868756,,1.0814600807837655,toyota,False,True,1,True,True,True,True
2017_toyota_4runner,J,2017,Japan,MPV,0.0,1.0,Japan,,,1,1,1,1,Japan,False,2017,toyota_4runner,3.147061948034648,0.1416010125673356,ICE,0,0,14455.06,4675.0,270.0,18.0,0.9266557391109638,,1.0889583645033811,toyota,False,True,1,True,True,True,True
2018_toyota_4runner,J,2018,Japan,MPV,0.0,1.0,Japan,,,1,1,1,1,Japan,False,2018,toyota_4runner,3.105564239876639,0.1457028022761974,ICE,0,0,14455.06,4675.0,270.0,18.0,0.9122563353409684,,1.090866211405912,toyota,False,True,1,True,True,True,True
2019_toyota_4runner,J,2019,Japan,MPV,0.0,1.0,Japan,,,1,1,1,1,Japan,False,2019,toyota_4runner,3.20438603589864,0.1441461666326545,ICE,0,0,14455.06,4675.0,270.0,18.0,0.900578655324746,,1.1122065556989225,toyota,False,True,1,True,True,True,True
2020_toyota_4runner,J,2020,Japan,MPV,0.0,1.0,Japan,,,1,1,1,1,Japan,False,2020,toyota_4runner,3.3331225122682824,0.1450050440903146,ICE,0,0,14455.06,4675.0,270.0,17.0,0.8821136085198792,,1.1787105855307944,toyota,False,True,1,True,True,True,True
2021_toyota_4runner,J,2021,Japan,MPV,0.0,1.0,Japan,,,1,1,1,1,Japan,False,2021,toyota_4runner,3.2247172596405322,0.1489128847473021,ICE,0,0,14455.06,4750.0,270.0,17.0,0.9067306144627012,,1.1329362836920225,toyota,False,True,1,True,True,True,True
2022_toyota_4runner,J,2022,Japan,MPV,0.0,1.0,Japan,,,1,1,1,1,Japan,False,2022,toyota_4runner,2.8849787022490183,0.1594197436335666,ICE,0,0,14417.159999999998,4675.0,270.0,17.0,1.0863662179074403,,1.2063253999739498,toyota,False,True,1,True,True,True,True
2023_toyota_4runner,J,2023,Japan,MPV,0.0,1.0,Japan,,,1,1,1,1,Japan,False,2023,toyota_4runner,2.962136702751454,0.1535268005920622,ICE,0,0,14417.159999999998,4675.0,270.0,17.0,1.1606611667741318,,1.1685816287687563,toyota,False,True,1,True,True,True,True
2024_toyota_4runner,J,2024,Japan,MPV,0.0,1.0,Japan,,,1,1,1,1,Japan,False,2024,toyota_4runner,2.881726992439928,0.1605773482164708,ICE,0,0,14417.159999999998,4675.0,270.0,17.0,1.2505060900333225,,1.22610340756905,toyota,False,True,1,True,True,True,True
2017_toyota_86,J,2017,Japan,PC,0.0,0.95,Japan,,,2,2,2,1,Japan,True,2017,toyota_86,2.108163444989773,0.1917647450215647,ICE,0,0,11652.33,2774.0,205.0,24.0,0.9266557391109638,,1.0889583645033811,toyota,False,True,1,True,True,True,True
2018_toyota_86,J,2018,Japan,PC,0.0,0.95,Japan,,,2,2,2,1,Japan,True,2018,toyota_86,2.069757067469092,0.1930470971514173,ICE,0,0,11652.33,2776.0,205.0,24.0,0.9122563353409684,,1.090866211405912,toyota,False,True,1,True,True,True,True
2019_toyota_86,J,2019,Japan,PC,0.0,0.9,Japan,,,1,1,1,1,Japan,False,2019,toyota_86,2.1605284372424247,0.1902030525822976,ICE,0,0,11652.33,2817.0,205.0,24.0,0.900578655324746,,1.1122065556989225,toyota,False,True,1,True,True,True,True
2020_toyota_86,J,2020,Japan,PC,0.0,0.9,Japan,,,2,2,2,1,Japan,True,2020,toyota_86,2.218602953616608,0.1900110398633617,ICE,0,0,11652.33,2817.0,205.0,24.0,0.8821136085198792,,1.1787105855307944,toyota,False,True,1,True,True,True,True
2023_toyota_bz4xev,J,2023,Japan,MPV,0.0,0.8,Japan,0.2,China,1,1,1,1,Japan,False,2023,toyota_bz4xev,2.861563449305104,0.1653855449760861,Electric,1,0,13512.72,4332.0,214.0,104.0,1.1606611667741318,1.1375369422530621,1.1685816287687563,toyota,False,True,1,True,True,True,True
2024_toyota_bz4xev,J,2024,Japan,MPV,0.0,0.8,Japan,0.2,China,1,1,1,1,Japan,False,2024,toyota_bz4xev,2.798714161677562,0.1795219567877854,Electric,1,0,13512.72,4332.0,201.0,112.0,1.2505060900333225,1.1557614129762386,1.22610340756905,toyota,False,True,1,True,True,True,True
2018_toyota_chr,T,2018,Japan,PC,0.0,0.45,Turkey,0.4,Japan,1,1,1,1,Turkey,False,2018,toyota_chr,1.644172991030066,0.2257818319886687,ICE,0,0,12103.84,3300.0,144.0,29.0,1.7751305178996115,0.9122563353409684,1.090866211405912,toyota,False,True,2,False,True,True,False
2019_toyota_chr,J,2019,Japan,PC,0.0,0.75,Japan,0.2,Turkey,1,1,1,1,Japan,False,2019,toyota_chr,1.66993984797019,0.2227338071711179,ICE,0,0,12103.84,3300.0,144.0,29.0,0.900578655324746,2.0859564407953943,1.1122065556989225,toyota,False,True,2,False,True,True,False
2020_toyota_chr,J,2020,Turkey,PC,0.0,0.7,Japan,,,1,1,1,1,Japan,False,2020,toyota_chr,1.638977165811033,0.2328609505319142,ICE,0,0,12202.82,3300.0,144.0,29.0,0.8821136085198792,,1.1787105855307944,toyota,False,True,2,False,True,True,False
2021_toyota_chr,J,2021,Japan,PC,0.0,0.69,Japan,,,1,1,1,1,Japan,False,2021,toyota_chr,1.581245700599804,0.2380568579927458,ICE,0,0,12202.82,3300.0,144.0,29.0,0.9067306144627012,,1.1329362836920225,toyota,False,True,2,False,True,True,False
2022_toyota_chr,J,2022,Japan,PC,0.0,0.6,Japan,0.2,Turkey,1,1,1,1,Japan,False,2022,toyota_chr,1.517451667466025,0.2517129874232901,ICE,0,0,12202.82,3300.0,144.0,29.0,1.0863662179074403,6.08412078478601,1.2063253999739498,toyota,False,True,2,False,True,True,False
2016_toyota_corolla,US,2016,Canada,PC,0.65,0.25,Japan,,,2,2,2,1,Japan,True,2016,toyota_corolla,1.470808215638869,0.2490919882144193,ICE,0,0,12763.74,2855.0,132.0,32.0,0.8987878531868756,,1.0814600807837655,toyota,False,True,1,True,True,True,True
2019_toyota_corolla,US,2019,Canada,PC,0.65,0.25,Japan,,,2,1,1,1,Japan,True,2019,toyota_corolla,1.4437809816097749,0.2454833780635475,ICE,0,0,12798.69,2870.0,132.0,31.0,0.900578655324746,,1.1122065556989225,toyota,False,True,1,True,True,True,True
2020_toyota_corolla,J,2020,Japan,PC,0.15,0.8,Japan,,,2,2,2,1,Japan,True,2020,toyota_corolla,1.529720041870966,0.242436069338672,ICE,0,0,12779.23,3045.0,139.0,33.0,0.8821136085198792,,1.1787105855307944,toyota,False,True,1,True,True,True,True
2021_toyota_corolla,J,2021,Japan,PC,0.3,0.55,Japan,,,1,1,1,1,Japan,False,2021,toyota_corolla,1.466505676063471,0.2538863371901844,ICE,0,0,12793.249999999998,3055.0,169.0,33.0,0.9067306144627012,,1.1329362836920225,toyota,False,True,1,True,True,True,True
2022_toyota_corolla,US,2022,Japan,PC,0.3,0.6,Japan,,,1,1,1,1,Japan,False,2022,toyota_corolla,1.392944027517604,0.2702798469037585,ICE,0,0,12793.249999999998,3055.0,169.0,33.0,1.0863662179074403,,1.2063253999739498,toyota,False,True,1,True,True,True,True
2023_toyota_corolla,J,2023,Japan,PC,0.225,0.675,Japan,,,2,2,2,1,Japan,True,2023,toyota_corolla,1.3639530167322331,0.2735825755238246,ICE,0,0,12793.249999999998,3110.0,169.0,35.0,1.1606611667741318,,1.1685816287687563,toyota,False,True,1,True,True,True,True
2024_toyota_corolla,J,2024,Japan,PC,0.275,0.65,Japan,,,2,2,2,1,Japan,True,2024,toyota_corolla,1.364468674375876,0.2625357751167353,ICE,0,0,12793.249999999998,3110.0,169.0,35.0,1.2505060900333225,,1.22610340756905,toyota,False,True,1,True,True,True,True
2020_toyota_corollahybrid,J,2020,Japan,PC,0.0,1.0,Japan,,,1,1,1,1,Japan,False,2020,toyota_corollahybrid,1.395903568555302,0.3401285122069437,Hybrid,0,1,12779.23,2850.0,121.0,52.0,0.8821136085198792,,1.1787105855307944,toyota,False,True,1,True,True,True,True
2021_toyota_corollahybrid,J,2021,Japan,PC,0.0,1.0,Japan,,,1,1,1,1,Japan,False,2021,toyota_corollahybrid,1.226936618341534,0.405528456548248,Hybrid,0,1,12779.23,2850.0,121.0,52.0,0.9067306144627012,,1.1329362836920225,toyota,False,True,1,True,True,True,True
2022_toyota_corollahybrid,J,2022,Japan,PC,0.0,1.0,Japan,,,2,2,2,1,Japan,True,2022,toyota_corollahybrid,1.208078202808303,0.3796249200440334,Hybrid,0,1,12779.23,2850.0,121.0,52.0,1.0863662179074403,,1.2063253999739498,toyota,False,True,1,True,True,True,True
2023_toyota_corollahybrid,J,2023,Japan,PC,0.0,1.0,Japan,,,1,1,1,1,Japan,False,2023,toyota_corollahybrid,1.395549374537939,0.3105884162395408,Hybrid,0,1,12793.249999999998,2850.0,138.0,50.0,1.1606611667741318,,1.1685816287687563,toyota,False,True,1,True,True,True,True
2024_toyota_corollahybrid,J,2024,Japan,PC,0.0,1.0,Japan,,,1,1,1,1,Japan,False,2024,toyota_corollahybrid,1.4011016060512291,0.311604199637458,Hybrid,0,1,12793.249999999998,3140.0,138.0,50.0,1.2505060900333225,,1.22610340756905,toyota,False,True,1,True,True,True,True
2017_toyota_corollaim,J,2017,Japan,PC,0.0,1.0,Japan,,,1,1,1,1,Japan,False,2017,toyota_corollaim,1.3299936577434859,0.2664271269691616,ICE,0,0,11815.65,2943.0,137.0,30.0,0.9266557391109638,,1.0889583645033811,toyota,False,True,1,True,True,True,True
2018_toyota_corollaim,J,2018,Japan,PC,0.0,1.0,Japan,,,1,1,1,1,Japan,False,2018,toyota_corollaim,1.307826604979837,0.2649156441689365,ICE,0,0,11815.65,2943.0,137.0,30.0,0.9122563353409684,,1.090866211405912,toyota,False,True,1,True,True,True,True
2023_toyota_crownhybrid,J,2023,Japan,PC,0.0,1.0,Japan,,,1,1,1,1,Japan,False,2023,toyota_crownhybrid,2.846449590281333,0.1965863173841593,Hybrid,0,1,14197.64,4250.0,236.0,41.0,1.1606611667741318,,1.1685816287687563,toyota,False,True,1,True,True,True,True
2024_toyota_crownhybrid,J,2024,Japan,PC,0.0,1.0,Japan,,,1,1,1,1,Japan,False,2024,toyota_crownhybrid,2.7362523490921298,0.2117993214775314,Hybrid,0,1,14197.64,3980.0,236.0,41.0,1.2505060900333225,,1.22610340756905,toyota,False,True,1,True,True,True,True
2022_toyota_gr86,J,2022,Japan,PC,0.0,0.9,Japan,,,2,2,2,1,Japan,True,2022,toyota_gr86,1.828071775019162,0.2268125996647594,ICE,0,0,11736.21,2833.0,228.0,22.0,1.0863662179074403,,1.2063253999739498,toyota,False,True,1,True,True,True,True
2023_toyota_gr86,J,2023,Japan,PC,0.0,0.9,Japan,,,2,2,2,1,Japan,True,2023,toyota_gr86,1.872449867369266,0.2234442978185916,ICE,0,0,11736.21,2833.0,228.0,22.0,1.1606611667741318,,1.1685816287687563,toyota,False,True,1,True,True,True,True
2024_toyota_gr86,J,2024,Japan,PC,0.0,0.85,Japan,,,2,2,2,1,Japan,True,2024,toyota_gr86,1.816271667140563,0.2244937770664763,ICE,0,0,11736.21,2833.0,228.0,22.0,1.2505060900333225,,1.22610340756905,toyota,False,True,1,True,True,True,True
2023_toyota_grcorolla,J,2023,Japan,PC,0.0,1.0,Japan,,,1,1,1,1,Japan,False,2023,toyota_grcorolla,2.532875509086142,0.1735021446645585,ICE,0,0,12638.08,3268.5,300.0,24.0,1.1606611667741318,,1.1685816287687563,toyota,False,True,1,True,True,True,True
2024_toyota_grcorolla,J,2024,Japan,PC,0.0,1.0,Japan,,,1,1,1,1,Japan,False,2024,toyota_grcorolla,2.534062748617406,0.1681155352594161,ICE,0,0,12638.08,3268.0,300.0,24.0,1.2505060900333225,,1.22610340756905,toyota,False,True,1,True,True,True,True
2016_toyota_landcruiser,J,2016,Japan,MPV,0.05,0.95,Japan,,,1,1,1,1,Japan,False,2016,toyota_landcruiser,7.60624240007124,0.0811185266215794,ICE,0,0,15202.2,5815.0,381.0,15.0,0.8987878531868756,,1.0814600807837655,toyota,False,True,1,True,True,True,True
2017_toyota_landcruiser,J,2017,Japan,MPV,0.05,0.95,Japan,,,1,1,1,1,Japan,False,2017,toyota_landcruiser,7.561382073578366,0.07758076621596,ICE,0,0,15202.2,5815.0,381.0,15.0,0.9266557391109638,,1.0889583645033811,toyota,False,True,1,True,True,True,True
2018_toyota_landcruiser,J,2018,Japan,MPV,0.05,0.95,Japan,,,1,1,1,1,Japan,False,2018,toyota_landcruiser,7.36628469490584,0.0770966696642906,ICE,0,0,15202.2,5815.0,381.0,15.0,0.9122563353409684,,1.090866211405912,toyota,False,True,1,True,True,True,True
2019_toyota_landcruiser,J,2019,Japan,MPV,0.0,1.0,Japan,,,1,1,1,1,Japan,False,2019,toyota_landcruiser,7.247990745375326,0.0817966740151353,ICE,0,0,15202.2,5815.0,381.0,15.0,0.900578655324746,,1.1122065556989225,toyota,False,True,1,True,True,True,True
2020_toyota_landcruiser,J,2020,Japan,MPV,0.0,1.0,Japan,,,1,1,1,1,Japan,False,2020,toyota_landcruiser,7.158898223529526,0.0847748015910523,ICE,0,0,15202.2,5815.0,381.0,14.0,0.8821136085198792,,1.1787105855307944,toyota,False,True,1,True,True,True,True
2021_toyota_landcruiser,J,2021,Japan,MPV,0.0,1.0,Japan,,,1,1,1,1,Japan,False,2021,toyota_landcruiser,6.845511420525607,0.0862583419259614,ICE,0,0,15202.2,5815.0,381.0,14.0,0.9067306144627012,,1.1329362836920225,toyota,False,True,1,True,True,True,True
2016_toyota_miraihybrid,J,2016,Japan,PC,0.0,1.0,Japan,,,1,1,1,1,Japan,False,2016,toyota_miraihybrid,5.112485449862987,0.0996173119419068,ICE,0,0,13763.75,4075.0,151.0,74.0,0.8987878531868756,,1.0814600807837655,toyota,False,True,1,True,True,True,True
2017_toyota_miraihybrid,J,2017,Japan,PC,0.0,1.0,Japan,,,1,1,1,1,Japan,False,2017,toyota_miraihybrid,4.875039053314426,0.1231905545786174,ICE,0,0,13763.75,4075.0,151.0,74.0,0.9266557391109638,,1.0889583645033811,toyota,False,True,1,True,True,True,True
2018_toyota_miraihybrid,J,2018,Japan,PC,0.0,1.0,Japan,,,1,1,1,1,Japan,False,2018,toyota_miraihybrid,4.957949422176898,0.0999886860388023,ICE,0,0,13763.75,4075.0,151.0,74.0,0.9122563353409684,,1.090866211405912,toyota,False,True,1,True,True,True,True
2019_toyota_miraihybrid,J,2019,Japan,PC,0.0,1.0,Japan,,,1,1,1,1,Japan,False,2019,toyota_miraihybrid,4.796046212838193,0.1154754826286704,ICE,0,0,13763.75,4075.0,151.0,74.0,0.900578655324746,,1.1122065556989225,toyota,False,True,1,True,True,True,True
2020_toyota_miraihybrid,J,2020,Japan,PC,0.0,1.0,Japan,,,1,1,1,1,Japan,False,2020,toyota_miraihybrid,4.725947956791703,0.1185900248891464,ICE,0,0,13763.75,4075.0,151.0,74.0,0.8821136085198792,,1.1787105855307944,toyota,False,True,1,True,True,True,True
2021_toyota_miraihybrid,J,2021,Japan,PC,0.0,1.0,Japan,,,1,1,1,1,Japan,False,2021,toyota_miraihybrid,4.192305927817505,0.1699162278669253,ICE,0,0,14528.36,4295.0,182.0,74.0,0.9067306144627012,,1.1329362836920225,toyota,False,True,1,True,True,True,True
2022_toyota_miraihybrid,J,2022,Japan,PC,0.0,1.0,Japan,,,1,1,1,1,Japan,False,2022,toyota_miraihybrid,3.95785877323561,0.1535863058194776,ICE,0,0,14528.36,4295.0,182.0,74.0,1.0863662179074403,,1.2063253999739498,toyota,False,True,1,True,True,True,True
2023_toyota_miraihybrid,J,2023,Japan,PC,0.0,1.0,Japan,,,1,1,1,1,Japan,False,2023,toyota_miraihybrid,3.2392411802559975,0.1586780997424699,ICE,0,0,14528.36,4255.0,182.0,74.0,1.1606611667741318,,1.1685816287687563,toyota,False,True,1,True,True,True,True
2024_toyota_miraihybrid,J,2024,Japan,PC,0.0,1.0,Japan,,,1,1,1,1,Japan,False,2024,toyota_miraihybrid,3.2500365802503,0.1428886894463323,ICE,0,0,14528.36,4255.0,182.0,74.0,1.2505060900333225,,1.22610340756905,toyota,False,True,1,True,True,True,True
2016_toyota_priuschybrid,J,2016,Japan,PC,0.0,1.0,Japan,,,1,1,1,1,Japan,False,2016,toyota_priuschybrid,1.323210779407463,0.3575642895144379,Hybrid,0,1,10491.910000000002,2496.0,99.0,50.0,0.8987878531868756,,1.0814600807837655,toyota,False,True,1,True,True,True,True
2017_toyota_priuschybrid,J,2017,Japan,PC,0.0,1.0,Japan,,,1,1,1,1,Japan,False,2017,toyota_priuschybrid,1.3149790874011291,0.350872835135207,Hybrid,0,1,10585.29,2530.0,99.0,46.0,0.9266557391109638,,1.0889583645033811,toyota,False,True,1,True,True,True,True
2018_toyota_priuschybrid,J,2018,Japan,PC,0.0,1.0,Japan,,,1,1,1,1,Japan,False,2018,toyota_priuschybrid,1.3798438050437238,0.3178087828220327,Hybrid,0,1,11140.64,2530.0,99.0,46.0,0.9122563353409684,,1.090866211405912,toyota,False,True,1,True,True,True,True
2019_toyota_priuschybrid,J,2019,Japan,PC,0.0,1.0,Japan,,,1,1,1,1,Japan,False,2019,toyota_priuschybrid,1.474428496234842,0.2848082454537263,Hybrid,0,1,11140.64,2530.0,99.0,46.0,0.900578655324746,,1.1122065556989225,toyota,False,True,1,True,True,True,True
2016_toyota_priushybrid,J,2016,Japan,PC,0.05,0.95,Japan,,,1,1,1,1,Japan,False,2016,toyota_priushybrid,1.868199076849548,0.2792963174424001,Hybrid,0,1,12383.909999999998,3050.0,121.0,52.0,0.8987878531868756,,1.0814600807837655,toyota,False,True,1,True,True,True,True
2018_toyota_priushybrid,J,2018,Japan,PC,0.0,1.0,Japan,,,1,1,1,1,Japan,False,2018,toyota_priushybrid,1.891439014877403,0.2504328912118632,Hybrid,0,1,12383.909999999998,3075.0,121.0,52.0,0.9122563353409684,,1.090866211405912,toyota,False,True,1,True,True,True,True
2020_toyota_priushybrid,J,2020,Japan,PC,0.0,1.0,Japan,,,1,1,1,1,Japan,False,2020,toyota_priushybrid,1.735396318632993,0.2964457063567244,Hybrid,0,1,12474.0,3075.0,121.0,52.0,0.8821136085198792,,1.1787105855307944,toyota,False,True,1,True,True,True,True
2021_toyota_priushybrid,J,2021,Japan,PC,0.0,1.0,Japan,,,1,1,1,1,Japan,False,2021,toyota_priushybrid,1.6374502753200428,0.3447563414622455,Hybrid,0,1,12474.0,3075.0,121.0,52.0,0.9067306144627012,,1.1329362836920225,toyota,False,True,1,True,True,True,True
2023_toyota_priushybrid,J,2023,Japan,PC,0.0,1.0,Japan,,,1,1,1,1,Japan,False,2023,toyota_priushybrid,1.730184941799545,0.2800067308607114,Hybrid,0,1,12713.22,3219.0,194.0,52.0,1.1606611667741318,,1.1685816287687563,toyota,False,True,1,True,True,True,True
2024_toyota_priushybrid,J,2024,Japan,PC,0.0,1.0,Japan,,,1,1,1,1,Japan,False,2024,toyota_priushybrid,1.681938544400532,0.2908864100814588,Hybrid,0,1,12713.22,3219.0,194.0,52.0,1.2505060900333225,,1.22610340756905,toyota,False,True,1,True,True,True,True
2017_toyota_priusprimehybrid,J,2017,Japan,PC,0.0,1.0,Japan,,,1,1,1,1,Japan,False,2017,toyota_priusprimehybrid,2.098524488359536,0.2464422878538316,Hybrid,0,1,12674.97,3375.0,121.0,54.0,0.9266557391109638,,1.0889583645033811,toyota,False,True,1,True,True,True,True
2020_toyota_priusprimehybrid,J,2020,Japan,PC,0.0,1.0,Japan,,,1,1,1,1,Japan,False,2020,toyota_priusprimehybrid,2.00396410660739,0.2656728249969533,Hybrid,0,1,12674.97,3375.0,121.0,54.0,0.8821136085198792,,1.1787105855307944,toyota,False,True,1,True,True,True,True
2021_toyota_priusprimehybrid,J,2021,Japan,PC,0.0,1.0,Japan,,,1,1,1,1,Japan,False,2021,toyota_priusprimehybrid,1.7806566527018681,0.3212968311588935,Hybrid,0,1,12674.97,3375.0,121.0,54.0,0.9067306144627012,,1.1329362836920225,toyota,False,True,1,True,True,True,True
2022_toyota_priusprimehybrid,J,2022,Japan,PC,0.0,1.0,Japan,,,1,1,1,1,Japan,False,2022,toyota_priusprimehybrid,1.723027151702764,0.3034452101287287,Hybrid,0,1,12674.97,3375.0,121.0,54.0,1.0863662179074403,,1.2063253999739498,toyota,False,True,1,True,True,True,True
2023_toyota_priusprimehybrid,J,2023,Japan,PC,0.0,0.95,Japan,0.05,China,1,1,1,1,Japan,False,2023,toyota_priusprimehybrid,2.089842241268662,0.2452769512430453,Hybrid,0,1,12713.22,3516.0,220.0,52.0,1.1606611667741318,1.1375369422530621,1.1685816287687563,toyota,False,True,1,True,True,True,True
2024_toyota_priusprimehybrid,J,2024,Japan,PC,0.0,0.95,Japan,0.05,China,1,1,1,1,Japan,False,2024,toyota_priusprimehybrid,2.02873650165588,0.2587180560111997,Hybrid,0,1,12713.22,3516.0,220.0,52.0,1.2505060900333225,1.1557614129762386,1.22610340756905,toyota,False,True,1,True,True,True,True
2016_toyota_rav4,CN,2016,Japan,PC,0.45,0.45,Japan,,,1,1,1,1,Japan,False,2016,toyota_rav4,2.242506697966583,0.1792942323668333,ICE,0,0,13147.86,3545.0,176.0,25.5,0.8987878531868756,,1.0814600807837655,toyota,False,True,1,True,True,True,True
2017_toyota_rav4,"J, CN",2017,Japan,PC,0.35,0.6,Japan,,,1,1,1,1,Japan,False,2017,toyota_rav4,2.2859972765145358,0.1788376877654089,ICE,0,0,13322.1,3570.0,176.0,25.0,0.9266557391109638,,1.0889583645033811,toyota,False,True,1,True,True,True,True
2018_toyota_rav4,J,2018,Japan,PC,0.35,0.6,Japan,,,1,1,1,1,Japan,False,2018,toyota_rav4,2.205941487185337,0.1842300020002816,ICE,0,0,13322.1,3520.0,176.0,25.0,0.9122563353409684,,1.090866211405912,toyota,False,True,1,True,True,True,True
2019_toyota_rav4,J,2019,Japan,PC,0.45,0.45,Japan,,,1,1,1,1,Japan,False,2019,toyota_rav4,2.17671262150605,0.1859751551639648,ICE,0,0,13205.7,3490.0,203.0,28.0,0.900578655324746,,1.1122065556989225,toyota,False,True,1,True,True,True,True
2020_toyota_rav4,J,2020,Japan,PC,0.5,0.4,Japan,,,1,1,1,1,Japan,False,2020,toyota_rav4,2.124245781091073,0.1902110176536361,ICE,0,0,13205.7,3490.0,203.0,30.0,0.8821136085198792,,1.1787105855307944,toyota,False,True,1,True,True,True,True
2021_toyota_rav4,CN,2021,Japan,PC,0.6,0.1,Japan,,,1,1,1,1,Japan,False,2021,toyota_rav4,2.09801186433043,0.1921904301189402,ICE,0,0,13205.7,3490.0,203.0,30.0,0.9067306144627012,,1.1329362836920225,toyota,False,True,1,True,True,True,True
2022_toyota_rav4,CN,2022,Japan,PC,0.65,0.1,Japan,,,1,1,1,1,Japan,False,2022,toyota_rav4,1.880942428845187,0.2097283274179084,ICE,0,0,13205.7,3510.0,203.0,30.0,1.0863662179074403,,1.2063253999739498,toyota,False,True,1,True,True,True,True
2023_toyota_rav4,CN,2023,Japan,PC,0.6,0.2,Japan,,,1,1,1,1,Japan,False,2023,toyota_rav4,1.919442610651245,0.2086775419240796,ICE,0,0,13205.7,3490.0,203.0,30.0,1.1606611667741318,,1.1685816287687563,toyota,False,True,1,True,True,True,True
2024_toyota_rav4,CN,2024,Japan,MPV,0.7,0.15,Japan,,,1,1,1,1,Japan,False,2024,toyota_rav4,1.887933490125619,0.208826045237306,ICE,0,0,13205.7,3490.0,203.0,30.0,1.2505060900333225,,1.22610340756905,toyota,False,True,1,True,True,True,True
2016_toyota_rav4hybrid,J,2016,Japan,PC,0.0,0.9,Japan,,,1,1,1,1,Japan,False,2016,toyota_rav4hybrid,2.043197674094556,0.2706870158257612,Hybrid,0,1,13147.86,3925.0,194.0,33.0,0.8987878531868756,,1.0814600807837655,toyota,False,True,1,True,True,True,True
2017_toyota_rav4hybrid,J,2017,Japan,PC,0.05,0.95,Japan,,,1,1,1,1,Japan,False,2017,toyota_rav4hybrid,2.154074528715482,0.2326232183915207,Hybrid,0,1,13322.1,3925.0,194.0,32.0,0.9266557391109638,,1.0889583645033811,toyota,False,True,1,True,True,True,True
2018_toyota_rav4hybrid,J,2018,Japan,PC,0.0,1.0,Japan,,,1,1,1,1,Japan,False,2018,toyota_rav4hybrid,2.088914164195296,0.2441286419989165,Hybrid,0,1,13322.1,3925.0,194.0,32.0,0.9122563353409684,,1.090866211405912,toyota,False,True,1,True,True,True,True
2019_toyota_rav4hybrid,J,2019,Japan,PC,0.15,0.8,Japan,,,1,1,1,1,Japan,False,2019,toyota_rav4hybrid,2.067419024533097,0.247708434156979,Hybrid,0,1,13205.7,3755.0,219.0,40.0,0.900578655324746,,1.1122065556989225,toyota,False,True,1,True,True,True,True
2020_toyota_rav4hybrid,J,2020,Japan,PC,0.35,0.55,Japan,,,1,1,1,1,Japan,False,2020,toyota_rav4hybrid,1.975528689228496,0.2723076452473262,Hybrid,0,1,13205.7,3755.0,219.0,40.0,0.8821136085198792,,1.1787105855307944,toyota,False,True,1,True,True,True,True
2021_toyota_rav4hybrid,CN,2021,Japan,PC,0.175,0.725,Japan,,,2,2,2,1,Japan,True,2021,toyota_rav4hybrid,1.95582488319173,0.2593451377230913,Hybrid,0,1,13205.7,3755.0,219.0,40.0,0.9067306144627012,,1.1329362836920225,toyota,False,True,1,True,True,True,True
2022_toyota_rav4hybrid,CN,2022,Japan,PC,0.35,0.55,Japan,,,1,1,1,1,Japan,False,2022,toyota_rav4hybrid,1.969569023489493,0.2452810127188293,Hybrid,0,1,13205.7,3775.0,219.0,40.0,1.0863662179074403,,1.2063253999739498,toyota,False,True,1,True,True,True,True
2023_toyota_rav4hybrid,CN,2023,Japan,PC,0.25,0.65,Japan,,,1,1,1,1,Japan,False,2023,toyota_rav4hybrid,2.01887599516881,0.2347948069446432,Hybrid,0,1,13205.7,3775.0,219.0,40.0,1.1606611667741318,,1.1685816287687563,toyota,False,True,1,True,True,True,True
2024_toyota_rav4hybrid,CN,2024,Japan,MPV,0.45,0.45,Japan,,,1,1,1,1,Japan,False,2024,toyota_rav4hybrid,1.9401247255777871,0.2539207574568898,Hybrid,0,1,13205.7,3775.0,219.0,39.0,1.2505060900333225,,1.22610340756905,toyota,False,True,1,True,True,True,True
2022_toyota_rav4primehybrid,J,2022,Japan,PC,0.0,1.0,Japan,,,1,1,1,1,Japan,False,2022,toyota_rav4primehybrid,2.662612877103443,0.1840240505293744,Hybrid,0,1,13205.7,4235.0,302.0,38.0,1.0863662179074403,,1.2063253999739498,toyota,False,True,1,True,True,True,True
2023_toyota_rav4primehybrid,J,2023,Japan,PC,0.0,1.0,Japan,,,1,1,1,1,Japan,False,2023,toyota_rav4primehybrid,2.757608243492286,0.1772267136830592,Hybrid,0,1,13205.7,4235.0,302.0,38.0,1.1606611667741318,,1.1685816287687563,toyota,False,True,1,True,True,True,True
2024_toyota_rav4primehybrid,J,2024,Japan,PC,0.0,1.0,Japan,,,1,1,1,1,Japan,False,2024,toyota_rav4primehybrid,2.674610236196408,0.1897022548531785,Hybrid,0,1,13205.7,4235.0,302.0,38.0,1.2505060900333225,,1.22610340756905,toyota,False,True,1,True,True,True,True
2020_toyota_supra,A,2020,Austria,PC,0.05,0.5,Germany,0.15,Austria,1,1,1,1,Germany,False,2020,toyota_supra,4.390234633255839,0.1120462824346665,ICE,0,0,13765.5,3397.0,335.0,26.0,0.9713856336917915,0.9713856336917915,1.1787105855307944,toyota,False,True,2,False,True,True,False
2021_toyota_supra,A,2021,Austria,PC,0.05,0.5,Germany,0.15,Austria,1,1,1,1,Germany,False,2021,toyota_supra,3.946920863650628,0.1166283422962234,ICE,0,0,13765.5,3400.0,382.0,25.0,0.9380866465504657,0.9380866465504657,1.1329362836920225,toyota,False,True,2,False,True,True,False
2022_toyota_supra,A,2022,Austria,PC,0.0,0.27,Germany,0.25,Austria,1,1,1,1,Germany,False,2022,toyota_supra,3.666983458665011,0.127230307612003,ICE,0,0,12592.5,3400.0,382.0,25.0,1.0536197956263276,1.0536197956263276,1.2063253999739498,toyota,False,True,2,False,True,True,False
2023_toyota_supra,A,2023,Austria,PC,0.0,0.23,Austria,0.2,Germany,1,1,1,1,Austria,False,2023,toyota_supra,3.641431261579201,0.1265633029949342,ICE,0,0,12592.5,3400.0,382.0,26.0,1.0261214117788637,1.0261214117788637,1.1685816287687563,toyota,False,True,2,False,True,True,False
2024_toyota_supra,A,2024,Austria,PC,0.0,0.3,Germany,0.26,Austria,1,1,1,1,Germany,False,2024,toyota_supra,3.8582115822978458,0.1168457327909816,ICE,0,0,12592.5,3400.0,382.0,23.5,1.025067361218186,1.025067361218186,1.22610340756905,toyota,False,True,2,False,True,True,False
2016_toyota_tacoma,US,2016,Mexico,Truck,0.6,0.2,Japan,,,1,1,1,1,Japan,False,2016,toyota_tacoma,2.603533578777343,0.1529350360086225,ICE,0,0,15964.96,4230.0,278.0,20.0,0.8987878531868756,,1.0814600807837655,toyota,False,True,2,False,True,True,False
2020_toyota_tacoma,US,2020,Mexico,Truck,0.55,0.15,Japan,,,1,1,1,1,Japan,False,2020,toyota_tacoma,2.689571875216206,0.1540993395328379,ICE,0,0,15964.96,4315.0,278.0,20.0,0.8821136085198792,,1.1787105855307944,toyota,False,True,2,False,True,True,False
2021_toyota_tacoma,US,2021,Mexico,Truck,0.55,0.2,Japan,,,1,1,1,1,Japan,False,2021,toyota_tacoma,2.612167184013572,0.1633309611176146,ICE,0,0,15964.96,4445.0,278.0,20.0,0.9067306144627012,,1.1329362836920225,toyota,False,True,2,False,True,True,False
2022_toyota_tacoma,US,2022,Mexico,Truck,0.5,0.15,Japan,,,1,1,1,1,Japan,False,2022,toyota_tacoma,2.444961142783844,0.1682747300331583,ICE,0,0,15964.96,4340.0,278.0,20.0,1.0863662179074403,,1.2063253999739498,toyota,False,True,2,False,True,True,False
2023_toyota_tacoma,US,2023,Mexico,Truck,0.5,0.1,Japan,,,1,1,1,1,Japan,False,2023,toyota_tacoma,2.425953880770874,0.1776038681512911,ICE,0,0,15964.96,4445.0,278.0,20.0,1.1606611667741318,,1.1685816287687563,toyota,False,True,2,False,True,True,False
2024_toyota_tacoma,M,2024,Mexico,Truck,0.35,0.3,Mexico,0.2,Japan,1,1,1,1,Japan,False,2024,toyota_tacoma,2.509457266964721,0.1675213935081684,ICE,0,0,16592.7,4500.0,278.0,21.0,1.155006961401666,1.2505060900333225,1.22610340756905,toyota,False,True,2,False,True,True,False
2021_toyota_venzahybrid,J,2021,Japan,PC,0.0,1.0,Japan,,,1,1,1,1,Japan,False,2021,toyota_venzahybrid,2.481336311853232,0.2162130909614788,Hybrid,0,1,13621.8,3891.0,219.0,39.0,0.9067306144627012,,1.1329362836920225,toyota,False,True,1,True,True,True,True
2022_toyota_venzahybrid,J,2022,Japan,PC,0.0,1.0,Japan,,,1,1,1,1,Japan,False,2022,toyota_venzahybrid,2.297301967672076,0.2284931621333442,Hybrid,0,1,13621.8,3891.0,219.0,39.0,1.0863662179074403,,1.2063253999739498,toyota,False,True,1,True,True,True,True
2023_toyota_venzahybrid,J,2023,Japan,PC,0.0,1.0,Japan,,,1,1,1,1,Japan,False,2023,toyota_venzahybrid,2.331714961776822,0.227973554951857,Hybrid,0,1,13621.8,3891.0,219.0,39.0,1.1606611667741318,,1.1685816287687563,toyota,False,True,1,True,True,True,True
2024_toyota_venzahybrid,J,2024,Japan,PC,0.0,1.0,Japan,,,1,1,1,1,Japan,False,2024,toyota_venzahybrid,2.2498247335812946,0.2418705271539058,Hybrid,0,1,13621.8,3891.0,219.0,39.0,1.2505060900333225,,1.22610340756905,toyota,False,True,1,True,True,True,True
2016_toyota_yaris,M,2016,France,PC,0.025,0.6,Mexico,0.275,Japan,2,2,2,2,Japan | Mexico,True,2016,toyota_yaris,1.114655626394766,0.3064422786757882,ICE,0,0,10371.85,2335.0,106.0,32.0,1.1776719005700578,0.8987878531868756,1.0814600807837655,toyota,False,True,1,True,True,False,False
2017_toyota_yaris,M,2017,France,PC,0.03333333333333333,0.65,Mexico,0.2333333333333333,Japan,3,3,3,2,Japan | Mexico,True,2017,toyota_yaris,1.092266433300275,0.3101697355551377,ICE,0,0,10371.85,2335.0,106.0,32.0,1.1942325974251164,0.9266557391109638,1.0889583645033811,toyota,False,True,1,True,True,False,False
2018_toyota_yaris,M,2018,France,PC,0.03333333333333333,0.7,Mexico,0.2333333333333333,Japan,3,3,3,2,Japan | Mexico,True,2018,toyota_yaris,1.133933124105467,0.2942311832415919,ICE,0,0,10371.85,2335.0,106.0,32.0,1.2142868409974832,0.9122563353409684,1.090866211405912,toyota,False,True,1,True,True,False,False
2019_volkswagen_arteon,G,2019,Germany,PC,0.01,0.515,Germany,0.16999999999999998,Hungary,2,2,2,1,Germany,True,2019,volkswagen_arteon,3.268127289519685,0.1321168699253457,ICE,0,0,14106.18,3854.0,268.0,23.0,0.9911015224344233,1.0405520302864868,1.1122065556989225,volkswagen,False,True,1,True,True,True,True
2020_volkswagen_arteon,G,2020,Germany,PC,0.01,0.65,Germany,,,1,1,1,1,Germany,False,2020,volkswagen_arteon,3.206921380921981,0.1431602589802456,ICE,0,0,14106.18,3754.5,268.0,24.0,0.9713856336917915,,1.1787105855307944,volkswagen,False,True,1,True,True,True,True
2021_volkswagen_arteon,G,2021,Germany,PC,0.01,0.455,Germany,,,2,2,2,1,Germany,True,2021,volkswagen_arteon,3.108118090880161,0.1455683492929654,ICE,0,0,14120.92,3686.0,268.0,25.0,0.9380866465504657,,1.1329362836920225,volkswagen,False,True,1,True,True,True,True
2023_volkswagen_arteon,G,2023,Germany,PC,0.01,0.755,Germany,0.165,Hungary,2,2,2,1,Germany,True,2023,volkswagen_arteon,3.1715974479270996,0.1357403622954541,ICE,0,0,14113.55,3929.0,300.0,25.0,1.0261214117788637,1.2640431503673937,1.1685816287687563,volkswagen,False,True,1,True,True,True,True
2016_volkswagen_beetle,M,2016,Mexico,PC,0.07833333333333332,0.38999999999999996,Mexico,0.33999999999999997,Germany,6,6,6,2,Germany | Mexico,True,2016,volkswagen_beetle,1.8443755129087238,0.2216203214549945,ICE,0,0,11990.080000000002,3012.0,170.0,28.0,1.1776719005700578,1.002357729317206,1.0814600807837655,volkswagen,False,True,1,True,True,False,False
2017_volkswagen_beetle,,2017,Mexico,PC,0.0975,0.3425,Mexico,,,4,4,4,1,Mexico,True,2017,volkswagen_beetle,1.6241288348823129,0.2423829340280626,ICE,0,0,11990.080000000002,3018.0,170.0,28.0,1.1942325974251164,,1.0889583645033811,volkswagen,False,True,1,True,True,True,True
2018_volkswagen_beetle,M,2018,Mexico,PC,0.12666666666666668,0.4566666666666666,Mexico,,,3,3,3,1,Mexico,True,2018,volkswagen_beetle,1.624351245802296,0.2319581102717848,ICE,0,0,12136.72,3020.0,174.0,29.0,1.2142868409974832,,1.090866211405912,volkswagen,False,True,1,True,True,True,True
2019_volkswagen_beetle,M,2019,Mexico,PC,0.12,0.3825,Mexico,,,4,4,4,1,Mexico,True,2019,volkswagen_beetle,1.6545336659406529,0.2253932481337297,ICE,0,0,12136.72,3045.0,174.0,29.0,1.2155041135485891,,1.1122065556989225,volkswagen,False,True,1,True,True,True,True
2016_volkswagen_cc,G,2016,Germany,PC,0.01,0.59,Germany,0.18,Hungary,1,1,1,1,Germany,False,2016,volkswagen_cc,2.9388351347014168,0.1546554239764582,ICE,0,0,15562.929999999998,3369.0,200.0,25.0,1.002357729317206,1.007843102037894,1.0814600807837655,volkswagen,False,True,1,True,True,True,True
2017_volkswagen_cc,,2017,Germany,PC,0.01,0.55,Germany,0.18,Hungary,1,1,1,1,Germany,False,2017,volkswagen_cc,2.9491786569836242,0.1562422380477862,ICE,0,0,15562.929999999998,3369.0,200.0,25.0,0.9821469223782773,0.982461164740945,1.0889583645033811,volkswagen,False,True,1,True,True,True,True
2016_volkswagen_egolfev,G,2016,Germany,PC,0.01,0.7,Germany,,,1,1,1,1,Germany,False,2016,volkswagen_egolfev,2.7013246351061038,0.1529590903146104,Electric,1,0,11901.48,3399.5,115.0,116.0,1.002357729317206,,1.0814600807837655,volkswagen,False,True,1,True,True,True,True
2017_volkswagen_egolfev,,2017,Germany,PC,0.01,0.65,Germany,,,1,1,1,1,Germany,False,2017,volkswagen_egolfev,2.7675325661696473,0.1530939127968252,Electric,1,0,11901.48,3455.0,134.0,119.0,0.9821469223782773,,1.0889583645033811,volkswagen,False,True,1,True,True,True,True
2019_volkswagen_egolfev,G,2019,Germany,PC,0.005,0.39,Germany,0.25,China,2,2,2,1,Germany,True,2019,volkswagen_egolfev,2.771781624607545,0.155111348316994,Electric,1,0,11901.48,3459.0,134.0,119.0,0.9911015224344233,1.1093372260879582,1.1122065556989225,volkswagen,False,True,1,True,True,True,True
2016_volkswagen_golf,M,2016,Mexico,PC,0.045,0.37,Germany,0.325,Mexico,2,2,2,2,Germany | Mexico,True,2016,volkswagen_golf,1.4986029187249912,0.2570024106968528,ICE,0,0,11833.875,2962.0,170.0,29.0,1.002357729317206,1.1776719005700578,1.0814600807837655,volkswagen,False,True,2,False,True,False,False
2017_volkswagen_golf,,2017,Mexico,PC,0.07500000000000001,0.39,Mexico,0.32,Germany,2,2,2,1,Mexico,True,2017,volkswagen_golf,1.5609636176103159,0.2489820857052514,ICE,0,0,11859.0,3023.0,170.0,29.0,1.1942325974251164,0.9821469223782773,1.0889583645033811,volkswagen,False,True,2,False,True,True,False
2018_volkswagen_golf,M,2018,Mexico,PC,0.09,0.405,Mexico,0.28,Germany,2,2,2,1,Mexico,True,2018,volkswagen_golf,1.586604598636244,0.2362573690892337,ICE,0,0,11866.08,2945.0,170.0,29.0,1.2142868409974832,0.9395051898480684,1.090866211405912,volkswagen,False,True,2,False,True,True,False
2019_volkswagen_golf,M,2019,Mexico,PC,0.065,0.3,Mexico,0.28,Germany,2,2,2,1,Mexico,True,2019,volkswagen_golf,1.635296489189295,0.2310628839171237,ICE,0,0,11866.08,2873.0,147.0,32.0,1.2155041135485891,0.9911015224344233,1.1122065556989225,volkswagen,False,True,2,False,True,True,False
2020_volkswagen_golf,M,2020,Mexico,PC,0.08,0.27,Mexico,0.16,Brazil,1,1,1,1,Mexico,False,2020,volkswagen_golf,1.665306717200237,0.2292914481305843,ICE,0,0,11866.08,2909.0,147.0,31.5,1.3557071430827963,1.5495422153826295,1.1787105855307944,volkswagen,False,True,2,False,True,True,False
2021_volkswagen_golf,M,2021,Mexico,PC,0.095,0.305,Mexico,0.18,Brazil,2,2,2,1,Mexico,True,2021,volkswagen_golf,1.556276146252094,0.2457980964330477,ICE,0,0,11866.08,2978.5,147.0,32.5,1.2791561848447872,1.6214474986310419,1.1329362836920225,volkswagen,False,True,2,False,True,True,False
2016_volkswagen_golfr,G,2016,Germany,PC,0.01,0.415,Germany,0.215,Hungary,2,2,2,1,Germany,True,2016,volkswagen_golfr,3.179877399729087,0.1372150812869165,ICE,0,0,11922.72,3305.0,292.0,25.0,1.002357729317206,1.007843102037894,1.0814600807837655,volkswagen,False,True,1,True,True,True,True
2017_volkswagen_golfr,,2017,Germany,PC,0.01,0.405,Germany,0.19,Hungary,2,2,2,1,Germany,True,2017,volkswagen_golfr,3.0448723411973,0.1432627947626298,ICE,0,0,11922.72,3305.0,292.0,25.0,0.9821469223782773,0.982461164740945,1.0889583645033811,volkswagen,False,True,1,True,True,True,True
2018_volkswagen_golfr,G,2018,Germany,PC,0.01,0.48,Germany,0.16999999999999998,Hungary,2,2,2,1,Germany,True,2018,volkswagen_golfr,3.263553580013607,0.1308999967339929,ICE,0,0,11922.72,3300.0,292.0,24.0,0.9395051898480684,0.9673477547367386,1.090866211405912,volkswagen,False,True,1,True,True,True,True
2019_volkswagen_golfr,G,2019,Germany,PC,0.01,0.5,Germany,0.16,Hungary,2,2,2,1,Germany,True,2019,volkswagen_golfr,3.306545745491505,0.1287234162054178,ICE,0,0,11922.72,3336.5,288.0,25.0,0.9911015224344233,1.0405520302864868,1.1122065556989225,volkswagen,False,True,1,True,True,True,True
2022_volkswagen_golfr,G,2022,Germany,PC,0.01,0.29000000000000004,Germany,0.21,Hungary,2,2,2,1,Germany,True,2022,volkswagen_golfr,3.1109577599403337,0.1364130219370255,ICE,0,0,11890.56,3449.0,315.0,24.5,1.0536197956263276,1.3338792775634771,1.2063253999739498,volkswagen,False,True,1,True,True,True,True
2023_volkswagen_golfr,G,2023,Germany,PC,0.01,0.42,Germany,0.16999999999999998,Hungary,2,2,2,1,Germany,True,2023,volkswagen_golfr,3.030133459237164,0.1417265418278995,ICE,0,0,11890.56,3404.0,315.0,23.0,1.0261214117788637,1.2640431503673937,1.1685816287687563,volkswagen,False,True,1,True,True,True,True
2024_volkswagen_golfr,G,2024,Germany,PC,0.01,0.385,Germany,0.19,Hungary,2,2,2,1,Germany,True,2024,volkswagen_golfr,2.9496197223445932,0.152458201457858,ICE,0,0,11890.56,3442.5,315.0,24.0,1.025067361218186,1.3091596334117943,1.22610340756905,volkswagen,False,True,1,True,True,True,True
2016_volkswagen_golfsportwagen,M,2016,Mexico,PC,0.035,0.39,Germany,0.31,Mexico,2,2,2,2,Germany | Mexico,True,2016,volkswagen_golfsportwagen,1.8319544379068171,0.2224879568870687,ICE,0,0,12715.679999999998,3120.0,170.0,29.0,1.002357729317206,1.1776719005700578,1.0814600807837655,volkswagen,False,True,2,False,True,False,False
2017_volkswagen_golfsportwagen,,2017,Mexico,PC,0.07500000000000001,0.41500000000000004,Mexico,0.28,Germany,2,2,2,1,Mexico,True,2017,volkswagen_golfsportwagen,1.780442228350563,0.2273215337037432,ICE,0,0,12715.679999999998,3120.0,170.0,28.0,1.1942325974251164,0.9821469223782773,1.0889583645033811,volkswagen,False,True,2,False,True,True,False
2018_volkswagen_golfsportwagen,M,2018,Mexico,PC,0.09,0.4,Mexico,0.24,Germany,2,2,2,1,Mexico,True,2018,volkswagen_golfsportwagen,1.7582575734914179,0.2216992809266867,ICE,0,0,12729.84,3113.0,170.0,28.0,1.2142868409974832,0.9395051898480684,1.090866211405912,volkswagen,False,True,2,False,True,True,False
2019_volkswagen_golfsportwagen,M,2019,Mexico,PC,0.065,0.31,Mexico,0.27,Germany,2,2,2,1,Mexico,True,2019,volkswagen_golfsportwagen,1.7689593344440842,0.217653022571184,ICE,0,0,12715.679999999998,3280.0,170.0,25.0,1.2155041135485891,0.9911015224344233,1.1122065556989225,volkswagen,False,True,2,False,True,True,False
2016_volkswagen_gti,M,2016,Mexico,PC,0.04,0.36,Mexico,0.2,Germany,1,1,1,1,Mexico,False,2016,volkswagen_gti,2.306843651138776,0.1839146885466398,ICE,0,0,11894.4,3031.0,210.0,28.0,1.1776719005700578,1.002357729317206,1.0814600807837655,volkswagen,False,True,2,False,True,True,False
2017_volkswagen_gti,,2017,Mexico,PC,0.07,0.42,Mexico,0.17,Germany,1,1,1,1,Mexico,False,2017,volkswagen_gti,2.186741333080636,0.1921850109767028,ICE,0,0,11894.4,3135.0,220.0,28.0,1.1942325974251164,0.9821469223782773,1.0889583645033811,volkswagen,False,True,2,False,True,True,False
2018_volkswagen_gti,M,2018,Mexico,PC,0.08,0.41,Mexico,0.19,Germany,1,1,1,1,Mexico,False,2018,volkswagen_gti,2.38092151304678,0.1721131361270731,ICE,0,0,11894.4,3062.0,220.0,28.0,1.2142868409974832,0.9395051898480684,1.090866211405912,volkswagen,False,True,2,False,True,True,False
2019_volkswagen_gti,M,2019,Mexico,PC,0.07,0.37,Mexico,0.19,Germany,1,1,1,1,Mexico,False,2019,volkswagen_gti,2.298277693138423,0.1733226897018334,ICE,0,0,11894.4,3062.0,228.0,27.0,1.2155041135485891,0.9911015224344233,1.1122065556989225,volkswagen,False,True,2,False,True,True,False
2020_volkswagen_gti,M,2020,Mexico,PC,0.1,0.27,Mexico,0.24,Germany,1,1,1,1,Mexico,False,2020,volkswagen_gti,2.431763239029408,0.1751997472526274,ICE,0,0,11894.4,3062.0,228.0,27.0,1.3557071430827963,0.9713856336917915,1.1787105855307944,volkswagen,False,True,2,False,True,True,False
2021_volkswagen_gti,M,2021,Mexico,PC,0.07500000000000001,0.36,Mexico,0.215,Germany,2,2,2,1,Mexico,True,2021,volkswagen_gti,2.334676604334747,0.1827310228440913,ICE,0,0,11894.4,3133.0,228.0,26.0,1.2791561848447872,0.9380866465504657,1.1329362836920225,volkswagen,False,True,2,False,True,True,False
2022_volkswagen_gti,G,2022,Germany,PC,0.01,0.36,Germany,0.215,Hungary,2,2,2,1,Germany,True,2022,volkswagen_gti,2.326508675960998,0.1702895474544125,ICE,0,0,11883.520000000002,3113.0,241.0,28.0,1.0536197956263276,1.3338792775634771,1.2063253999739498,volkswagen,False,True,2,False,True,True,False
2023_volkswagen_gti,G,2023,Germany,PC,0.01,0.45,Germany,0.195,Hungary,2,2,2,1,Germany,True,2023,volkswagen_gti,2.250032698662301,0.1812160891123,ICE,0,0,11883.520000000002,3133.0,241.0,27.0,1.0261214117788637,1.2640431503673937,1.1685816287687563,volkswagen,False,True,2,False,True,True,False
2024_volkswagen_gti,G,2024,Germany,PC,0.01,0.425,Germany,0.24,Hungary,2,2,2,1,Germany,True,2024,volkswagen_gti,2.258034653286424,0.1903563714966318,ICE,0,0,13774.08,3188.0,241.0,27.0,1.025067361218186,1.3091596334117943,1.22610340756905,volkswagen,False,True,2,False,True,True,False
2021_volkswagen_id4ev,G,2021,Germany,MPV,0.005,0.44,China,0.40499999999999997,Germany,4,4,4,2,China | Germany,True,2021,volkswagen_id4ev,3.320390650591045,0.141884141843819,Electric,1,0,13158.45,4517.0,201.0,97.0,1.0355659429715673,0.9380866465504657,1.1329362836920225,volkswagen,False,True,3,False,True,False,False
2022_volkswagen_id4ev,G,2022,Germany,MPV,0.005,0.6275,Germany,0.46,China,4,4,4,2,China | Germany,True,2022,volkswagen_id4ev,3.115092645052378,0.1587130689374111,Electric,1,0,13158.45,4672.0,201.0,102.0,1.0536197956263276,1.0818418893654085,1.2063253999739498,volkswagen,False,True,3,False,True,False,False
2016_volkswagen_jetta,M,2016,Mexico,PC,0.0475,0.4,Mexico,0.295,Germany,4,4,4,2,Germany | Mexico,True,2016,volkswagen_jetta,1.811576088422667,0.2243097540848751,ICE,0,0,12831.0,3153.0,170.0,29.0,1.1776719005700578,1.002357729317206,1.0814600807837655,volkswagen,False,True,1,True,True,False,False
2017_volkswagen_jetta,,2017,Mexico,PC,0.09999999999999999,0.34,Mexico,0.185,Germany,3,3,3,1,Mexico,True,2017,volkswagen_jetta,1.616716616989713,0.2429379721971278,ICE,0,0,12831.0,3089.0,160.0,30.5,1.1942325974251164,0.9821469223782773,1.0889583645033811,volkswagen,False,True,1,True,True,True,True
2018_volkswagen_jetta,M,2018,Mexico,PC,0.12333333333333334,0.4066666666666667,Mexico,0.185,Germany,3,3,3,1,Mexico,True,2018,volkswagen_jetta,1.528784793519784,0.2393811631578994,ICE,0,0,12838.0,3009.0,150.0,32.0,1.2142868409974832,0.9395051898480684,1.090866211405912,volkswagen,False,True,1,True,True,True,True
2019_volkswagen_jetta,M,2019,Mexico,PC,0.0675,0.34,Mexico,0.225,Germany,4,4,4,1,Mexico,True,2019,volkswagen_jetta,1.795367635872758,0.2156195805389286,ICE,0,0,13105.08,2959.0,147.0,34.0,1.2155041135485891,0.9911015224344233,1.1122065556989225,volkswagen,False,True,1,True,True,True,True
2020_volkswagen_jetta,M,2020,Mexico,PC,0.052500000000000005,0.335,Mexico,0.2,Germany,4,4,4,1,Mexico,True,2020,volkswagen_jetta,1.6605040908205229,0.2282432682749664,ICE,0,0,13105.08,2959.0,147.0,34.0,1.3557071430827963,0.9713856336917915,1.1787105855307944,volkswagen,False,True,1,True,True,True,True
2021_volkswagen_jetta,M,2021,Mexico,PC,0.06999999999999999,0.365,Mexico,0.215,Germany,4,4,4,1,Mexico,True,2021,volkswagen_jetta,1.492575479692422,0.2529217628501133,ICE,0,0,13105.08,2965.0,147.0,33.0,1.2791561848447872,0.9380866465504657,1.1329362836920225,volkswagen,False,True,1,True,True,True,True
2022_volkswagen_jetta,M,2022,Mexico,PC,0.04,0.3325,Mexico,0.19,Germany,4,4,4,1,Mexico,True,2022,volkswagen_jetta,1.299065870697753,0.2594628402010621,ICE,0,0,13204.2,2989.0,158.0,34.0,1.27000323878321,1.0536197956263276,1.2063253999739498,volkswagen,False,True,1,True,True,True,True
2023_volkswagen_jetta,M,2023,Mexico,PC,0.04750000000000001,0.34,Mexico,0.175,Germany,4,4,4,1,Mexico,True,2023,volkswagen_jetta,1.219299618496459,0.2859952441481008,ICE,0,0,13204.2,2989.0,158.0,35.0,1.120546305774649,1.0261214117788637,1.1685816287687563,volkswagen,False,True,1,True,True,True,True
2024_volkswagen_jetta,M,2024,Mexico,PC,0.072,0.41999999999999993,Mexico,0.16,Germany,5,5,5,1,Mexico,True,2024,volkswagen_jetta,1.226784163885842,0.2935363418705541,ICE,0,0,14957.3,2974.0,158.0,34.0,1.155006961401666,1.025067361218186,1.22610340756905,volkswagen,False,True,1,True,True,True,True
2022_volkswagen_taos,M,2022,Mexico,MPV,0.035,0.345,Mexico,0.16,Germany,2,2,2,1,Mexico,True,2022,volkswagen_taos,1.7063320645705728,0.2445398466261088,ICE,0,0,12745.5,3175.0,158.0,31.0,1.27000323878321,1.0536197956263276,1.2063253999739498,volkswagen,False,True,1,True,True,True,True
2023_volkswagen_taos,M,2023,Mexico,MPV,0.045,0.33,Mexico,0.18,Germany,2,2,2,1,Mexico,True,2023,volkswagen_taos,1.670051838308575,0.257697894731482,ICE,0,0,12745.5,3430.0,158.0,28.0,1.120546305774649,1.0261214117788637,1.1685816287687563,volkswagen,False,True,1,True,True,True,True
2024_volkswagen_taos,M,2024,Mexico,MPV,0.04,0.35,Mexico,0.15,Germany,2,2,2,1,Mexico,True,2024,volkswagen_taos,1.631585490966494,0.2524702771567466,ICE,0,0,12745.5,3305.5,158.0,29.0,1.155006961401666,1.025067361218186,1.22610340756905,volkswagen,False,True,1,True,True,True,True
2016_volkswagen_tiguan,G,2016,Germany,MPV,0.01,0.44,Germany,0.16,Hungary,2,2,2,1,Germany,True,2016,volkswagen_tiguan,2.345631980296397,0.172361141217045,ICE,0,0,12424.4,3404.0,200.0,23.0,1.002357729317206,1.007843102037894,1.0814600807837655,volkswagen,False,True,2,False,True,True,False
2017_volkswagen_tiguan,,2017,Germany,MPV,0.01,0.495,Germany,0.1575,Hungary,4,4,4,1,Germany,True,2017,volkswagen_tiguan,2.6134013871407955,0.1572434773213578,ICE,0,0,12424.4,3448.0,200.0,22.0,0.9821469223782773,0.982461164740945,1.0889583645033811,volkswagen,False,True,2,False,True,True,False
2018_volkswagen_tiguan,M,2018,Mexico,MPV,0.06,0.43,Mexico,0.405,Germany,2,2,2,2,Germany | Mexico,True,2018,volkswagen_tiguan,2.101004025730599,0.2064169454520173,ICE,0,0,13401.24,3777.0,184.0,24.0,1.2142868409974832,0.9395051898480684,1.090866211405912,volkswagen,False,True,2,False,True,False,False
2019_volkswagen_tiguan,G,2019,Mexico,MPV,0.016666666666666666,0.65,Germany,0.35,Mexico,3,3,3,2,Germany | Mexico,True,2019,volkswagen_tiguan,2.55153098471143,0.1681963086183138,ICE,0,0,13401.24,3858.0,184.0,24.0,0.9911015224344233,1.2155041135485891,1.1122065556989225,volkswagen,False,True,2,False,True,False,False
2020_volkswagen_tiguan,M,2020,Mexico,MPV,0.085,0.38,Mexico,,,2,2,2,1,Mexico,True,2020,volkswagen_tiguan,2.158995765527903,0.1965967161608656,ICE,0,0,13401.24,3802.0,184.0,24.0,1.3557071430827963,,1.1787105855307944,volkswagen,False,True,2,False,True,True,False
2021_volkswagen_tiguan,M,2021,Mexico,MPV,0.07,0.36,Mexico,,,2,2,2,1,Mexico,True,2021,volkswagen_tiguan,2.148020410303669,0.1971971766850403,ICE,0,0,13401.24,3735.0,184.0,25.0,1.2791561848447872,,1.1329362836920225,volkswagen,False,True,2,False,True,True,False
2022_volkswagen_tiguan,M,2022,Mexico,MPV,0.045,0.33499999999999996,Mexico,,,2,2,2,1,Mexico,True,2022,volkswagen_tiguan,1.874364829806644,0.2314475072091568,ICE,0,0,13473.64,3765.0,184.0,26.0,1.27000323878321,,1.2063253999739498,volkswagen,False,True,2,False,True,True,False
2023_volkswagen_tiguan,M,2023,Mexico,MPV,0.045,0.35,Mexico,,,2,2,2,1,Mexico,True,2023,volkswagen_tiguan,1.886736746580736,0.2257610404460887,ICE,0,0,13473.64,3810.5,184.0,25.5,1.120546305774649,,1.1685816287687563,volkswagen,False,True,2,False,True,True,False
2024_volkswagen_tiguan,M,2024,Mexico,MPV,0.04,0.47,Mexico,,,2,2,2,1,Mexico,True,2024,volkswagen_tiguan,1.872385333725509,0.2264243620135529,ICE,0,0,15371.86,3797.5,184.0,25.5,1.155006961401666,,1.22610340756905,volkswagen,False,True,2,False,True,True,False
2016_volkswagen_touareg,SL,2016,Slovakia,MPV,0.01,0.355,Slovakia,0.225,Germany,2,2,2,1,Slovakia,True,2016,volkswagen_touareg,4.515653229218276,0.1006807812846928,ICE,0,0,14424.320000000002,4696.0,280.0,19.0,1.002357729317206,1.002357729317206,1.0814600807837655,volkswagen,False,True,2,False,True,True,False
2017_volkswagen_touareg,,2017,Slovakia,PC,0.01,0.36,Germany,0.31,Slovakia,1,1,1,1,Germany,False,2017,volkswagen_touareg,4.603199931885527,0.0983001258366201,ICE,0,0,14424.320000000002,4696.0,280.0,19.0,0.9821469223782773,0.9821469223782773,1.0889583645033811,volkswagen,False,True,2,False,True,True,False
2016_volvo_s60,BE,2016,Belgium,PC,0.01,0.575,Canada,0.32499999999999996,Belgium,5,5,5,3,Belgium | Canada | Sweden,True,2016,volvo_s60,3.448766250450499,0.1147220481704924,ICE,0,0,13395.500000000002,3472.0,250.0,27.0,1.0366198508034576,1.002357729317206,1.0814600807837655,volvo,False,True,4,False,True,False,False
2017_volvo_s60,BE,2017,China,PC,0.01,0.4,China,0.24999999999999997,Sweden,6,6,6,2,China | Sweden,True,2017,volvo_s60,3.210378173102147,0.1216666777366227,ICE,0,0,15074.499999999998,3703.0,240.0,26.0,1.0853098963155674,1.0135177417401777,1.0889583645033811,volvo,False,True,4,False,True,False,False
2018_volvo_s60,BE,2018,China,PC,0.01,0.4,China,0.24285714285714285,Sweden,7,7,7,3,Belgium | China | Sweden,True,2018,volvo_s60,3.237944092825027,0.1192345896277399,ICE,0,0,15330.559999999998,3823.0,240.0,26.0,1.0623796403973003,1.0305491834525053,1.090866211405912,volvo,False,True,4,False,True,False,False
2017_volvo_s90,SW,2017,Sweden,PC,0.01,0.4,Sweden,0.15,Germany,1,1,1,1,Sweden,False,2017,volvo_s90,4.3261261835097855,0.0988960467734692,ICE,0,0,15534.3,4012.0,250.0,27.0,1.0135177417401777,0.9821469223782773,1.0889583645033811,volvo,False,True,2,False,True,True,False
2018_volvo_s90,CH,2018,China,PC,0.01,0.3666666666666667,China,0.3,Sweden,3,3,3,1,China,True,2018,volvo_s90,4.286694900981941,0.0970723425251812,ICE,0,0,15907.95,4047.0,250.0,26.0,1.0623796403973003,1.0305491834525053,1.090866211405912,volvo,False,True,2,False,True,True,False
2019_volvo_s90,CH,2019,China,PC,0.01,0.48333333333333334,China,0.13333333333333333,Sweden,3,3,3,1,China,True,2019,volvo_s90,4.151455109615504,0.1015010670280946,ICE,0,0,15907.95,4819.0,250.0,26.0,1.1093372260879582,1.1213429339408139,1.1122065556989225,volvo,False,True,2,False,True,True,False
2020_volvo_s90,CH,2020,China,PC,0.01,0.45,China,0.2,Sweden,1,1,1,1,China,False,2020,volvo_s90,4.443447646166979,0.0955881019375639,ICE,0,0,15907.95,4128.0,316.0,25.0,1.1081139816310028,1.0919363163281162,1.1787105855307944,volvo,False,True,2,False,True,True,False
2023_volvo_s90,CH,2023,China,PC,0.01,0.75,China,0.1,Japan,3,3,3,1,China,True,2023,volvo_s90,4.187647000476945,0.0993115599745107,ICE,0,0,15931.8,4296.0,295.0,26.0,1.1375369422530621,1.1606611667741318,1.1685816287687563,volvo,False,True,2,False,True,True,False
2016_volvo_v60,SW,2016,Sweden,PC,0.01,0.4,Sweden,0.2,United Kingdom,2,2,2,1,Sweden,True,2016,volvo_v60,3.737314163582746,0.109500720382822,ICE,0,0,15074.499999999998,3527.0,250.0,24.0,1.015074479355027,1.1315248332805306,1.0814600807837655,volvo,False,True,2,False,True,True,False
2017_volvo_v60,SW,2017,Sweden,PC,0.01,0.3,Sweden,0.225,Belgium,2,2,2,1,Sweden,True,2017,volvo_v60,3.427281190659246,0.1161057065391862,ICE,0,0,15074.499999999998,3848.0,240.0,26.0,1.0135177417401777,0.9821469223782773,1.0889583645033811,volvo,False,True,2,False,True,True,False
2018_volvo_v60,BE,2018,Belgium,PC,0.01,0.28,Sweden,0.2,Belgium,5,5,5,1,Sweden,True,2018,volvo_v60,3.358033569055094,0.1160707295852388,ICE,0,0,15074.499999999998,3819.0,240.0,26.0,1.0305491834525053,0.9395051898480684,1.090866211405912,volvo,False,True,2,False,True,True,False
2020_volvo_v60,BE,2020,Belgium,PC,0.01,0.25,Belgium,0.2,Sweden,2,2,2,2,Belgium | Sweden,True,2020,volvo_v60,3.6924303062326618,0.111878508024811,ICE,0,0,15048.22,3785.0,250.0,27.0,0.9713856336917915,1.0919363163281162,1.1787105855307944,volvo,False,True,2,False,True,False,False
2016_volvo_v60crosscountry,SW,2016,Sweden,MPV,0.01,0.45,Sweden,0.2,Germany,1,1,1,1,Sweden,False,2016,volvo_v60crosscountry,3.7858494998626107,0.1089432548505385,ICE,0,0,13402.84,3925.0,250.0,23.0,1.015074479355027,1.002357729317206,1.0814600807837655,volvo,False,True,1,True,True,True,True
2017_volvo_v60crosscountry,SW,2017,Sweden,MPV,0.01,0.3,Sweden,0.2,Belgium,1,1,1,1,Sweden,False,2017,volvo_v60crosscountry,3.577242370483315,0.1128291241998961,ICE,0,0,13421.1,3920.0,240.0,25.0,1.0135177417401777,0.9821469223782773,1.0889583645033811,volvo,False,True,1,True,True,True,True
2024_volvo_v60crosscountry,SW,2024,Sweden,MPV,0.0,0.4,Sweden,0.1,Poland,1,1,1,1,Sweden,False,2024,volvo_v60crosscountry,3.327641839059753,0.1243415079763149,ICE,0,0,15136.55,4082.0,247.0,27.0,1.2528554645223142,1.0560507581907417,1.22610340756905,volvo,False,True,1,True,True,True,True
2019_volvo_xc40,BE,2019,Belgium,MPV,0.01,0.225,Belgium,0.2,Sweden,2,2,2,1,Belgium,True,2019,volvo_xc40,2.908286612114754,0.1332157411908119,ICE,0,0,13953.419999999998,3564.0,187.0,27.0,0.9911015224344233,1.1213429339408139,1.1122065556989225,volvo,False,True,2,False,True,True,False
2020_volvo_xc40,BE,2020,Belgium,MPV,0.01,0.225,Belgium,0.2,Sweden,2,2,2,1,Belgium,True,2020,volvo_xc40,3.1914036747196253,0.1276698502421505,ICE,0,0,13953.419999999998,3593.0,187.0,27.0,0.9713856336917915,1.0919363163281162,1.1787105855307944,volvo,False,True,2,False,True,True,False
2021_volvo_xc40,BE,2021,Belgium,MPV,0.01,0.20000000000000004,Belgium,0.20000000000000004,Sweden,3,3,3,2,Belgium | Sweden,True,2021,volvo_xc40,2.941945248617218,0.1363295335403226,ICE,0,0,13953.419999999998,3627.0,187.0,26.0,0.9380866465504657,1.0168024371539435,1.1329362836920225,volvo,False,True,2,False,True,False,False
2022_volvo_xc40,BE,2022,Belgium,MPV,0.01,0.225,Belgium,0.225,Sweden,6,6,6,2,Belgium | Sweden,True,2022,volvo_xc40,2.8134743191074763,0.1388599405290103,ICE,0,0,13953.419999999998,3753.0,187.0,26.0,1.0536197956263276,1.1991039878819725,1.2063253999739498,volvo,False,True,2,False,True,False,False
2023_volvo_xc40,BE,2023,Belgium,MPV,0.01,0.225,Belgium,0.225,Sweden,6,6,6,2,Belgium | Sweden,True,2023,volvo_xc40,2.8487895595910517,0.1432613531609845,ICE,0,0,14001.48,3726.0,194.0,27.0,1.0261214117788637,1.257897038019899,1.1685816287687563,volvo,False,True,2,False,True,False,False
2024_volvo_xc40,BE,2024,Belgium,MPV,0.0,0.2,Sweden,,,1,1,1,1,Sweden,False,2024,volvo_xc40,2.96507251850124,0.137438448494738,ICE,0,0,14001.48,3861.0,247.0,26.0,1.2528554645223142,,1.22610340756905,volvo,False,True,2,False,True,True,False
2016_volvo_xc60,BE,2016,Belgium,MPV,0.01,0.31666666666666665,Belgium,0.25,Sweden,3,3,3,1,Belgium,True,2016,volvo_xc60,3.87805828350852,0.1023662561237806,ICE,0,0,13600.320000000002,4043.0,301.0,22.0,1.002357729317206,1.015074479355027,1.0814600807837655,volvo,False,True,3,False,True,True,False
2017_volvo_xc60,BE,2017,Belgium,MPV,0.01,0.3,Belgium,0.20000000000000004,Sweden,3,3,3,1,Belgium,True,2017,volvo_xc60,3.701191236539561,0.1088038078726684,ICE,0,0,15263.8,4092.0,240.0,23.0,0.9821469223782773,1.0135177417401777,1.0889583645033811,volvo,False,True,3,False,True,True,False
2018_volvo_xc60,SW,2018,China,MPV,0.01,0.3,Sweden,0.1,Germany,2,2,2,1,Sweden,True,2018,volvo_xc60,3.791735473933382,0.1052740007743977,ICE,0,0,15377.179999999998,4105.0,250.0,23.0,1.0305491834525053,0.9395051898480684,1.090866211405912,volvo,False,True,3,False,True,True,False
2019_volvo_xc60,CH,2019,China,MPV,0.01,0.5833333333333334,China,0.15,Sweden,3,3,3,1,China,True,2019,volvo_xc60,3.879462394328372,0.1075557703256304,ICE,0,0,15377.179999999998,4109.0,250.0,23.0,1.1093372260879582,1.1213429339408139,1.1122065556989225,volvo,False,True,3,False,True,True,False
2020_volvo_xc60,SE,2020,Sweden,MPV,0.01,0.25,Sweden,0.13333333333333333,Belgium,3,3,3,1,Sweden,True,2020,volvo_xc60,3.810249720417076,0.111904293425685,ICE,0,0,15377.179999999998,4159.0,250.0,23.0,1.0919363163281162,0.9713856336917915,1.1787105855307944,volvo,False,True,3,False,True,True,False
2021_volvo_xc60,SE,2021,Sweden,MPV,0.01,0.2333333333333333,Sweden,0.15,Belgium,3,3,3,1,Sweden,True,2021,volvo_xc60,3.834123956280874,0.108909134759651,ICE,0,0,15377.179999999998,4148.0,250.0,24.0,1.0168024371539435,0.9380866465504657,1.1329362836920225,volvo,False,True,3,False,True,True,False
2022_volvo_xc60,SE,2022,Sweden,MPV,0.014444444444444446,0.39444444444444443,Sweden,0.2,Poland,9,9,9,1,Sweden,True,2022,volvo_xc60,3.602849903890296,0.1127426439423853,ICE,0,0,15443.82,4143.0,247.0,24.0,1.1991039878819725,1.1825861077065924,1.2063253999739498,volvo,False,True,3,False,True,True,False
2023_volvo_xc60,SE,2023,Sweden,MPV,0.014444444444444446,0.39444444444444443,Sweden,0.2,Poland,9,9,9,1,Sweden,True,2023,volvo_xc60,3.413687879054897,0.1222356992464102,ICE,0,0,15443.82,4162.0,247.0,25.0,1.257897038019899,1.1151788478578062,1.1685816287687563,volvo,False,True,3,False,True,True,False
2024_volvo_xc60,SW,2024,Sweden,MPV,0.0,0.4,Sweden,,,1,1,1,1,Sweden,False,2024,volvo_xc60,3.4069003065838936,0.1243745637712545,ICE,0,0,15443.82,4162.0,247.0,25.0,1.2528554645223142,,1.22610340756905,volvo,False,True,3,False,True,True,False
2018_volvo_xc60hybrid,SW,2018,China,MPV,0.03,0.2,Sweden,0.1,Korea,1,1,1,1,Sweden,False,2018,volvo_xc60hybrid,4.850860950896863,0.0855059650576034,Hybrid,0,1,15377.179999999998,4638.0,400.0,26.0,1.0305491834525053,0.9727758973078001,1.090866211405912,volvo,False,True,2,False,True,True,False
2019_volvo_xc60hybrid,CH,2019,Sweden,MPV,0.05,0.3,China,0.15,Sweden,1,1,1,1,China,False,2019,volvo_xc60hybrid,5.110641332724556,0.0893664689164293,Hybrid,0,1,15377.179999999998,4691.0,400.0,26.0,1.1093372260879582,1.1213429339408139,1.1122065556989225,volvo,False,True,2,False,True,True,False
2020_volvo_xc60hybrid,SE,2020,Sweden,MPV,0.03,0.2,Sweden,0.15,China,2,2,2,1,Sweden,True,2020,volvo_xc60hybrid,5.045869128657859,0.0915080091813307,Hybrid,0,1,15377.179999999998,4723.0,400.0,27.0,1.0919363163281162,1.1081139816310028,1.1787105855307944,volvo,False,True,2,False,True,True,False
2021_volvo_xc60hybrid,SE,2021,Sweden,MPV,0.03,0.175,Sweden,0.15,China,2,2,2,1,Sweden,True,2021,volvo_xc60hybrid,4.723955207983411,0.0944420074922927,Hybrid,0,1,15377.179999999998,4698.0,400.0,27.0,1.0168024371539435,1.0355659429715673,1.1329362836920225,volvo,False,True,2,False,True,True,False
2022_volvo_xc60hybrid,SE,2022,Sweden,MPV,0.01,0.3,Sweden,0.20000000000000004,Poland,3,3,3,1,Sweden,True,2022,volvo_xc60hybrid,4.3931101966587764,0.1090995444467311,Hybrid,0,1,15443.82,4698.0,415.0,28.0,1.1991039878819725,1.1825861077065924,1.2063253999739498,volvo,False,True,2,False,True,True,False
2023_volvo_xc60hybrid,SE,2023,Sweden,MPV,0.01,0.3,Sweden,0.20000000000000004,Poland,3,3,3,1,Sweden,True,2023,volvo_xc60hybrid,4.2767445166196785,0.1052215249822434,Hybrid,0,1,15443.82,4677.0,455.0,28.0,1.257897038019899,1.1151788478578062,1.1685816287687563,volvo,False,True,2,False,True,True,False
2024_volvo_xc60hybrid,SW,2024,Sweden,MPV,0.0,0.3,Sweden,0.2,Finland,1,1,1,1,Sweden,False,2024,volvo_xc60hybrid,4.624878718032578,0.0977712353414739,Hybrid,0,1,15443.82,4677.0,455.0,28.0,1.2528554645223142,1.025067361218186,1.22610340756905,volvo,False,True,2,False,True,True,False
2016_volvo_xc90,SW,2016,Sweden,MPV,0.01,0.5,Sweden,,,1,1,1,1,Sweden,False,2016,volvo_xc90,4.706716386082373,0.0886625095164931,ICE,0,0,16425.855,4529.5,283.0,23.0,1.015074479355027,,1.0814600807837655,volvo,False,True,1,True,True,True,True
2017_volvo_xc90,SW,2017,Sweden,MPV,0.015,0.35,Sweden,0.1,Germany,2,2,2,1,Sweden,True,2017,volvo_xc90,4.530081916180973,0.0938283365961505,ICE,0,0,16430.07,4432.0,250.0,23.0,1.0135177417401777,0.9821469223782773,1.0889583645033811,volvo,False,True,1,True,True,True,True
2018_volvo_xc90,SW,2018,Sweden,MPV,0.01,0.3499999999999999,Sweden,0.10000000000000002,Germany,3,3,3,1,Sweden,True,2018,volvo_xc90,4.460391181468414,0.0929450620057587,ICE,0,0,16430.07,4466.0,250.0,24.0,1.0305491834525053,0.9395051898480684,1.090866211405912,volvo,False,True,1,True,True,True,True
2019_volvo_xc90,SW,2019,Sweden,MPV,0.01,0.3499999999999999,Sweden,0.10000000000000002,Germany,3,3,3,1,Sweden,True,2019,volvo_xc90,4.668509235998391,0.0944955675514702,ICE,0,0,16430.07,4771.0,250.0,23.0,1.1213429339408139,0.9911015224344233,1.1122065556989225,volvo,False,True,1,True,True,True,True
2020_volvo_xc90,SE,2020,Sweden,MPV,0.01,0.32499999999999996,Sweden,0.1,Germany,4,4,4,1,Sweden,True,2020,volvo_xc90,4.709481973209743,0.0945995020936098,ICE,0,0,16438.5,4545.0,316.0,21.0,1.0919363163281162,0.9713856336917915,1.1787105855307944,volvo,False,True,1,True,True,True,True
2021_volvo_xc90,SE,2021,Sweden,MPV,0.01,0.375,Sweden,0.10000000000000002,Germany,4,4,4,1,Sweden,True,2021,volvo_xc90,4.522854523634532,0.095856144462349,ICE,0,0,16438.5,4516.0,283.0,22.5,1.0168024371539435,0.9380866465504657,1.1329362836920225,volvo,False,True,1,True,True,True,True
2022_volvo_xc90,SE,2022,Sweden,MPV,0.01,0.5,Sweden,0.1,Belgium,6,6,6,1,Sweden,True,2022,volvo_xc90,4.256721287264956,0.0982606185555374,ICE,0,0,16419.0,4516.0,316.0,22.0,1.1991039878819725,1.0536197956263276,1.2063253999739498,volvo,False,True,1,True,True,True,True
2023_volvo_xc90,SE,2023,Sweden,MPV,0.01,0.5,Sweden,0.1,Belgium,6,6,6,1,Sweden,True,2023,volvo_xc90,4.25502536770349,0.1017257113087575,ICE,0,0,16438.5,4654.0,295.0,22.0,1.257897038019899,1.0261214117788637,1.1685816287687563,volvo,False,True,1,True,True,True,True
2024_volvo_xc90,SW,2024,Sweden,MPV,0.0,0.475,Sweden,,,2,2,2,1,Sweden,True,2024,volvo_xc90,4.249200339053997,0.1044007186579617,ICE,0,0,16438.5,4654.0,295.0,23.0,1.2528554645223142,,1.22610340756905,volvo,False,True,1,True,True,True,True
2016_volvo_xc90hybrid,SW,2016,Sweden,MPV,0.01,0.5,Sweden,,,1,1,1,1,Sweden,False,2016,volvo_xc90hybrid,6.387649850255871,0.0759276887936321,Hybrid,0,1,16430.07,5059.0,400.0,25.0,1.015074479355027,,1.0814600807837655,volvo,False,True,1,True,True,True,True
2018_volvo_xc90hybrid,SW,2018,Sweden,MPV,0.03,0.275,Sweden,0.1,Korea,2,2,2,1,Sweden,True,2018,volvo_xc90hybrid,6.028766712848826,0.0736127373170694,Hybrid,0,1,16430.07,5105.0,400.0,27.0,1.0305491834525053,0.9727758973078001,1.090866211405912,volvo,False,True,1,True,True,True,True
2020_volvo_xc90hybrid,SE,2020,Sweden,MPV,0.03,0.3,Sweden,0.1,Germany,2,2,2,1,Sweden,True,2020,volvo_xc90hybrid,6.12838109447838,0.0794926106802917,Hybrid,0,1,16438.5,4993.0,400.0,27.0,1.0919363163281162,0.9713856336917915,1.1787105855307944,volvo,False,True,1,True,True,True,True
2021_volvo_xc90hybrid,SE,2021,Sweden,MPV,0.03,0.3,Sweden,0.1,Germany,2,2,2,1,Sweden,True,2021,volvo_xc90hybrid,5.088825924153473,0.0900909360795694,Hybrid,0,1,16438.5,5099.0,400.0,27.0,1.0168024371539435,0.9380866465504657,1.1329362836920225,volvo,False,True,1,True,True,True,True
2022_volvo_xc90hybrid,SE,2022,Sweden,MPV,0.01,0.35,Sweden,0.2,Poland,5,5,5,1,Sweden,True,2022,volvo_xc90hybrid,4.826614528328445,0.1009093862457178,Hybrid,0,1,16419.0,5099.0,400.0,27.0,1.1991039878819725,1.1825861077065924,1.2063253999739498,volvo,False,True,1,True,True,True,True
2023_volvo_xc90hybrid,SE,2023,Sweden,MPV,0.01,0.35,Sweden,0.2,Poland,5,5,5,1,Sweden,True,2023,volvo_xc90hybrid,5.204287271501701,0.0909085883981595,Hybrid,0,1,16438.5,5103.0,455.0,27.0,1.257897038019899,1.1151788478578062,1.1685816287687563,volvo,False,True,1,True,True,True,True
2024_volvo_xc90hybrid,SW,2024,Sweden,MPV,0.0,0.35,Sweden,0.2,Finland,1,1,1,1,Sweden,False,2024,volvo_xc90hybrid,5.088415697389036,0.0910697687061649,Hybrid,0,1,16438.5,5103.0,455.0,27.0,1.2528554645223142,1.025067361218186,1.22610340756905,volvo,False,True,1,True,True,True,True
